Docklight Log File (HEX) - Started 2026/8/12 13:41:32.562 
 TEST CASE: SGP017

 --- Set POS COM PORT Settings
 Set POS COM PORT...
 POS operating on COM90 @ 115200 baud...
 Set POS COM PORT - COMPLETE

 

--- 04-00 -- Set Date & Time = 99-12-31_23:59

2026/8/12 13:41:33.816 [TX] - 56 69 56 4F 74 65 63 68 32 00 04 00 00 13 DF EF 43 04 00 00 00 00 9A 03 99 12 31 9F 21 03 23 59 00 20 E2 
2026/8/12 13:41:33.881 [RX] - 56 69 56 4F 74 65 63 68 32 00 04 00 00 00 AE 16 00 00 00 00 00 00 00 00 00 00 00 00 00 00 00 00 00 00 00 00 00 00 00 00 00 00 00 00 00 00 00 00 00 00 00 00 00 00 00 00 00 00 00 00 00 00 00  

--- 03 02 _Get Configuration

2026/8/12 13:41:34.099 [TX] - 56 69 56 4F 74 65 63 68 32 00 03 02 00 00 5B 91 
2026/8/12 13:41:34.117 [RX] - 56 69 56 4F 74 65 63 68 32 00 03 00 01 57 DF EE 2D 01 00 DF EF 43 04 00 00 00 00 9A 03 99 12 31  Date 9F 21 03 23 59 00  Time  1999-12-31 23:59 9C 01 00 5F 2A 02 08 40 5F 36 01 02 9F 02 06 00 00 00 00 00 01 9F 03 06 00 00 00 00 00 00 DF EF 59 06 00 00 00 00 04 44 9F 09 02 00 02 9F 15 02 00 00 9F 1A 02 08 40 9F 40 05 60 00 00 30 00 9F 53 01 00 9F 66 04 30 00 40 00 9F 6D 02 00 01 9F 7C 14 00 00 00 00 00 00 00 00 00 00 00 00 00 00 00 00 00 00 00 00 DF EE 28 03 00 08 E8 DF EE 29 03 00 68 E8 DF EE 34 06 00 00 00 01 00 00 DF EE 35 03 00 06 01 DF EE 36 06 00 00 00 00 80 00 DF EE 37 01 03 DF EE 38 01 00 DF 81 22 05 F8 50 AC F8 00 DF 81 20 05 F8 50 AC A0 00 DF 81 21 05 00 00 00 00 00 DF EE 44 02 FD FF DF EC 1B 04 FF FF FF FF DF ED 4A 02 00 06 DF ED 5A 08 00 00 80 00 00 00 00 00 DF EE 5C 04 01 50 00 00 DF EE 6B 08 00 00 00 00 00 00 00 00 DF EE 70 01 00 DF EE 71 02 00 00 DF EE 72 02 00 00 DF EE 73 02 00 00 DF EE 74 01 00 DF ED 18 01 01 DF EE 7E 01 00 DF EE 1C 01 03 DF EF 29 02 00 00 9F 4E 1E 00 00 00 00 00 00 00 00 00 00 00 00 00 00 00 00 00 00 00 00 00 00 00 00 00 00 00 00 00 00 DF EE 7D 01 02 89 99 00 00 00 00 00 00 00 00 00 00 00 00 00 00 00 00 00 00 00  

--- 04-00 Set Time zone = + 01 00 00

2026/8/12 13:41:34.352 [TX] - 56 69 56 4F 74 65 63 68 32 00 04 00 00 08 DF EF 43 04 2B 01 00 00 E3 E9 
2026/8/12 13:41:34.414 [RX] - 56 69 56 4F 74 65 63 68 32 00 04 00 00 00 AE 16 00 00 00 00 00 00 00 00 00 00 00 00 00 00 00 00 00 00 00 00 00 00 00 00 00 00 00 00 00 00 00 00 00 00 00 00 00 00 00 00 00 00 00 00 00 00 00  

--- 03 02 _Get Configuration

2026/8/12 13:41:34.573 [TX] - 56 69 56 4F 74 65 63 68 32 00 03 02 00 00 5B 91 
2026/8/12 13:41:34.592 [RX] - 56 69 56 4F 74 65 63 68 32 00 03 00 01 57 DF EE 2D 01 00 DF EF 43 04 2B 01 00 00 9A 03 00 01 01  Date 9F 21 03 00 59 00  Time  2000-01-01 00:59 pass 9C 01 00 5F 2A 02 08 40 5F 36 01 02 9F 02 06 00 00 00 00 00 01 9F 03 06 00 00 00 00 00 00 DF EF 59 06 00 00 00 00 04 44 9F 09 02 00 02 9F 15 02 00 00 9F 1A 02 08 40 9F 40 05 60 00 00 30 00 9F 53 01 00 9F 66 04 30 00 40 00 9F 6D 02 00 01 9F 7C 14 00 00 00 00 00 00 00 00 00 00 00 00 00 00 00 00 00 00 00 00 DF EE 28 03 00 08 E8 DF EE 29 03 00 68 E8 DF EE 34 06 00 00 00 01 00 00 DF EE 35 03 00 06 01 DF EE 36 06 00 00 00 00 80 00 DF EE 37 01 03 DF EE 38 01 00 DF 81 22 05 F8 50 AC F8 00 DF 81 20 05 F8 50 AC A0 00 DF 81 21 05 00 00 00 00 00 DF EE 44 02 FD FF DF EC 1B 04 FF FF FF FF DF ED 4A 02 00 06 DF ED 5A 08 00 00 80 00 00 00 00 00 DF EE 5C 04 01 50 00 00 DF EE 6B 08 00 00 00 00 00 00 00 00 DF EE 70 01 00 DF EE 71 02 00 00 DF EE 72 02 00 00 DF EE 73 02 00 00 DF EE 74 01 00 DF ED 18 01 01 DF EE 7E 01 00 DF EE 1C 01 03 DF EF 29 02 00 00 9F 4E 1E 00 00 00 00 00 00 00 00 00 00 00 00 00 00 00 00 00 00 00 00 00 00 00 00 00 00 00 00 00 00 DF EE 7D 01 02 74 9A 00 00 00 00 00 00 00 00 00 00 00 00 00 00 00 00 00 00 00  

///////////////////////////////////////////////////////////////////
 

--- 04-00 -- Set Date & Time = 99-12-31_23:00

2026/8/12 13:41:34.830 [TX] - 56 69 56 4F 74 65 63 68 32 00 04 00 00 13 DF EF 43 04 00 00 00 00 9A 03 99 12 31 9F 21 03 23 00 00 07 56 
2026/8/12 13:41:34.898 [RX] - 56 69 56 4F 74 65 63 68 32 00 04 00 00 00 AE 16 00 00 00 00 00 00 00 00 00 00 00 00 00 00 00 00 00 00 00 00 00 00 00 00 00 00 00 00 00 00 00 00 00 00 00 00 00 00 00 00 00 00 00 00 00 00 00  

--- 03 02 _Get Configuration

2026/8/12 13:41:35.056 [TX] - 56 69 56 4F 74 65 63 68 32 00 03 02 00 00 5B 91 
2026/8/12 13:41:35.074 [RX] - 56 69 56 4F 74 65 63 68 32 00 03 00 01 57 DF EE 2D 01 00 DF EF 43 04 00 00 00 00 9A 03 99 12 31  Date 9F 21 03 23 00 00  Time  1999-12-31 23:00 9C 01 00 5F 2A 02 08 40 5F 36 01 02 9F 02 06 00 00 00 00 00 01 9F 03 06 00 00 00 00 00 00 DF EF 59 06 00 00 00 00 04 44 9F 09 02 00 02 9F 15 02 00 00 9F 1A 02 08 40 9F 40 05 60 00 00 30 00 9F 53 01 00 9F 66 04 30 00 40 00 9F 6D 02 00 01 9F 7C 14 00 00 00 00 00 00 00 00 00 00 00 00 00 00 00 00 00 00 00 00 DF EE 28 03 00 08 E8 DF EE 29 03 00 68 E8 DF EE 34 06 00 00 00 01 00 00 DF EE 35 03 00 06 01 DF EE 36 06 00 00 00 00 80 00 DF EE 37 01 03 DF EE 38 01 00 DF 81 22 05 F8 50 AC F8 00 DF 81 20 05 F8 50 AC A0 00 DF 81 21 05 00 00 00 00 00 DF EE 44 02 FD FF DF EC 1B 04 FF FF FF FF DF ED 4A 02 00 06 DF ED 5A 08 00 00 80 00 00 00 00 00 DF EE 5C 04 01 50 00 00 DF EE 6B 08 00 00 00 00 00 00 00 00 DF EE 70 01 00 DF EE 71 02 00 00 DF EE 72 02 00 00 DF EE 73 02 00 00 DF EE 74 01 00 DF ED 18 01 01 DF EE 7E 01 00 DF EE 1C 01 03 DF EF 29 02 00 00 9F 4E 1E 00 00 00 00 00 00 00 00 00 00 00 00 00 00 00 00 00 00 00 00 00 00 00 00 00 00 00 00 00 00 DF EE 7D 01 02 C4 06 00 00 00 00 00 00 00 00 00 00 00 00 00 00 00 00 00 00 00  

--- 04-00 Set Time zone = + 02 00 00

2026/8/12 13:41:35.306 [TX] - 56 69 56 4F 74 65 63 68 32 00 04 00 00 08 DF EF 43 04 2B 02 00 00 B3 B0 
2026/8/12 13:41:35.366 [RX] - 56 69 56 4F 74 65 63 68 32 00 04 00 00 00 AE 16 00 00 00 00 00 00 00 00 00 00 00 00 00 00 00 00 00 00 00 00 00 00 00 00 00 00 00 00 00 00 00 00 00 00 00 00 00 00 00 00 00 00 00 00 00 00 00  

--- 03 02 _Get Configuration

2026/8/12 13:41:35.524 [TX] - 56 69 56 4F 74 65 63 68 32 00 03 02 00 00 5B 91 
2026/8/12 13:41:35.542 [RX] - 56 69 56 4F 74 65 63 68 32 00 03 00 01 57 DF EE 2D 01 00 DF EF 43 04 2B 02 00 00 9A 03 00 01 01  Date 9F 21 03 01 00 00  Time  2000-01-01 01:00 9C 01 00 5F 2A 02 08 40 5F 36 01 02 9F 02 06 00 00 00 00 00 01 9F 03 06 00 00 00 00 00 00 DF EF 59 06 00 00 00 00 04 44 9F 09 02 00 02 9F 15 02 00 00 9F 1A 02 08 40 9F 40 05 60 00 00 30 00 9F 53 01 00 9F 66 04 30 00 40 00 9F 6D 02 00 01 9F 7C 14 00 00 00 00 00 00 00 00 00 00 00 00 00 00 00 00 00 00 00 00 DF EE 28 03 00 08 E8 DF EE 29 03 00 68 E8 DF EE 34 06 00 00 00 01 00 00 DF EE 35 03 00 06 01 DF EE 36 06 00 00 00 00 80 00 DF EE 37 01 03 DF EE 38 01 00 DF 81 22 05 F8 50 AC F8 00 DF 81 20 05 F8 50 AC A0 00 DF 81 21 05 00 00 00 00 00 DF EE 44 02 FD FF DF EC 1B 04 FF FF FF FF DF ED 4A 02 00 06 DF ED 5A 08 00 00 80 00 00 00 00 00 DF EE 5C 04 01 50 00 00 DF EE 6B 08 00 00 00 00 00 00 00 00 DF EE 70 01 00 DF EE 71 02 00 00 DF EE 72 02 00 00 DF EE 73 02 00 00 DF EE 74 01 00 DF ED 18 01 01 DF EE 7E 01 00 DF EE 1C 01 03 DF EF 29 02 00 00 9F 4E 1E 00 00 00 00 00 00 00 00 00 00 00 00 00 00 00 00 00 00 00 00 00 00 00 00 00 00 00 00 00 00 DF EE 7D 01 02 44 58 00 00 00 00 00 00 00 00 00 00 00 00 00 00 00 00 00 00 00  

///////////////////////////////////////////////////////////////////
 

--- 04-00 -- Set Date & Time = 99-12-31_22:00

2026/8/12 13:41:35.780 [TX] - 56 69 56 4F 74 65 63 68 32 00 04 00 00 13 DF EF 43 04 00 00 00 00 9A 03 99 12 31 9F 21 03 22 00 00 37 61 
2026/8/12 13:41:35.846 [RX] - 56 69 56 4F 74 65 63 68 32 00 04 00 00 00 AE 16 00 00 00 00 00 00 00 00 00 00 00 00 00 00 00 00 00 00 00 00 00 00 00 00 00 00 00 00 00 00 00 00 00 00 00 00 00 00 00 00 00 00 00 00 00 00 00  

--- 03 02 _Get Configuration

2026/8/12 13:41:36.010 [TX] - 56 69 56 4F 74 65 63 68 32 00 03 02 00 00 5B 91 
2026/8/12 13:41:36.028 [RX] - 56 69 56 4F 74 65 63 68 32 00 03 00 01 57 DF EE 2D 01 00 DF EF 43 04 00 00 00 00 9A 03 99 12 31  Date 9F 21 03 22 00 00  Time  1999-12-31 22:00 9C 01 00 5F 2A 02 08 40 5F 36 01 02 9F 02 06 00 00 00 00 00 01 9F 03 06 00 00 00 00 00 00 DF EF 59 06 00 00 00 00 04 44 9F 09 02 00 02 9F 15 02 00 00 9F 1A 02 08 40 9F 40 05 60 00 00 30 00 9F 53 01 00 9F 66 04 30 00 40 00 9F 6D 02 00 01 9F 7C 14 00 00 00 00 00 00 00 00 00 00 00 00 00 00 00 00 00 00 00 00 DF EE 28 03 00 08 E8 DF EE 29 03 00 68 E8 DF EE 34 06 00 00 00 01 00 00 DF EE 35 03 00 06 01 DF EE 36 06 00 00 00 00 80 00 DF EE 37 01 03 DF EE 38 01 00 DF 81 22 05 F8 50 AC F8 00 DF 81 20 05 F8 50 AC A0 00 DF 81 21 05 00 00 00 00 00 DF EE 44 02 FD FF DF EC 1B 04 FF FF FF FF DF ED 4A 02 00 06 DF ED 5A 08 00 00 80 00 00 00 00 00 DF EE 5C 04 01 50 00 00 DF EE 6B 08 00 00 00 00 00 00 00 00 DF EE 70 01 00 DF EE 71 02 00 00 DF EE 72 02 00 00 DF EE 73 02 00 00 DF EE 74 01 00 DF ED 18 01 01 DF EE 7E 01 00 DF EE 1C 01 03 DF EF 29 02 00 00 9F 4E 1E 00 00 00 00 00 00 00 00 00 00 00 00 00 00 00 00 00 00 00 00 00 00 00 00 00 00 00 00 00 00 DF EE 7D 01 02 7F E5 00 00 00 00 00 00 00 00 00 00 00 00 00 00 00 00 00 00 00  

--- 04-00 Set Time zone = + 03 00 00

2026/8/12 13:41:36.261 [TX] - 56 69 56 4F 74 65 63 68 32 00 04 00 00 08 DF EF 43 04 2B 03 00 00 83 87 
2026/8/12 13:41:36.413 [RX] - 56 69 56 4F 74 65 63 68 32 00 04 00 00 00 AE 16 00 00 00 00 00 00 00 00 00 00 00 00 00 00 00 00 00 00 00 00 00 00 00 00 00 00 00 00 00 00 00 00 00 00 00 00 00 00 00 00 00 00 00 00 00 00 00  

--- 03 02 _Get Configuration

2026/8/12 13:41:36.479 [TX] - 56 69 56 4F 74 65 63 68 32 00 03 02 00 00 5B 91 
2026/8/12 13:41:36.497 [RX] - 56 69 56 4F 74 65 63 68 32 00 03 00 01 57 DF EE 2D 01 00 DF EF 43 04 2B 03 00 00 9A 03 00 01 01  Date 9F 21 03 01 00 00  Time  2000-01-01 01:00 9C 01 00 5F 2A 02 08 40 5F 36 01 02 9F 02 06 00 00 00 00 00 01 9F 03 06 00 00 00 00 00 00 DF EF 59 06 00 00 00 00 04 44 9F 09 02 00 02 9F 15 02 00 00 9F 1A 02 08 40 9F 40 05 60 00 00 30 00 9F 53 01 00 9F 66 04 30 00 40 00 9F 6D 02 00 01 9F 7C 14 00 00 00 00 00 00 00 00 00 00 00 00 00 00 00 00 00 00 00 00 DF EE 28 03 00 08 E8 DF EE 29 03 00 68 E8 DF EE 34 06 00 00 00 01 00 00 DF EE 35 03 00 06 01 DF EE 36 06 00 00 00 00 80 00 DF EE 37 01 03 DF EE 38 01 00 DF 81 22 05 F8 50 AC F8 00 DF 81 20 05 F8 50 AC A0 00 DF 81 21 05 00 00 00 00 00 DF EE 44 02 FD FF DF EC 1B 04 FF FF FF FF DF ED 4A 02 00 06 DF ED 5A 08 00 00 80 00 00 00 00 00 DF EE 5C 04 01 50 00 00 DF EE 6B 08 00 00 00 00 00 00 00 00 DF EE 70 01 00 DF EE 71 02 00 00 DF EE 72 02 00 00 DF EE 73 02 00 00 DF EE 74 01 00 DF ED 18 01 01 DF EE 7E 01 00 DF EE 1C 01 03 DF EF 29 02 00 00 9F 4E 1E 00 00 00 00 00 00 00 00 00 00 00 00 00 00 00 00 00 00 00 00 00 00 00 00 00 00 00 00 00 00 DF EE 7D 01 02 F6 2D 00 00 00 00 00 00 00 00 00 00 00 00 00 00 00 00 00 00 00  

///////////////////////////////////////////////////////////////////
 

--- 04-00 -- Set Date & Time = 99-12-31_21:00

2026/8/12 13:41:36.701 [TX] - 56 69 56 4F 74 65 63 68 32 00 04 00 00 13 DF EF 43 04 00 00 00 00 9A 03 99 12 31 9F 21 03 21 00 00 67 38 
2026/8/12 13:41:36.767 [RX] - 56 69 56 4F 74 65 63 68 32 00 04 00 00 00 AE 16 00 00 00 00 00 00 00 00 00 00 00 00 00 00 00 00 00 00 00 00 00 00 00 00 00 00 00 00 00 00 00 00 00 00 00 00 00 00 00 00 00 00 00 00 00 00 00  

--- 03 02 _Get Configuration

2026/8/12 13:41:36.931 [TX] - 56 69 56 4F 74 65 63 68 32 00 03 02 00 00 5B 91 
2026/8/12 13:41:36.949 [RX] - 56 69 56 4F 74 65 63 68 32 00 03 00 01 57 DF EE 2D 01 00 DF EF 43 04 00 00 00 00 9A 03 99 12 31  Date 9F 21 03 21 00 01  Time  1999-12-31 21:00 9C 01 00 5F 2A 02 08 40 5F 36 01 02 9F 02 06 00 00 00 00 00 01 9F 03 06 00 00 00 00 00 00 DF EF 59 06 00 00 00 00 04 44 9F 09 02 00 02 9F 15 02 00 00 9F 1A 02 08 40 9F 40 05 60 00 00 30 00 9F 53 01 00 9F 66 04 30 00 40 00 9F 6D 02 00 01 9F 7C 14 00 00 00 00 00 00 00 00 00 00 00 00 00 00 00 00 00 00 00 00 DF EE 28 03 00 08 E8 DF EE 29 03 00 68 E8 DF EE 34 06 00 00 00 01 00 00 DF EE 35 03 00 06 01 DF EE 36 06 00 00 00 00 80 00 DF EE 37 01 03 DF EE 38 01 00 DF 81 22 05 F8 50 AC F8 00 DF 81 20 05 F8 50 AC A0 00 DF 81 21 05 00 00 00 00 00 DF EE 44 02 FD FF DF EC 1B 04 FF FF FF FF DF ED 4A 02 00 06 DF ED 5A 08 00 00 80 00 00 00 00 00 DF EE 5C 04 01 50 00 00 DF EE 6B 08 00 00 00 00 00 00 00 00 DF EE 70 01 00 DF EE 71 02 00 00 DF EE 72 02 00 00 DF EE 73 02 00 00 DF EE 74 01 00 DF ED 18 01 01 DF EE 7E 01 00 DF EE 1C 01 03 DF EF 29 02 00 00 9F 4E 1E 00 00 00 00 00 00 00 00 00 00 00 00 00 00 00 00 00 00 00 00 00 00 00 00 00 00 00 00 00 00 DF EE 7D 01 02 57 C5 00 00 00 00 00 00 00 00 00 00 00 00 00 00 00 00 00 00 00  

--- 04-00 Set Time zone = + 04 00 00

2026/8/12 13:41:37.182 [TX] - 56 69 56 4F 74 65 63 68 32 00 04 00 00 08 DF EF 43 04 2B 04 00 00 13 02 
2026/8/12 13:41:37.243 [RX] - 56 69 56 4F 74 65 63 68 32 00 04 00 00 00 AE 16 00 00 00 00 00 00 00 00 00 00 00 00 00 00 00 00 00 00 00 00 00 00 00 00 00 00 00 00 00 00 00 00 00 00 00 00 00 00 00 00 00 00 00 00 00 00 00  

--- 03 02 _Get Configuration

2026/8/12 13:41:37.399 [TX] - 56 69 56 4F 74 65 63 68 32 00 03 02 00 00 5B 91 
2026/8/12 13:41:37.417 [RX] - 56 69 56 4F 74 65 63 68 32 00 03 00 01 57 DF EE 2D 01 00 DF EF 43 04 2B 04 00 00 9A 03 00 01 01  Date 9F 21 03 01 00 01  Time  2000-01-01 01:00 9C 01 00 5F 2A 02 08 40 5F 36 01 02 9F 02 06 00 00 00 00 00 01 9F 03 06 00 00 00 00 00 00 DF EF 59 06 00 00 00 00 04 44 9F 09 02 00 02 9F 15 02 00 00 9F 1A 02 08 40 9F 40 05 60 00 00 30 00 9F 53 01 00 9F 66 04 30 00 40 00 9F 6D 02 00 01 9F 7C 14 00 00 00 00 00 00 00 00 00 00 00 00 00 00 00 00 00 00 00 00 DF EE 28 03 00 08 E8 DF EE 29 03 00 68 E8 DF EE 34 06 00 00 00 01 00 00 DF EE 35 03 00 06 01 DF EE 36 06 00 00 00 00 80 00 DF EE 37 01 03 DF EE 38 01 00 DF 81 22 05 F8 50 AC F8 00 DF 81 20 05 F8 50 AC A0 00 DF 81 21 05 00 00 00 00 00 DF EE 44 02 FD FF DF EC 1B 04 FF FF FF FF DF ED 4A 02 00 06 DF ED 5A 08 00 00 80 00 00 00 00 00 DF EE 5C 04 01 50 00 00 DF EE 6B 08 00 00 00 00 00 00 00 00 DF EE 70 01 00 DF EE 71 02 00 00 DF EE 72 02 00 00 DF EE 73 02 00 00 DF EE 74 01 00 DF ED 18 01 01 DF EE 7E 01 00 DF EE 1C 01 03 DF EF 29 02 00 00 9F 4E 1E 00 00 00 00 00 00 00 00 00 00 00 00 00 00 00 00 00 00 00 00 00 00 00 00 00 00 00 00 00 00 DF EE 7D 01 02 2D 21 00 00 00 00 00 00 00 00 00 00 00 00 00 00 00 00 00 00 00  

///////////////////////////////////////////////////////////////////
 

--- 04-00 -- Set Date & Time = 99-12-31_20:00

2026/8/12 13:41:37.622 [TX] - 56 69 56 4F 74 65 63 68 32 00 04 00 00 13 DF EF 43 04 00 00 00 00 9A 03 99 12 31 9F 21 03 20 00 00 57 0F 
2026/8/12 13:41:37.690 [RX] - 56 69 56 4F 74 65 63 68 32 00 04 00 00 00 AE 16 00 00 00 00 00 00 00 00 00 00 00 00 00 00 00 00 00 00 00 00 00 00 00 00 00 00 00 00 00 00 00 00 00 00 00 00 00 00 00 00 00 00 00 00 00 00 00  

--- 03 02 _Get Configuration

2026/8/12 13:41:37.854 [TX] - 56 69 56 4F 74 65 63 68 32 00 03 02 00 00 5B 91 
2026/8/12 13:41:37.873 [RX] - 56 69 56 4F 74 65 63 68 32 00 03 00 01 57 DF EE 2D 01 00 DF EF 43 04 00 00 00 00 9A 03 99 12 31  Date 9F 21 03 20 00 00  Time  1999-12-31 20:00 9C 01 00 5F 2A 02 08 40 5F 36 01 02 9F 02 06 00 00 00 00 00 01 9F 03 06 00 00 00 00 00 00 DF EF 59 06 00 00 00 00 04 44 9F 09 02 00 02 9F 15 02 00 00 9F 1A 02 08 40 9F 40 05 60 00 00 30 00 9F 53 01 00 9F 66 04 30 00 40 00 9F 6D 02 00 01 9F 7C 14 00 00 00 00 00 00 00 00 00 00 00 00 00 00 00 00 00 00 00 00 DF EE 28 03 00 08 E8 DF EE 29 03 00 68 E8 DF EE 34 06 00 00 00 01 00 00 DF EE 35 03 00 06 01 DF EE 36 06 00 00 00 00 80 00 DF EE 37 01 03 DF EE 38 01 00 DF 81 22 05 F8 50 AC F8 00 DF 81 20 05 F8 50 AC A0 00 DF 81 21 05 00 00 00 00 00 DF EE 44 02 FD FF DF EC 1B 04 FF FF FF FF DF ED 4A 02 00 06 DF ED 5A 08 00 00 80 00 00 00 00 00 DF EE 5C 04 01 50 00 00 DF EE 6B 08 00 00 00 00 00 00 00 00 DF EE 70 01 00 DF EE 71 02 00 00 DF EE 72 02 00 00 DF EE 73 02 00 00 DF EE 74 01 00 DF ED 18 01 01 DF EE 7E 01 00 DF EE 1C 01 03 DF EF 29 02 00 00 9F 4E 1E 00 00 00 00 00 00 00 00 00 00 00 00 00 00 00 00 00 00 00 00 00 00 00 00 00 00 00 00 00 00 DF EE 7D 01 02 18 02 00 00 00 00 00 00 00 00 00 00 00 00 00 00 00 00 00 00 00  

--- 04-00 Set Time zone = + 05 00 00

2026/8/12 13:41:38.103 [TX] - 56 69 56 4F 74 65 63 68 32 00 04 00 00 08 DF EF 43 04 2B 05 00 00 23 35 
2026/8/12 13:41:38.163 [RX] - 56 69 56 4F 74 65 63 68 32 00 04 00 00 00 AE 16 00 00 00 00 00 00 00 00 00 00 00 00 00 00 00 00 00 00 00 00 00 00 00 00 00 00 00 00 00 00 00 00 00 00 00 00 00 00 00 00 00 00 00 00 00 00 00  

--- 03 02 _Get Configuration

2026/8/12 13:41:38.323 [TX] - 56 69 56 4F 74 65 63 68 32 00 03 02 00 00 5B 91 
2026/8/12 13:41:38.342 [RX] - 56 69 56 4F 74 65 63 68 32 00 03 00 01 57 DF EE 2D 01 00 DF EF 43 04 2B 05 00 00 9A 03 00 01 01  Date 9F 21 03 01 00 01  Time  2000-01-01 01:00 9C 01 00 5F 2A 02 08 40 5F 36 01 02 9F 02 06 00 00 00 00 00 01 9F 03 06 00 00 00 00 00 00 DF EF 59 06 00 00 00 00 04 44 9F 09 02 00 02 9F 15 02 00 00 9F 1A 02 08 40 9F 40 05 60 00 00 30 00 9F 53 01 00 9F 66 04 30 00 40 00 9F 6D 02 00 01 9F 7C 14 00 00 00 00 00 00 00 00 00 00 00 00 00 00 00 00 00 00 00 00 DF EE 28 03 00 08 E8 DF EE 29 03 00 68 E8 DF EE 34 06 00 00 00 01 00 00 DF EE 35 03 00 06 01 DF EE 36 06 00 00 00 00 80 00 DF EE 37 01 03 DF EE 38 01 00 DF 81 22 05 F8 50 AC F8 00 DF 81 20 05 F8 50 AC A0 00 DF 81 21 05 00 00 00 00 00 DF EE 44 02 FD FF DF EC 1B 04 FF FF FF FF DF ED 4A 02 00 06 DF ED 5A 08 00 00 80 00 00 00 00 00 DF EE 5C 04 01 50 00 00 DF EE 6B 08 00 00 00 00 00 00 00 00 DF EE 70 01 00 DF EE 71 02 00 00 DF EE 72 02 00 00 DF EE 73 02 00 00 DF EE 74 01 00 DF ED 18 01 01 DF EE 7E 01 00 DF EE 1C 01 03 DF EF 29 02 00 00 9F 4E 1E 00 00 00 00 00 00 00 00 00 00 00 00 00 00 00 00 00 00 00 00 00 00 00 00 00 00 00 00 00 00 DF EE 7D 01 02 9F 54 00 00 00 00 00 00 00 00 00 00 00 00 00 00 00 00 00 00 00  

///////////////////////////////////////////////////////////////////
 

--- 04-00 -- Set Date & Time = 99-12-31_19:00

2026/8/12 13:41:38.549 [TX] - 56 69 56 4F 74 65 63 68 32 00 04 00 00 13 DF EF 43 04 00 00 00 00 9A 03 99 12 31 9F 21 03 19 00 00 63 54 
2026/8/12 13:41:38.639 [RX] - 56 69 56 4F 74 65 63 68 32 00 04 00 00 00 AE 16 00 00 00 00 00 00 00 00 00 00 00 00 00 00 00 00 00 00 00 00 00 00 00 00 00 00 00 00 00 00 00 00 00 00 00 00 00 00 00 00 00 00 00 00 00 00 00  

--- 03 02 _Get Configuration

2026/8/12 13:41:38.776 [TX] - 56 69 56 4F 74 65 63 68 32 00 03 02 00 00 5B 91 
2026/8/12 13:41:38.794 [RX] - 56 69 56 4F 74 65 63 68 32 00 03 00 01 57 DF EE 2D 01 00 DF EF 43 04 00 00 00 00 9A 03 99 12 31  Date 9F 21 03 19 00 00  Time  1999-12-31 19:00 9C 01 00 5F 2A 02 08 40 5F 36 01 02 9F 02 06 00 00 00 00 00 01 9F 03 06 00 00 00 00 00 00 DF EF 59 06 00 00 00 00 04 44 9F 09 02 00 02 9F 15 02 00 00 9F 1A 02 08 40 9F 40 05 60 00 00 30 00 9F 53 01 00 9F 66 04 30 00 40 00 9F 6D 02 00 01 9F 7C 14 00 00 00 00 00 00 00 00 00 00 00 00 00 00 00 00 00 00 00 00 DF EE 28 03 00 08 E8 DF EE 29 03 00 68 E8 DF EE 34 06 00 00 00 01 00 00 DF EE 35 03 00 06 01 DF EE 36 06 00 00 00 00 80 00 DF EE 37 01 03 DF EE 38 01 00 DF 81 22 05 F8 50 AC F8 00 DF 81 20 05 F8 50 AC A0 00 DF 81 21 05 00 00 00 00 00 DF EE 44 02 FD FF DF EC 1B 04 FF FF FF FF DF ED 4A 02 00 06 DF ED 5A 08 00 00 80 00 00 00 00 00 DF EE 5C 04 01 50 00 00 DF EE 6B 08 00 00 00 00 00 00 00 00 DF EE 70 01 00 DF EE 71 02 00 00 DF EE 72 02 00 00 DF EE 73 02 00 00 DF EE 74 01 00 DF ED 18 01 01 DF EE 7E 01 00 DF EE 1C 01 03 DF EF 29 02 00 00 9F 4E 1E 00 00 00 00 00 00 00 00 00 00 00 00 00 00 00 00 00 00 00 00 00 00 00 00 00 00 00 00 00 00 DF EE 7D 01 02 3D B1 00 00 00 00 00 00 00 00 00 00 00 00 00 00 00 00 00 00 00  

--- 04-00 Set Time zone = + 06 00 00

2026/8/12 13:41:39.024 [TX] - 56 69 56 4F 74 65 63 68 32 00 04 00 00 08 DF EF 43 04 2B 06 00 00 73 6C 
2026/8/12 13:41:39.175 [RX] - 56 69 56 4F 74 65 63 68 32 00 04 00 00 00 AE 16 00 00 00 00 00 00 00 00 00 00 00 00 00 00 00 00 00 00 00 00 00 00 00 00 00 00 00 00 00 00 00 00 00 00 00 00 00 00 00 00 00 00 00 00 00 00 00  

--- 03 02 _Get Configuration

2026/8/12 13:41:39.369 [TX] - 56 69 56 4F 74 65 63 68 32 00 03 02 00 00 5B 91 
2026/8/12 13:41:39.386 [RX] - 56 69 56 4F 74 65 63 68 32 00 03 00 01 57 DF EE 2D 01 00 DF EF 43 04 2B 06 00 00 9A 03 00 01 01  Date 9F 21 03 01 00 01  Time  2000-01-01 01:00 9C 01 00 5F 2A 02 08 40 5F 36 01 02 9F 02 06 00 00 00 00 00 01 9F 03 06 00 00 00 00 00 00 DF EF 59 06 00 00 00 00 04 44 9F 09 02 00 02 9F 15 02 00 00 9F 1A 02 08 40 9F 40 05 60 00 00 30 00 9F 53 01 00 9F 66 04 30 00 40 00 9F 6D 02 00 01 9F 7C 14 00 00 00 00 00 00 00 00 00 00 00 00 00 00 00 00 00 00 00 00 DF EE 28 03 00 08 E8 DF EE 29 03 00 68 E8 DF EE 34 06 00 00 00 01 00 00 DF EE 35 03 00 06 01 DF EE 36 06 00 00 00 00 80 00 DF EE 37 01 03 DF EE 38 01 00 DF 81 22 05 F8 50 AC F8 00 DF 81 20 05 F8 50 AC A0 00 DF 81 21 05 00 00 00 00 00 DF EE 44 02 FD FF DF EC 1B 04 FF FF FF FF DF ED 4A 02 00 06 DF ED 5A 08 00 00 80 00 00 00 00 00 DF EE 5C 04 01 50 00 00 DF EE 6B 08 00 00 00 00 00 00 00 00 DF EE 70 01 00 DF EE 71 02 00 00 DF EE 72 02 00 00 DF EE 73 02 00 00 DF EE 74 01 00 DF ED 18 01 01 DF EE 7E 01 00 DF EE 1C 01 03 DF EF 29 02 00 00 9F 4E 1E 00 00 00 00 00 00 00 00 00 00 00 00 00 00 00 00 00 00 00 00 00 00 00 00 00 00 00 00 00 00 DF EE 7D 01 02 59 EA 00 00 00 00 00 00 00 00 00 00 00 00 00 00 00 00 00 00 00  

///////////////////////////////////////////////////////////////////
 

--- 04-00 -- Set Date & Time = 99-12-31_18:00

2026/8/12 13:41:39.601 [TX] - 56 69 56 4F 74 65 63 68 32 00 04 00 00 13 DF EF 43 04 00 00 00 00 9A 03 99 12 31 9F 21 03 18 00 00 53 63 
2026/8/12 13:41:39.668 [RX] - 56 69 56 4F 74 65 63 68 32 00 04 00 00 00 AE 16 00 00 00 00 00 00 00 00 00 00 00 00 00 00 00 00 00 00 00 00 00 00 00 00 00 00 00 00 00 00 00 00 00 00 00 00 00 00 00 00 00 00 00 00 00 00 00  

--- 03 02 _Get Configuration

2026/8/12 13:41:39.824 [TX] - 56 69 56 4F 74 65 63 68 32 00 03 02 00 00 5B 91 
2026/8/12 13:41:39.841 [RX] - 56 69 56 4F 74 65 63 68 32 00 03 00 01 57 DF EE 2D 01 00 DF EF 43 04 00 00 00 00 9A 03 99 12 31  Date 9F 21 03 18 00 00  Time  1999-12-31 18:00 9C 01 00 5F 2A 02 08 40 5F 36 01 02 9F 02 06 00 00 00 00 00 01 9F 03 06 00 00 00 00 00 00 DF EF 59 06 00 00 00 00 04 44 9F 09 02 00 02 9F 15 02 00 00 9F 1A 02 08 40 9F 40 05 60 00 00 30 00 9F 53 01 00 9F 66 04 30 00 40 00 9F 6D 02 00 01 9F 7C 14 00 00 00 00 00 00 00 00 00 00 00 00 00 00 00 00 00 00 00 00 DF EE 28 03 00 08 E8 DF EE 29 03 00 68 E8 DF EE 34 06 00 00 00 01 00 00 DF EE 35 03 00 06 01 DF EE 36 06 00 00 00 00 80 00 DF EE 37 01 03 DF EE 38 01 00 DF 81 22 05 F8 50 AC F8 00 DF 81 20 05 F8 50 AC A0 00 DF 81 21 05 00 00 00 00 00 DF EE 44 02 FD FF DF EC 1B 04 FF FF FF FF DF ED 4A 02 00 06 DF ED 5A 08 00 00 80 00 00 00 00 00 DF EE 5C 04 01 50 00 00 DF EE 6B 08 00 00 00 00 00 00 00 00 DF EE 70 01 00 DF EE 71 02 00 00 DF EE 72 02 00 00 DF EE 73 02 00 00 DF EE 74 01 00 DF ED 18 01 01 DF EE 7E 01 00 DF EE 1C 01 03 DF EF 29 02 00 00 9F 4E 1E 00 00 00 00 00 00 00 00 00 00 00 00 00 00 00 00 00 00 00 00 00 00 00 00 00 00 00 00 00 00 DF EE 7D 01 02 86 52 00 00 00 00 00 00 00 00 00 00 00 00 00 00 00 00 00 00 00  

--- 04-00 Set Time zone = + 07 00 00

2026/8/12 13:41:40.075 [TX] - 56 69 56 4F 74 65 63 68 32 00 04 00 00 08 DF EF 43 04 2B 07 00 00 43 5B 
2026/8/12 13:41:40.137 [RX] - 56 69 56 4F 74 65 63 68 32 00 04 00 00 00 AE 16 00 00 00 00 00 00 00 00 00 00 00 00 00 00 00 00 00 00 00 00 00 00 00 00 00 00 00 00 00 00 00 00 00 00 00 00 00 00 00 00 00 00 00 00 00 00 00  

--- 03 02 _Get Configuration

2026/8/12 13:41:40.307 [TX] - 56 69 56 4F 74 65 63 68 32 00 03 02 00 00 5B 91 
2026/8/12 13:41:40.324 [RX] - 56 69 56 4F 74 65 63 68 32 00 03 00 01 57 DF EE 2D 01 00 DF EF 43 04 2B 07 00 00 9A 03 00 01 01  Date 9F 21 03 01 00 01  Time  2000-01-01 01:00 9C 01 00 5F 2A 02 08 40 5F 36 01 02 9F 02 06 00 00 00 00 00 01 9F 03 06 00 00 00 00 00 00 DF EF 59 06 00 00 00 00 04 44 9F 09 02 00 02 9F 15 02 00 00 9F 1A 02 08 40 9F 40 05 60 00 00 30 00 9F 53 01 00 9F 66 04 30 00 40 00 9F 6D 02 00 01 9F 7C 14 00 00 00 00 00 00 00 00 00 00 00 00 00 00 00 00 00 00 00 00 DF EE 28 03 00 08 E8 DF EE 29 03 00 68 E8 DF EE 34 06 00 00 00 01 00 00 DF EE 35 03 00 06 01 DF EE 36 06 00 00 00 00 80 00 DF EE 37 01 03 DF EE 38 01 00 DF 81 22 05 F8 50 AC F8 00 DF 81 20 05 F8 50 AC A0 00 DF 81 21 05 00 00 00 00 00 DF EE 44 02 FD FF DF EC 1B 04 FF FF FF FF DF ED 4A 02 00 06 DF ED 5A 08 00 00 80 00 00 00 00 00 DF EE 5C 04 01 50 00 00 DF EE 6B 08 00 00 00 00 00 00 00 00 DF EE 70 01 00 DF EE 71 02 00 00 DF EE 72 02 00 00 DF EE 73 02 00 00 DF EE 74 01 00 DF ED 18 01 01 DF EE 7E 01 00 DF EE 1C 01 03 DF EF 29 02 00 00 9F 4E 1E 00 00 00 00 00 00 00 00 00 00 00 00 00 00 00 00 00 00 00 00 00 00 00 00 00 00 00 00 00 00 DF EE 7D 01 02 EB 9F 00 00 00 00 00 00 00 00 00 00 00 00 00 00 00 00 00 00 00  

///////////////////////////////////////////////////////////////////
 

--- 04-00 -- Set Date & Time = 99-12-31_17:00

2026/8/12 13:41:40.535 [TX] - 56 69 56 4F 74 65 63 68 32 00 04 00 00 13 DF EF 43 04 00 00 00 00 9A 03 99 12 31 9F 21 03 17 00 00 62 4F 
2026/8/12 13:41:40.601 [RX] - 56 69 56 4F 74 65 63 68 32 00 04 00 00 00 AE 16 00 00 00 00 00 00 00 00 00 00 00 00 00 00 00 00 00 00 00 00 00 00 00 00 00 00 00 00 00 00 00 00 00 00 00 00 00 00 00 00 00 00 00 00 00 00 00  

--- 03 02 _Get Configuration

2026/8/12 13:41:40.760 [TX] - 56 69 56 4F 74 65 63 68 32 00 03 02 00 00 5B 91 
2026/8/12 13:41:40.778 [RX] - 56 69 56 4F 74 65 63 68 32 00 03 00 01 57 DF EE 2D 01 00 DF EF 43 04 00 00 00 00 9A 03 99 12 31  Date 9F 21 03 17 00 00  Time  1999-12-31 17:00 9C 01 00 5F 2A 02 08 40 5F 36 01 02 9F 02 06 00 00 00 00 00 01 9F 03 06 00 00 00 00 00 00 DF EF 59 06 00 00 00 00 04 44 9F 09 02 00 02 9F 15 02 00 00 9F 1A 02 08 40 9F 40 05 60 00 00 30 00 9F 53 01 00 9F 66 04 30 00 40 00 9F 6D 02 00 01 9F 7C 14 00 00 00 00 00 00 00 00 00 00 00 00 00 00 00 00 00 00 00 00 DF EE 28 03 00 08 E8 DF EE 29 03 00 68 E8 DF EE 34 06 00 00 00 01 00 00 DF EE 35 03 00 06 01 DF EE 36 06 00 00 00 00 80 00 DF EE 37 01 03 DF EE 38 01 00 DF 81 22 05 F8 50 AC F8 00 DF 81 20 05 F8 50 AC A0 00 DF 81 21 05 00 00 00 00 00 DF EE 44 02 FD FF DF EC 1B 04 FF FF FF FF DF ED 4A 02 00 06 DF ED 5A 08 00 00 80 00 00 00 00 00 DF EE 5C 04 01 50 00 00 DF EE 6B 08 00 00 00 00 00 00 00 00 DF EE 70 01 00 DF EE 71 02 00 00 DF EE 72 02 00 00 DF EE 73 02 00 00 DF EE 74 01 00 DF ED 18 01 01 DF EE 7E 01 00 DF EE 1C 01 03 DF EF 29 02 00 00 9F 4E 1E 00 00 00 00 00 00 00 00 00 00 00 00 00 00 00 00 00 00 00 00 00 00 00 00 00 00 00 00 00 00 DF EE 7D 01 02 1A 25 00 00 00 00 00 00 00 00 00 00 00 00 00 00 00 00 00 00 00  

--- 04-00 Set Time zone = + 08 00 00

2026/8/12 13:41:41.010 [TX] - 56 69 56 4F 74 65 63 68 32 00 04 00 00 08 DF EF 43 04 2B 08 00 00 72 77 
2026/8/12 13:41:41.073 [RX] - 56 69 56 4F 74 65 63 68 32 00 04 00 00 00 AE 16 00 00 00 00 00 00 00 00 00 00 00 00 00 00 00 00 00 00 00 00 00 00 00 00 00 00 00 00 00 00 00 00 00 00 00 00 00 00 00 00 00 00 00 00 00 00 00  

--- 03 02 _Get Configuration

2026/8/12 13:41:41.247 [TX] - 56 69 56 4F 74 65 63 68 32 00 03 02 00 00 5B 91 
2026/8/12 13:41:41.265 [RX] - 56 69 56 4F 74 65 63 68 32 00 03 00 01 57 DF EE 2D 01 00 DF EF 43 04 2B 08 00 00 9A 03 00 01 01  Date 9F 21 03 01 00 01  Time  2000-01-01 01:00 9C 01 00 5F 2A 02 08 40 5F 36 01 02 9F 02 06 00 00 00 00 00 01 9F 03 06 00 00 00 00 00 00 DF EF 59 06 00 00 00 00 04 44 9F 09 02 00 02 9F 15 02 00 00 9F 1A 02 08 40 9F 40 05 60 00 00 30 00 9F 53 01 00 9F 66 04 30 00 40 00 9F 6D 02 00 01 9F 7C 14 00 00 00 00 00 00 00 00 00 00 00 00 00 00 00 00 00 00 00 00 DF EE 28 03 00 08 E8 DF EE 29 03 00 68 E8 DF EE 34 06 00 00 00 01 00 00 DF EE 35 03 00 06 01 DF EE 36 06 00 00 00 00 80 00 DF EE 37 01 03 DF EE 38 01 00 DF 81 22 05 F8 50 AC F8 00 DF 81 20 05 F8 50 AC A0 00 DF 81 21 05 00 00 00 00 00 DF EE 44 02 FD FF DF EC 1B 04 FF FF FF FF DF ED 4A 02 00 06 DF ED 5A 08 00 00 80 00 00 00 00 00 DF EE 5C 04 01 50 00 00 DF EE 6B 08 00 00 00 00 00 00 00 00 DF EE 70 01 00 DF EE 71 02 00 00 DF EE 72 02 00 00 DF EE 73 02 00 00 DF EE 74 01 00 DF ED 18 01 01 DF EE 7E 01 00 DF EE 1C 01 03 DF EF 29 02 00 00 9F 4E 1E 00 00 00 00 00 00 00 00 00 00 00 00 00 00 00 00 00 00 00 00 00 00 00 00 00 00 00 00 00 00 DF EE 7D 01 02 07 BA 00 00 00 00 00 00 00 00 00 00 00 00 00 00 00 00 00 00 00  

///////////////////////////////////////////////////////////////////
 

--- 04-00 -- Set Date & Time = 99-12-31_16:00

2026/8/12 13:41:41.474 [TX] - 56 69 56 4F 74 65 63 68 32 00 04 00 00 13 DF EF 43 04 00 00 00 00 9A 03 99 12 31 9F 21 03 16 00 00 52 78 
2026/8/12 13:41:41.544 [RX] - 56 69 56 4F 74 65 63 68 32 00 04 00 00 00 AE 16 00 00 00 00 00 00 00 00 00 00 00 00 00 00 00 00 00 00 00 00 00 00 00 00 00 00 00 00 00 00 00 00 00 00 00 00 00 00 00 00 00 00 00 00 00 00 00  

--- 03 02 _Get Configuration

2026/8/12 13:41:41.702 [TX] - 56 69 56 4F 74 65 63 68 32 00 03 02 00 00 5B 91 
2026/8/12 13:41:41.720 [RX] - 56 69 56 4F 74 65 63 68 32 00 03 00 01 57 DF EE 2D 01 00 DF EF 43 04 00 00 00 00 9A 03 99 12 31  Date 9F 21 03 16 00 00  Time  1999-12-31 16:00 9C 01 00 5F 2A 02 08 40 5F 36 01 02 9F 02 06 00 00 00 00 00 01 9F 03 06 00 00 00 00 00 00 DF EF 59 06 00 00 00 00 04 44 9F 09 02 00 02 9F 15 02 00 00 9F 1A 02 08 40 9F 40 05 60 00 00 30 00 9F 53 01 00 9F 66 04 30 00 40 00 9F 6D 02 00 01 9F 7C 14 00 00 00 00 00 00 00 00 00 00 00 00 00 00 00 00 00 00 00 00 DF EE 28 03 00 08 E8 DF EE 29 03 00 68 E8 DF EE 34 06 00 00 00 01 00 00 DF EE 35 03 00 06 01 DF EE 36 06 00 00 00 00 80 00 DF EE 37 01 03 DF EE 38 01 00 DF 81 22 05 F8 50 AC F8 00 DF 81 20 05 F8 50 AC A0 00 DF 81 21 05 00 00 00 00 00 DF EE 44 02 FD FF DF EC 1B 04 FF FF FF FF DF ED 4A 02 00 06 DF ED 5A 08 00 00 80 00 00 00 00 00 DF EE 5C 04 01 50 00 00 DF EE 6B 08 00 00 00 00 00 00 00 00 DF EE 70 01 00 DF EE 71 02 00 00 DF EE 72 02 00 00 DF EE 73 02 00 00 DF EE 74 01 00 DF ED 18 01 01 DF EE 7E 01 00 DF EE 1C 01 03 DF EF 29 02 00 00 9F 4E 1E 00 00 00 00 00 00 00 00 00 00 00 00 00 00 00 00 00 00 00 00 00 00 00 00 00 00 00 00 00 00 DF EE 7D 01 02 A1 C6 00 00 00 00 00 00 00 00 00 00 00 00 00 00 00 00 00 00 00  

--- 04-00 Set Time zone = + 09 00 00

2026/8/12 13:41:41.951 [TX] - 56 69 56 4F 74 65 63 68 32 00 04 00 00 08 DF EF 43 04 2B 09 00 00 42 40 
2026/8/12 13:41:42.104 [RX] - 56 69 56 4F 74 65 63 68 32 00 04 00 00 00 AE 16 00 00 00 00 00 00 00 00 00 00 00 00 00 00 00 00 00 00 00 00 00 00 00 00 00 00 00 00 00 00 00 00 00 00 00 00 00 00 00 00 00 00 00 00 00 00 00  

--- 03 02 _Get Configuration

2026/8/12 13:41:42.187 [TX] - 56 69 56 4F 74 65 63 68 32 00 03 02 00 00 5B 91 
2026/8/12 13:41:42.205 [RX] - 56 69 56 4F 74 65 63 68 32 00 03 00 01 57 DF EE 2D 01 00 DF EF 43 04 2B 09 00 00 9A 03 00 01 01  Date 9F 21 03 01 00 00  Time  2000-01-01 01:00 9C 01 00 5F 2A 02 08 40 5F 36 01 02 9F 02 06 00 00 00 00 00 01 9F 03 06 00 00 00 00 00 00 DF EF 59 06 00 00 00 00 04 44 9F 09 02 00 02 9F 15 02 00 00 9F 1A 02 08 40 9F 40 05 60 00 00 30 00 9F 53 01 00 9F 66 04 30 00 40 00 9F 6D 02 00 01 9F 7C 14 00 00 00 00 00 00 00 00 00 00 00 00 00 00 00 00 00 00 00 00 DF EE 28 03 00 08 E8 DF EE 29 03 00 68 E8 DF EE 34 06 00 00 00 01 00 00 DF EE 35 03 00 06 01 DF EE 36 06 00 00 00 00 80 00 DF EE 37 01 03 DF EE 38 01 00 DF 81 22 05 F8 50 AC F8 00 DF 81 20 05 F8 50 AC A0 00 DF 81 21 05 00 00 00 00 00 DF EE 44 02 FD FF DF EC 1B 04 FF FF FF FF DF ED 4A 02 00 06 DF ED 5A 08 00 00 80 00 00 00 00 00 DF EE 5C 04 01 50 00 00 DF EE 6B 08 00 00 00 00 00 00 00 00 DF EE 70 01 00 DF EE 71 02 00 00 DF EE 72 02 00 00 DF EE 73 02 00 00 DF EE 74 01 00 DF ED 18 01 01 DF EE 7E 01 00 DF EE 1C 01 03 DF EF 29 02 00 00 9F 4E 1E 00 00 00 00 00 00 00 00 00 00 00 00 00 00 00 00 00 00 00 00 00 00 00 00 00 00 00 00 00 00 DF EE 7D 01 02 41 EB 00 00 00 00 00 00 00 00 00 00 00 00 00 00 00 00 00 00 00  

///////////////////////////////////////////////////////////////////
 

--- 04-00 -- Set Date & Time = 99-12-31_15:00

2026/8/12 13:41:42.412 [TX] - 56 69 56 4F 74 65 63 68 32 00 04 00 00 13 DF EF 43 04 00 00 00 00 9A 03 99 12 31 9F 21 03 15 00 00 02 21 
2026/8/12 13:41:42.478 [RX] - 56 69 56 4F 74 65 63 68 32 00 04 00 00 00 AE 16 00 00 00 00 00 00 00 00 00 00 00 00 00 00 00 00 00 00 00 00 00 00 00 00 00 00 00 00 00 00 00 00 00 00 00 00 00 00 00 00 00 00 00 00 00 00 00  

--- 03 02 _Get Configuration

2026/8/12 13:41:42.642 [TX] - 56 69 56 4F 74 65 63 68 32 00 03 02 00 00 5B 91 
2026/8/12 13:41:42.660 [RX] - 56 69 56 4F 74 65 63 68 32 00 03 00 01 57 DF EE 2D 01 00 DF EF 43 04 00 00 00 00 9A 03 99 12 31  Date 9F 21 03 15 00 00  Time  1999-12-31 15:00 9C 01 00 5F 2A 02 08 40 5F 36 01 02 9F 02 06 00 00 00 00 00 01 9F 03 06 00 00 00 00 00 00 DF EF 59 06 00 00 00 00 04 44 9F 09 02 00 02 9F 15 02 00 00 9F 1A 02 08 40 9F 40 05 60 00 00 30 00 9F 53 01 00 9F 66 04 30 00 40 00 9F 6D 02 00 01 9F 7C 14 00 00 00 00 00 00 00 00 00 00 00 00 00 00 00 00 00 00 00 00 DF EE 28 03 00 08 E8 DF EE 29 03 00 68 E8 DF EE 34 06 00 00 00 01 00 00 DF EE 35 03 00 06 01 DF EE 36 06 00 00 00 00 80 00 DF EE 37 01 03 DF EE 38 01 00 DF 81 22 05 F8 50 AC F8 00 DF 81 20 05 F8 50 AC A0 00 DF 81 21 05 00 00 00 00 00 DF EE 44 02 FD FF DF EC 1B 04 FF FF FF FF DF ED 4A 02 00 06 DF ED 5A 08 00 00 80 00 00 00 00 00 DF EE 5C 04 01 50 00 00 DF EE 6B 08 00 00 00 00 00 00 00 00 DF EE 70 01 00 DF EE 71 02 00 00 DF EE 72 02 00 00 DF EE 73 02 00 00 DF EE 74 01 00 DF ED 18 01 01 DF EE 7E 01 00 DF EE 1C 01 03 DF EF 29 02 00 00 9F 4E 1E 00 00 00 00 00 00 00 00 00 00 00 00 00 00 00 00 00 00 00 00 00 00 00 00 00 00 00 00 00 00 DF EE 7D 01 02 7D C2 00 00 00 00 00 00 00 00 00 00 00 00 00 00 00 00 00 00 00  

--- 04-00 Set Time zone = + 10 00 00

2026/8/12 13:41:42.891 [TX] - 56 69 56 4F 74 65 63 68 32 00 04 00 00 08 DF EF 43 04 2B 0A 00 00 12 19 
2026/8/12 13:41:42.951 [RX] - 56 69 56 4F 74 65 63 68 32 00 04 00 00 00 AE 16 00 00 00 00 00 00 00 00 00 00 00 00 00 00 00 00 00 00 00 00 00 00 00 00 00 00 00 00 00 00 00 00 00 00 00 00 00 00 00 00 00 00 00 00 00 00 00  

--- 03 02 _Get Configuration

2026/8/12 13:41:43.110 [TX] - 56 69 56 4F 74 65 63 68 32 00 03 02 00 00 5B 91 
2026/8/12 13:41:43.128 [RX] - 56 69 56 4F 74 65 63 68 32 00 03 00 01 57 DF EE 2D 01 00 DF EF 43 04 2B 0A 00 00 9A 03 00 01 01  Date 9F 21 03 01 00 00  Time  2000-01-01 01:00 9C 01 00 5F 2A 02 08 40 5F 36 01 02 9F 02 06 00 00 00 00 00 01 9F 03 06 00 00 00 00 00 00 DF EF 59 06 00 00 00 00 04 44 9F 09 02 00 02 9F 15 02 00 00 9F 1A 02 08 40 9F 40 05 60 00 00 30 00 9F 53 01 00 9F 66 04 30 00 40 00 9F 6D 02 00 01 9F 7C 14 00 00 00 00 00 00 00 00 00 00 00 00 00 00 00 00 00 00 00 00 DF EE 28 03 00 08 E8 DF EE 29 03 00 68 E8 DF EE 34 06 00 00 00 01 00 00 DF EE 35 03 00 06 01 DF EE 36 06 00 00 00 00 80 00 DF EE 37 01 03 DF EE 38 01 00 DF 81 22 05 F8 50 AC F8 00 DF 81 20 05 F8 50 AC A0 00 DF 81 21 05 00 00 00 00 00 DF EE 44 02 FD FF DF EC 1B 04 FF FF FF FF DF ED 4A 02 00 06 DF ED 5A 08 00 00 80 00 00 00 00 00 DF EE 5C 04 01 50 00 00 DF EE 6B 08 00 00 00 00 00 00 00 00 DF EE 70 01 00 DF EE 71 02 00 00 DF EE 72 02 00 00 DF EE 73 02 00 00 DF EE 74 01 00 DF ED 18 01 01 DF EE 7E 01 00 DF EE 1C 01 03 DF EF 29 02 00 00 9F 4E 1E 00 00 00 00 00 00 00 00 00 00 00 00 00 00 00 00 00 00 00 00 00 00 00 00 00 00 00 00 00 00 DF EE 7D 01 02 87 55 00 00 00 00 00 00 00 00 00 00 00 00 00 00 00 00 00 00 00  

///////////////////////////////////////////////////////////////////
 

--- 04-00 -- Set Date & Time = 99-12-31_14:00

2026/8/12 13:41:43.337 [TX] - 56 69 56 4F 74 65 63 68 32 00 04 00 00 13 DF EF 43 04 00 00 00 00 9A 03 99 12 31 9F 21 03 14 00 00 32 16 
2026/8/12 13:41:43.403 [RX] - 56 69 56 4F 74 65 63 68 32 00 04 00 00 00 AE 16 00 00 00 00 00 00 00 00 00 00 00 00 00 00 00 00 00 00 00 00 00 00 00 00 00 00 00 00 00 00 00 00 00 00 00 00 00 00 00 00 00 00 00 00 00 00 00  

--- 03 02 _Get Configuration

2026/8/12 13:41:43.567 [TX] - 56 69 56 4F 74 65 63 68 32 00 03 02 00 00 5B 91 
2026/8/12 13:41:43.585 [RX] - 56 69 56 4F 74 65 63 68 32 00 03 00 01 57 DF EE 2D 01 00 DF EF 43 04 00 00 00 00 9A 03 99 12 31  Date 9F 21 03 14 00 01  Time  1999-12-31 14:00 9C 01 00 5F 2A 02 08 40 5F 36 01 02 9F 02 06 00 00 00 00 00 01 9F 03 06 00 00 00 00 00 00 DF EF 59 06 00 00 00 00 04 44 9F 09 02 00 02 9F 15 02 00 00 9F 1A 02 08 40 9F 40 05 60 00 00 30 00 9F 53 01 00 9F 66 04 30 00 40 00 9F 6D 02 00 01 9F 7C 14 00 00 00 00 00 00 00 00 00 00 00 00 00 00 00 00 00 00 00 00 DF EE 28 03 00 08 E8 DF EE 29 03 00 68 E8 DF EE 34 06 00 00 00 01 00 00 DF EE 35 03 00 06 01 DF EE 36 06 00 00 00 00 80 00 DF EE 37 01 03 DF EE 38 01 00 DF 81 22 05 F8 50 AC F8 00 DF 81 20 05 F8 50 AC A0 00 DF 81 21 05 00 00 00 00 00 DF EE 44 02 FD FF DF EC 1B 04 FF FF FF FF DF ED 4A 02 00 06 DF ED 5A 08 00 00 80 00 00 00 00 00 DF EE 5C 04 01 50 00 00 DF EE 6B 08 00 00 00 00 00 00 00 00 DF EE 70 01 00 DF EE 71 02 00 00 DF EE 72 02 00 00 DF EE 73 02 00 00 DF EE 74 01 00 DF ED 18 01 01 DF EE 7E 01 00 DF EE 1C 01 03 DF EF 29 02 00 00 9F 4E 1E 00 00 00 00 00 00 00 00 00 00 00 00 00 00 00 00 00 00 00 00 00 00 00 00 00 00 00 00 00 00 DF EE 7D 01 02 32 05 00 00 00 00 00 00 00 00 00 00 00 00 00 00 00 00 00 00 00  

--- 04-00 Set Time zone = + 11 00 00

2026/8/12 13:41:43.816 [TX] - 56 69 56 4F 74 65 63 68 32 00 04 00 00 08 DF EF 43 04 2B 0B 00 00 22 2E 
2026/8/12 13:41:43.877 [RX] - 56 69 56 4F 74 65 63 68 32 00 04 00 00 00 AE 16 00 00 00 00 00 00 00 00 00 00 00 00 00 00 00 00 00 00 00 00 00 00 00 00 00 00 00 00 00 00 00 00 00 00 00 00 00 00 00 00 00 00 00 00 00 00 00  

--- 03 02 _Get Configuration

2026/8/12 13:41:44.050 [TX] - 56 69 56 4F 74 65 63 68 32 00 03 02 00 00 5B 91 
2026/8/12 13:41:44.069 [RX] - 56 69 56 4F 74 65 63 68 32 00 03 00 01 57 DF EE 2D 01 00 DF EF 43 04 2B 0B 00 00 9A 03 00 01 01  Date 9F 21 03 01 00 01  Time  2000-01-01 01:00 9C 01 00 5F 2A 02 08 40 5F 36 01 02 9F 02 06 00 00 00 00 00 01 9F 03 06 00 00 00 00 00 00 DF EF 59 06 00 00 00 00 04 44 9F 09 02 00 02 9F 15 02 00 00 9F 1A 02 08 40 9F 40 05 60 00 00 30 00 9F 53 01 00 9F 66 04 30 00 40 00 9F 6D 02 00 01 9F 7C 14 00 00 00 00 00 00 00 00 00 00 00 00 00 00 00 00 00 00 00 00 DF EE 28 03 00 08 E8 DF EE 29 03 00 68 E8 DF EE 34 06 00 00 00 01 00 00 DF EE 35 03 00 06 01 DF EE 36 06 00 00 00 00 80 00 DF EE 37 01 03 DF EE 38 01 00 DF 81 22 05 F8 50 AC F8 00 DF 81 20 05 F8 50 AC A0 00 DF 81 21 05 00 00 00 00 00 DF EE 44 02 FD FF DF EC 1B 04 FF FF FF FF DF ED 4A 02 00 06 DF ED 5A 08 00 00 80 00 00 00 00 00 DF EE 5C 04 01 50 00 00 DF EE 6B 08 00 00 00 00 00 00 00 00 DF EE 70 01 00 DF EE 71 02 00 00 DF EE 72 02 00 00 DF EE 73 02 00 00 DF EE 74 01 00 DF ED 18 01 01 DF EE 7E 01 00 DF EE 1C 01 03 DF EF 29 02 00 00 9F 4E 1E 00 00 00 00 00 00 00 00 00 00 00 00 00 00 00 00 00 00 00 00 00 00 00 00 00 00 00 00 00 00 DF EE 7D 01 02 C1 04 00 00 00 00 00 00 00 00 00 00 00 00 00 00 00 00 00 00 00  

///////////////////////////////////////////////////////////////////
 

--- 04-00 -- Set Date & Time = 99-12-31_13:00

2026/8/12 13:41:44.289 [TX] - 56 69 56 4F 74 65 63 68 32 00 04 00 00 13 DF EF 43 04 00 00 00 00 9A 03 99 12 31 9F 21 03 13 00 00 A2 93 
2026/8/12 13:41:44.357 [RX] - 56 69 56 4F 74 65 63 68 32 00 04 00 00 00 AE 16 00 00 00 00 00 00 00 00 00 00 00 00 00 00 00 00 00 00 00 00 00 00 00 00 00 00 00 00 00 00 00 00 00 00 00 00 00 00 00 00 00 00 00 00 00 00 00  

--- 03 02 _Get Configuration

2026/8/12 13:41:44.518 [TX] - 56 69 56 4F 74 65 63 68 32 00 03 02 00 00 5B 91 
2026/8/12 13:41:44.538 [RX] - 56 69 56 4F 74 65 63 68 32 00 03 00 01 57 DF EE 2D 01 00 DF EF 43 04 00 00 00 00 9A 03 99 12 31  Date 9F 21 03 13 00 01  Time  1999-12-31 13:00 9C 01 00 5F 2A 02 08 40 5F 36 01 02 9F 02 06 00 00 00 00 00 01 9F 03 06 00 00 00 00 00 00 DF EF 59 06 00 00 00 00 04 44 9F 09 02 00 02 9F 15 02 00 00 9F 1A 02 08 40 9F 40 05 60 00 00 30 00 9F 53 01 00 9F 66 04 30 00 40 00 9F 6D 02 00 01 9F 7C 14 00 00 00 00 00 00 00 00 00 00 00 00 00 00 00 00 00 00 00 00 DF EE 28 03 00 08 E8 DF EE 29 03 00 68 E8 DF EE 34 06 00 00 00 01 00 00 DF EE 35 03 00 06 01 DF EE 36 06 00 00 00 00 80 00 DF EE 37 01 03 DF EE 38 01 00 DF 81 22 05 F8 50 AC F8 00 DF 81 20 05 F8 50 AC A0 00 DF 81 21 05 00 00 00 00 00 DF EE 44 02 FD FF DF EC 1B 04 FF FF FF FF DF ED 4A 02 00 06 DF ED 5A 08 00 00 80 00 00 00 00 00 DF EE 5C 04 01 50 00 00 DF EE 6B 08 00 00 00 00 00 00 00 00 DF EE 70 01 00 DF EE 71 02 00 00 DF EE 72 02 00 00 DF EE 73 02 00 00 DF EE 74 01 00 DF ED 18 01 01 DF EE 7E 01 00 DF EE 1C 01 03 DF EF 29 02 00 00 9F 4E 1E 00 00 00 00 00 00 00 00 00 00 00 00 00 00 00 00 00 00 00 00 00 00 00 00 00 00 00 00 00 00 DF EE 7D 01 02 21 CF 00 00 00 00 00 00 00 00 00 00 00 00 00 00 00 00 00 00 00  

--- 04-00 Set Time zone = + 12 00 00

2026/8/12 13:41:44.768 [TX] - 56 69 56 4F 74 65 63 68 32 00 04 00 00 08 DF EF 43 04 2B 0C 00 00 B2 AB 
2026/8/12 13:41:44.926 [RX] - 56 69 56 4F 74 65 63 68 32 00 04 00 00 00 AE 16 00 00 00 00 00 00 00 00 00 00 00 00 00 00 00 00 00 00 00 00 00 00 00 00 00 00 00 00 00 00 00 00 00 00 00 00 00 00 00 00 00 00 00 00 00 00 00  

--- 03 02 _Get Configuration

2026/8/12 13:41:45.002 [TX] - 56 69 56 4F 74 65 63 68 32 00 03 02 00 00 5B 91 
2026/8/12 13:41:45.020 [RX] - 56 69 56 4F 74 65 63 68 32 00 03 00 01 57 DF EE 2D 01 00 DF EF 43 04 2B 0C 00 00 9A 03 00 01 01  Date 9F 21 03 01 00 01  Time  2000-01-01 01:00 9C 01 00 5F 2A 02 08 40 5F 36 01 02 9F 02 06 00 00 00 00 00 01 9F 03 06 00 00 00 00 00 00 DF EF 59 06 00 00 00 00 04 44 9F 09 02 00 02 9F 15 02 00 00 9F 1A 02 08 40 9F 40 05 60 00 00 30 00 9F 53 01 00 9F 66 04 30 00 40 00 9F 6D 02 00 01 9F 7C 14 00 00 00 00 00 00 00 00 00 00 00 00 00 00 00 00 00 00 00 00 DF EE 28 03 00 08 E8 DF EE 29 03 00 68 E8 DF EE 34 06 00 00 00 01 00 00 DF EE 35 03 00 06 01 DF EE 36 06 00 00 00 00 80 00 DF EE 37 01 03 DF EE 38 01 00 DF 81 22 05 F8 50 AC F8 00 DF 81 20 05 F8 50 AC A0 00 DF 81 21 05 00 00 00 00 00 DF EE 44 02 FD FF DF EC 1B 04 FF FF FF FF DF ED 4A 02 00 06 DF ED 5A 08 00 00 80 00 00 00 00 00 DF EE 5C 04 01 50 00 00 DF EE 6B 08 00 00 00 00 00 00 00 00 DF EE 70 01 00 DF EE 71 02 00 00 DF EE 72 02 00 00 DF EE 73 02 00 00 DF EE 74 01 00 DF ED 18 01 01 DF EE 7E 01 00 DF EE 1C 01 03 DF EF 29 02 00 00 9F 4E 1E 00 00 00 00 00 00 00 00 00 00 00 00 00 00 00 00 00 00 00 00 00 00 00 00 00 00 00 00 00 00 DF EE 7D 01 02 EE 2C 00 00 00 00 00 00 00 00 00 00 00 00 00 00 00 00 00 00 00  

///////////////////////////////////////////////////////////////////
 

--- 04-00 -- Set Date & Time = 99-12-31_12:00

2026/8/12 13:41:45.244 [TX] - 56 69 56 4F 74 65 63 68 32 00 04 00 00 13 DF EF 43 04 00 00 00 00 9A 03 99 12 31 9F 21 03 12 00 00 92 A4 
2026/8/12 13:41:45.313 [RX] - 56 69 56 4F 74 65 63 68 32 00 04 00 00 00 AE 16 00 00 00 00 00 00 00 00 00 00 00 00 00 00 00 00 00 00 00 00 00 00 00 00 00 00 00 00 00 00 00 00 00 00 00 00 00 00 00 00 00 00 00 00 00 00 00  

--- 03 02 _Get Configuration

2026/8/12 13:41:45.472 [TX] - 56 69 56 4F 74 65 63 68 32 00 03 02 00 00 5B 91 
2026/8/12 13:41:45.490 [RX] - 56 69 56 4F 74 65 63 68 32 00 03 00 01 57 DF EE 2D 01 00 DF EF 43 04 00 00 00 00 9A 03 99 12 31  Date 9F 21 03 12 00 00  Time  1999-12-31 12:00 9C 01 00 5F 2A 02 08 40 5F 36 01 02 9F 02 06 00 00 00 00 00 01 9F 03 06 00 00 00 00 00 00 DF EF 59 06 00 00 00 00 04 44 9F 09 02 00 02 9F 15 02 00 00 9F 1A 02 08 40 9F 40 05 60 00 00 30 00 9F 53 01 00 9F 66 04 30 00 40 00 9F 6D 02 00 01 9F 7C 14 00 00 00 00 00 00 00 00 00 00 00 00 00 00 00 00 00 00 00 00 DF EE 28 03 00 08 E8 DF EE 29 03 00 68 E8 DF EE 34 06 00 00 00 01 00 00 DF EE 35 03 00 06 01 DF EE 36 06 00 00 00 00 80 00 DF EE 37 01 03 DF EE 38 01 00 DF 81 22 05 F8 50 AC F8 00 DF 81 20 05 F8 50 AC A0 00 DF 81 21 05 00 00 00 00 00 DF EE 44 02 FD FF DF EC 1B 04 FF FF FF FF DF ED 4A 02 00 06 DF ED 5A 08 00 00 80 00 00 00 00 00 DF EE 5C 04 01 50 00 00 DF EE 6B 08 00 00 00 00 00 00 00 00 DF EE 70 01 00 DF EE 71 02 00 00 DF EE 72 02 00 00 DF EE 73 02 00 00 DF EE 74 01 00 DF ED 18 01 01 DF EE 7E 01 00 DF EE 1C 01 03 DF EF 29 02 00 00 9F 4E 1E 00 00 00 00 00 00 00 00 00 00 00 00 00 00 00 00 00 00 00 00 00 00 00 00 00 00 00 00 00 00 DF EE 7D 01 02 6E 08 00 00 00 00 00 00 00 00 00 00 00 00 00 00 00 00 00 00 00  

--- 04-00 Set Time zone = + 13 00 00

2026/8/12 13:41:45.725 [TX] - 56 69 56 4F 74 65 63 68 32 00 04 00 00 08 DF EF 43 04 2B 0D 00 00 82 9C 
2026/8/12 13:41:45.789 [RX] - 56 69 56 4F 74 65 63 68 32 00 04 00 00 00 AE 16 00 00 00 00 00 00 00 00 00 00 00 00 00 00 00 00 00 00 00 00 00 00 00 00 00 00 00 00 00 00 00 00 00 00 00 00 00 00 00 00 00 00 00 00 00 00 00  

--- 03 02 _Get Configuration

2026/8/12 13:41:45.959 [TX] - 56 69 56 4F 74 65 63 68 32 00 03 02 00 00 5B 91 
2026/8/12 13:41:45.977 [RX] - 56 69 56 4F 74 65 63 68 32 00 03 00 01 57 DF EE 2D 01 00 DF EF 43 04 2B 0D 00 00 9A 03 00 01 01  Date 9F 21 03 01 00 01  Time  2000-01-01 01:00 9C 01 00 5F 2A 02 08 40 5F 36 01 02 9F 02 06 00 00 00 00 00 01 9F 03 06 00 00 00 00 00 00 DF EF 59 06 00 00 00 00 04 44 9F 09 02 00 02 9F 15 02 00 00 9F 1A 02 08 40 9F 40 05 60 00 00 30 00 9F 53 01 00 9F 66 04 30 00 40 00 9F 6D 02 00 01 9F 7C 14 00 00 00 00 00 00 00 00 00 00 00 00 00 00 00 00 00 00 00 00 DF EE 28 03 00 08 E8 DF EE 29 03 00 68 E8 DF EE 34 06 00 00 00 01 00 00 DF EE 35 03 00 06 01 DF EE 36 06 00 00 00 00 80 00 DF EE 37 01 03 DF EE 38 01 00 DF 81 22 05 F8 50 AC F8 00 DF 81 20 05 F8 50 AC A0 00 DF 81 21 05 00 00 00 00 00 DF EE 44 02 FD FF DF EC 1B 04 FF FF FF FF DF ED 4A 02 00 06 DF ED 5A 08 00 00 80 00 00 00 00 00 DF EE 5C 04 01 50 00 00 DF EE 6B 08 00 00 00 00 00 00 00 00 DF EE 70 01 00 DF EE 71 02 00 00 DF EE 72 02 00 00 DF EE 73 02 00 00 DF EE 74 01 00 DF ED 18 01 01 DF EE 7E 01 00 DF EE 1C 01 03 DF EF 29 02 00 00 9F 4E 1E 00 00 00 00 00 00 00 00 00 00 00 00 00 00 00 00 00 00 00 00 00 00 00 00 00 00 00 00 00 00 DF EE 7D 01 02 5C 59 00 00 00 00 00 00 00 00 00 00 00 00 00 00 00 00 00 00 00  

///////////////////////////////////////////////////////////////////
 

--- 04-00 -- Set Date & Time = 99-12-31_11:00

2026/8/12 13:41:46.189 [TX] - 56 69 56 4F 74 65 63 68 32 00 04 00 00 13 DF EF 43 04 00 00 00 00 9A 03 99 12 31 9F 21 03 11 00 00 C2 FD 
2026/8/12 13:41:46.290 [RX] - 56 69 56 4F 74 65 63 68 32 00 04 00 00 00 AE 16 00 00 00 00 00 00 00 00 00 00 00 00 00 00 00 00 00 00 00 00 00 00 00 00 00 00 00 00 00 00 00 00 00 00 00 00 00 00 00 00 00 00 00 00 00 00 00  

--- 03 02 _Get Configuration

2026/8/12 13:41:46.414 [TX] - 56 69 56 4F 74 65 63 68 32 00 03 02 00 00 5B 91 
2026/8/12 13:41:46.432 [RX] - 56 69 56 4F 74 65 63 68 32 00 03 00 01 57 DF EE 2D 01 00 DF EF 43 04 00 00 00 00 9A 03 99 12 31  Date 9F 21 03 11 00 00  Time  1999-12-31 11:00 9C 01 00 5F 2A 02 08 40 5F 36 01 02 9F 02 06 00 00 00 00 00 01 9F 03 06 00 00 00 00 00 00 DF EF 59 06 00 00 00 00 04 44 9F 09 02 00 02 9F 15 02 00 00 9F 1A 02 08 40 9F 40 05 60 00 00 30 00 9F 53 01 00 9F 66 04 30 00 40 00 9F 6D 02 00 01 9F 7C 14 00 00 00 00 00 00 00 00 00 00 00 00 00 00 00 00 00 00 00 00 DF EE 28 03 00 08 E8 DF EE 29 03 00 68 E8 DF EE 34 06 00 00 00 01 00 00 DF EE 35 03 00 06 01 DF EE 36 06 00 00 00 00 80 00 DF EE 37 01 03 DF EE 38 01 00 DF 81 22 05 F8 50 AC F8 00 DF 81 20 05 F8 50 AC A0 00 DF 81 21 05 00 00 00 00 00 DF EE 44 02 FD FF DF EC 1B 04 FF FF FF FF DF ED 4A 02 00 06 DF ED 5A 08 00 00 80 00 00 00 00 00 DF EE 5C 04 01 50 00 00 DF EE 6B 08 00 00 00 00 00 00 00 00 DF EE 70 01 00 DF EE 71 02 00 00 DF EE 72 02 00 00 DF EE 73 02 00 00 DF EE 74 01 00 DF ED 18 01 01 DF EE 7E 01 00 DF EE 1C 01 03 DF EF 29 02 00 00 9F 4E 1E 00 00 00 00 00 00 00 00 00 00 00 00 00 00 00 00 00 00 00 00 00 00 00 00 00 00 00 00 00 00 DF EE 7D 01 02 B2 0C 00 00 00 00 00 00 00 00 00 00 00 00 00 00 00 00 00 00 00  

--- 04-00 Set Time zone = + 14 00 00

2026/8/12 13:41:46.664 [TX] - 56 69 56 4F 74 65 63 68 32 00 04 00 00 08 DF EF 43 04 2B 0E 00 00 D2 C5 
2026/8/12 13:41:46.729 [RX] - 56 69 56 4F 74 65 63 68 32 00 04 00 00 00 AE 16 00 00 00 00 00 00 00 00 00 00 00 00 00 00 00 00 00 00 00 00 00 00 00 00 00 00 00 00 00 00 00 00 00 00 00 00 00 00 00 00 00 00 00 00 00 00 00  

--- 03 02 _Get Configuration

2026/8/12 13:41:46.899 [TX] - 56 69 56 4F 74 65 63 68 32 00 03 02 00 00 5B 91 
2026/8/12 13:41:46.917 [RX] - 56 69 56 4F 74 65 63 68 32 00 03 00 01 57 DF EE 2D 01 00 DF EF 43 04 2B 0E 00 00 9A 03 00 01 01  Date 9F 21 03 01 00 01  Time  2000-01-01 01:00 9C 01 00 5F 2A 02 08 40 5F 36 01 02 9F 02 06 00 00 00 00 00 01 9F 03 06 00 00 00 00 00 00 DF EF 59 06 00 00 00 00 04 44 9F 09 02 00 02 9F 15 02 00 00 9F 1A 02 08 40 9F 40 05 60 00 00 30 00 9F 53 01 00 9F 66 04 30 00 40 00 9F 6D 02 00 01 9F 7C 14 00 00 00 00 00 00 00 00 00 00 00 00 00 00 00 00 00 00 00 00 DF EE 28 03 00 08 E8 DF EE 29 03 00 68 E8 DF EE 34 06 00 00 00 01 00 00 DF EE 35 03 00 06 01 DF EE 36 06 00 00 00 00 80 00 DF EE 37 01 03 DF EE 38 01 00 DF 81 22 05 F8 50 AC F8 00 DF 81 20 05 F8 50 AC A0 00 DF 81 21 05 00 00 00 00 00 DF EE 44 02 FD FF DF EC 1B 04 FF FF FF FF DF ED 4A 02 00 06 DF ED 5A 08 00 00 80 00 00 00 00 00 DF EE 5C 04 01 50 00 00 DF EE 6B 08 00 00 00 00 00 00 00 00 DF EE 70 01 00 DF EE 71 02 00 00 DF EE 72 02 00 00 DF EE 73 02 00 00 DF EE 74 01 00 DF ED 18 01 01 DF EE 7E 01 00 DF EE 1C 01 03 DF EF 29 02 00 00 9F 4E 1E 00 00 00 00 00 00 00 00 00 00 00 00 00 00 00 00 00 00 00 00 00 00 00 00 00 00 00 00 00 00 DF EE 7D 01 02 9A E7 00 00 00 00 00 00 00 00 00 00 00 00 00 00 00 00 00 00 00  

///////////////////////////////////////////////////////////////////
 

--- 04-00 -- Set Date & Time = 99-12-31_12:15

2026/8/12 13:41:47.126 [TX] - 56 69 56 4F 74 65 63 68 32 00 04 00 00 13 DF EF 43 04 00 00 00 00 9A 03 99 12 31 9F 21 03 12 15 00 14 58 
2026/8/12 13:41:47.195 [RX] - 56 69 56 4F 74 65 63 68 32 00 04 00 00 00 AE 16 00 00 00 00 00 00 00 00 00 00 00 00 00 00 00 00 00 00 00 00 00 00 00 00 00 00 00 00 00 00 00 00 00 00 00 00 00 00 00 00 00 00 00 00 00 00 00  

--- 03 02 _Get Configuration

2026/8/12 13:41:47.355 [TX] - 56 69 56 4F 74 65 63 68 32 00 03 02 00 00 5B 91 
2026/8/12 13:41:47.373 [RX] - 56 69 56 4F 74 65 63 68 32 00 03 00 01 57 DF EE 2D 01 00 DF EF 43 04 00 00 00 00 9A 03 99 12 31  Date 9F 21 03 12 15 00  Time  1999-12-31 12:15 9C 01 00 5F 2A 02 08 40 5F 36 01 02 9F 02 06 00 00 00 00 00 01 9F 03 06 00 00 00 00 00 00 DF EF 59 06 00 00 00 00 04 44 9F 09 02 00 02 9F 15 02 00 00 9F 1A 02 08 40 9F 40 05 60 00 00 30 00 9F 53 01 00 9F 66 04 30 00 40 00 9F 6D 02 00 01 9F 7C 14 00 00 00 00 00 00 00 00 00 00 00 00 00 00 00 00 00 00 00 00 DF EE 28 03 00 08 E8 DF EE 29 03 00 68 E8 DF EE 34 06 00 00 00 01 00 00 DF EE 35 03 00 06 01 DF EE 36 06 00 00 00 00 80 00 DF EE 37 01 03 DF EE 38 01 00 DF 81 22 05 F8 50 AC F8 00 DF 81 20 05 F8 50 AC A0 00 DF 81 21 05 00 00 00 00 00 DF EE 44 02 FD FF DF EC 1B 04 FF FF FF FF DF ED 4A 02 00 06 DF ED 5A 08 00 00 80 00 00 00 00 00 DF EE 5C 04 01 50 00 00 DF EE 6B 08 00 00 00 00 00 00 00 00 DF EE 70 01 00 DF EE 71 02 00 00 DF EE 72 02 00 00 DF EE 73 02 00 00 DF EE 74 01 00 DF ED 18 01 01 DF EE 7E 01 00 DF EE 1C 01 03 DF EF 29 02 00 00 9F 4E 1E 00 00 00 00 00 00 00 00 00 00 00 00 00 00 00 00 00 00 00 00 00 00 00 00 00 00 00 00 00 00 DF EE 7D 01 02 D3 05 00 00 00 00 00 00 00 00 00 00 00 00 00 00 00 00 00 00 00  

--- 04-00 Set Time zone = + 12 45 00

2026/8/12 13:41:47.603 [TX] - 56 69 56 4F 74 65 63 68 32 00 04 00 00 08 DF EF 43 04 2B 0C 2D 00 08 DB 
2026/8/12 13:41:47.760 [RX] - 56 69 56 4F 74 65 63 68 32 00 04 00 00 00 AE 16 00 00 00 00 00 00 00 00 00 00 00 00 00 00 00 00 00 00 00 00 00 00 00 00 00 00 00 00 00 00 00 00 00 00 00 00 00 00 00 00 00 00 00 00 00 00 00  

--- 03 02 _Get Configuration

2026/8/12 13:41:47.838 [TX] - 56 69 56 4F 74 65 63 68 32 00 03 02 00 00 5B 91 
2026/8/12 13:41:47.855 [RX] - 56 69 56 4F 74 65 63 68 32 00 03 00 01 57 DF EE 2D 01 00 DF EF 43 04 2B 0C 2D 00 9A 03 00 01 01  Date 9F 21 03 01 00 00  Time  2000-01-01 01:00 9C 01 00 5F 2A 02 08 40 5F 36 01 02 9F 02 06 00 00 00 00 00 01 9F 03 06 00 00 00 00 00 00 DF EF 59 06 00 00 00 00 04 44 9F 09 02 00 02 9F 15 02 00 00 9F 1A 02 08 40 9F 40 05 60 00 00 30 00 9F 53 01 00 9F 66 04 30 00 40 00 9F 6D 02 00 01 9F 7C 14 00 00 00 00 00 00 00 00 00 00 00 00 00 00 00 00 00 00 00 00 DF EE 28 03 00 08 E8 DF EE 29 03 00 68 E8 DF EE 34 06 00 00 00 01 00 00 DF EE 35 03 00 06 01 DF EE 36 06 00 00 00 00 80 00 DF EE 37 01 03 DF EE 38 01 00 DF 81 22 05 F8 50 AC F8 00 DF 81 20 05 F8 50 AC A0 00 DF 81 21 05 00 00 00 00 00 DF EE 44 02 FD FF DF EC 1B 04 FF FF FF FF DF ED 4A 02 00 06 DF ED 5A 08 00 00 80 00 00 00 00 00 DF EE 5C 04 01 50 00 00 DF EE 6B 08 00 00 00 00 00 00 00 00 DF EE 70 01 00 DF EE 71 02 00 00 DF EE 72 02 00 00 DF EE 73 02 00 00 DF EE 74 01 00 DF ED 18 01 01 DF EE 7E 01 00 DF EE 1C 01 03 DF EF 29 02 00 00 9F 4E 1E 00 00 00 00 00 00 00 00 00 00 00 00 00 00 00 00 00 00 00 00 00 00 00 00 00 00 00 00 00 00 DF EE 7D 01 02 8A 2F 00 00 00 00 00 00 00 00 00 00 00 00 00 00 00 00 00 00 00  

///////////////////////////////////////////////////////////////////
 

--- 04-00 -- Set Date & Time = 00-01-01_00:30

2026/8/12 13:41:48.079 [TX] - 56 69 56 4F 74 65 63 68 32 00 04 00 00 13 DF EF 43 04 00 00 00 00 9A 03 00 01 01 9F 21 03 00 30 00 D8 0E 
2026/8/12 13:41:48.148 [RX] - 56 69 56 4F 74 65 63 68 32 00 04 00 00 00 AE 16 00 00 00 00 00 00 00 00 00 00 00 00 00 00 00 00 00 00 00 00 00 00 00 00 00 00 00 00 00 00 00 00 00 00 00 00 00 00 00 00 00 00 00 00 00 00 00  

--- 03 02 _Get Configuration

2026/8/12 13:41:48.306 [TX] - 56 69 56 4F 74 65 63 68 32 00 03 02 00 00 5B 91 
2026/8/12 13:41:48.324 [RX] - 56 69 56 4F 74 65 63 68 32 00 03 00 01 57 DF EE 2D 01 00 DF EF 43 04 00 00 00 00 9A 03 00 01 01  Date 9F 21 03 00 30 00  Time  2000-01-01 00:30 9C 01 00 5F 2A 02 08 40 5F 36 01 02 9F 02 06 00 00 00 00 00 01 9F 03 06 00 00 00 00 00 00 DF EF 59 06 00 00 00 00 04 44 9F 09 02 00 02 9F 15 02 00 00 9F 1A 02 08 40 9F 40 05 60 00 00 30 00 9F 53 01 00 9F 66 04 30 00 40 00 9F 6D 02 00 01 9F 7C 14 00 00 00 00 00 00 00 00 00 00 00 00 00 00 00 00 00 00 00 00 DF EE 28 03 00 08 E8 DF EE 29 03 00 68 E8 DF EE 34 06 00 00 00 01 00 00 DF EE 35 03 00 06 01 DF EE 36 06 00 00 00 00 80 00 DF EE 37 01 03 DF EE 38 01 00 DF 81 22 05 F8 50 AC F8 00 DF 81 20 05 F8 50 AC A0 00 DF 81 21 05 00 00 00 00 00 DF EE 44 02 FD FF DF EC 1B 04 FF FF FF FF DF ED 4A 02 00 06 DF ED 5A 08 00 00 80 00 00 00 00 00 DF EE 5C 04 01 50 00 00 DF EE 6B 08 00 00 00 00 00 00 00 00 DF EE 70 01 00 DF EE 71 02 00 00 DF EE 72 02 00 00 DF EE 73 02 00 00 DF EE 74 01 00 DF ED 18 01 01 DF EE 7E 01 00 DF EE 1C 01 03 DF EF 29 02 00 00 9F 4E 1E 00 00 00 00 00 00 00 00 00 00 00 00 00 00 00 00 00 00 00 00 00 00 00 00 00 00 00 00 00 00 DF EE 7D 01 02 81 C2 00 00 00 00 00 00 00 00 00 00 00 00 00 00 00 00 00 00 00  

--- 04-00 Set Time zone = - 01 00 00

2026/8/12 13:41:48.557 [TX] - 56 69 56 4F 74 65 63 68 32 00 04 00 00 08 DF EF 43 04 2D 01 00 00 7A CE 
2026/8/12 13:41:48.618 [RX] - 56 69 56 4F 74 65 63 68 32 00 04 00 00 00 AE 16 00 00 00 00 00 00 00 00 00 00 00 00 00 00 00 00 00 00 00 00 00 00 00 00 00 00 00 00 00 00 00 00 00 00 00 00 00 00 00 00 00 00 00 00 00 00 00  

--- 03 02 _Get Configuration

2026/8/12 13:41:48.791 [TX] - 56 69 56 4F 74 65 63 68 32 00 03 02 00 00 5B 91 
2026/8/12 13:41:48.810 [RX] - 56 69 56 4F 74 65 63 68 32 00 03 00 01 57 DF EE 2D 01 00 DF EF 43 04 2D 01 00 00 9A 03 99 12 31  Date 9F 21 03 23 30 00  Time  1999-12-31 23:30 9C 01 00 5F 2A 02 08 40 5F 36 01 02 9F 02 06 00 00 00 00 00 01 9F 03 06 00 00 00 00 00 00 DF EF 59 06 00 00 00 00 04 44 9F 09 02 00 02 9F 15 02 00 00 9F 1A 02 08 40 9F 40 05 60 00 00 30 00 9F 53 01 00 9F 66 04 30 00 40 00 9F 6D 02 00 01 9F 7C 14 00 00 00 00 00 00 00 00 00 00 00 00 00 00 00 00 00 00 00 00 DF EE 28 03 00 08 E8 DF EE 29 03 00 68 E8 DF EE 34 06 00 00 00 01 00 00 DF EE 35 03 00 06 01 DF EE 36 06 00 00 00 00 80 00 DF EE 37 01 03 DF EE 38 01 00 DF 81 22 05 F8 50 AC F8 00 DF 81 20 05 F8 50 AC A0 00 DF 81 21 05 00 00 00 00 00 DF EE 44 02 FD FF DF EC 1B 04 FF FF FF FF DF ED 4A 02 00 06 DF ED 5A 08 00 00 80 00 00 00 00 00 DF EE 5C 04 01 50 00 00 DF EE 6B 08 00 00 00 00 00 00 00 00 DF EE 70 01 00 DF EE 71 02 00 00 DF EE 72 02 00 00 DF EE 73 02 00 00 DF EE 74 01 00 DF ED 18 01 01 DF EE 7E 01 00 DF EE 1C 01 03 DF EF 29 02 00 00 9F 4E 1E 00 00 00 00 00 00 00 00 00 00 00 00 00 00 00 00 00 00 00 00 00 00 00 00 00 00 00 00 00 00 DF EE 7D 01 02 73 D5 00 00 00 00 00 00 00 00 00 00 00 00 00 00 00 00 00 00 00  

///////////////////////////////////////////////////////////////////
 

--- 04-00 -- Set Date & Time = 00-01-01_01:00

2026/8/12 13:41:49.049 [TX] - 56 69 56 4F 74 65 63 68 32 00 04 00 00 13 DF EF 43 04 00 00 00 00 9A 03 00 01 01 9F 21 03 01 00 00 7D 3C 
2026/8/12 13:41:49.119 [RX] - 56 69 56 4F 74 65 63 68 32 00 04 00 00 00 AE 16 00 00 00 00 00 00 00 00 00 00 00 00 00 00 00 00 00 00 00 00 00 00 00 00 00 00 00 00 00 00 00 00 00 00 00 00 00 00 00 00 00 00 00 00 00 00 00  

--- 03 02 _Get Configuration

2026/8/12 13:41:49.277 [TX] - 56 69 56 4F 74 65 63 68 32 00 03 02 00 00 5B 91 
2026/8/12 13:41:49.295 [RX] - 56 69 56 4F 74 65 63 68 32 00 03 00 01 57 DF EE 2D 01 00 DF EF 43 04 00 00 00 00 9A 03 00 01 01  Date 9F 21 03 01 00 00  Time  2000-01-01 01:00 9C 01 00 5F 2A 02 08 40 5F 36 01 02 9F 02 06 00 00 00 00 00 01 9F 03 06 00 00 00 00 00 00 DF EF 59 06 00 00 00 00 04 44 9F 09 02 00 02 9F 15 02 00 00 9F 1A 02 08 40 9F 40 05 60 00 00 30 00 9F 53 01 00 9F 66 04 30 00 40 00 9F 6D 02 00 01 9F 7C 14 00 00 00 00 00 00 00 00 00 00 00 00 00 00 00 00 00 00 00 00 DF EE 28 03 00 08 E8 DF EE 29 03 00 68 E8 DF EE 34 06 00 00 00 01 00 00 DF EE 35 03 00 06 01 DF EE 36 06 00 00 00 00 80 00 DF EE 37 01 03 DF EE 38 01 00 DF 81 22 05 F8 50 AC F8 00 DF 81 20 05 F8 50 AC A0 00 DF 81 21 05 00 00 00 00 00 DF EE 44 02 FD FF DF EC 1B 04 FF FF FF FF DF ED 4A 02 00 06 DF ED 5A 08 00 00 80 00 00 00 00 00 DF EE 5C 04 01 50 00 00 DF EE 6B 08 00 00 00 00 00 00 00 00 DF EE 70 01 00 DF EE 71 02 00 00 DF EE 72 02 00 00 DF EE 73 02 00 00 DF EE 74 01 00 DF ED 18 01 01 DF EE 7E 01 00 DF EE 1C 01 03 DF EF 29 02 00 00 9F 4E 1E 00 00 00 00 00 00 00 00 00 00 00 00 00 00 00 00 00 00 00 00 00 00 00 00 00 00 00 00 00 00 DF EE 7D 01 02 73 E9 00 00 00 00 00 00 00 00 00 00 00 00 00 00 00 00 00 00 00  

--- 04-00 Set Time zone = - 02 00 00

2026/8/12 13:41:49.511 [TX] - 56 69 56 4F 74 65 63 68 32 00 04 00 00 08 DF EF 43 04 2D 02 00 00 2A 97 
2026/8/12 13:41:49.574 [RX] - 56 69 56 4F 74 65 63 68 32 00 04 00 00 00 AE 16 00 00 00 00 00 00 00 00 00 00 00 00 00 00 00 00 00 00 00 00 00 00 00 00 00 00 00 00 00 00 00 00 00 00 00 00 00 00 00 00 00 00 00 00 00 00 00  

--- 03 02 _Get Configuration

2026/8/12 13:41:49.746 [TX] - 56 69 56 4F 74 65 63 68 32 00 03 02 00 00 5B 91 
2026/8/12 13:41:49.764 [RX] - 56 69 56 4F 74 65 63 68 32 00 03 00 01 57 DF EE 2D 01 00 DF EF 43 04 2D 02 00 00 9A 03 99 12 31  Date 9F 21 03 23 00 00  Time  1999-12-31 23:00 9C 01 00 5F 2A 02 08 40 5F 36 01 02 9F 02 06 00 00 00 00 00 01 9F 03 06 00 00 00 00 00 00 DF EF 59 06 00 00 00 00 04 44 9F 09 02 00 02 9F 15 02 00 00 9F 1A 02 08 40 9F 40 05 60 00 00 30 00 9F 53 01 00 9F 66 04 30 00 40 00 9F 6D 02 00 01 9F 7C 14 00 00 00 00 00 00 00 00 00 00 00 00 00 00 00 00 00 00 00 00 DF EE 28 03 00 08 E8 DF EE 29 03 00 68 E8 DF EE 34 06 00 00 00 01 00 00 DF EE 35 03 00 06 01 DF EE 36 06 00 00 00 00 80 00 DF EE 37 01 03 DF EE 38 01 00 DF 81 22 05 F8 50 AC F8 00 DF 81 20 05 F8 50 AC A0 00 DF 81 21 05 00 00 00 00 00 DF EE 44 02 FD FF DF EC 1B 04 FF FF FF FF DF ED 4A 02 00 06 DF ED 5A 08 00 00 80 00 00 00 00 00 DF EE 5C 04 01 50 00 00 DF EE 6B 08 00 00 00 00 00 00 00 00 DF EE 70 01 00 DF EE 71 02 00 00 DF EE 72 02 00 00 DF EE 73 02 00 00 DF EE 74 01 00 DF ED 18 01 01 DF EE 7E 01 00 DF EE 1C 01 03 DF EF 29 02 00 00 9F 4E 1E 00 00 00 00 00 00 00 00 00 00 00 00 00 00 00 00 00 00 00 00 00 00 00 00 00 00 00 00 00 00 DF EE 7D 01 02 FC A3 00 00 00 00 00 00 00 00 00 00 00 00 00 00 00 00 00 00 00  

///////////////////////////////////////////////////////////////////
 

--- 04-00 -- Set Date & Time = 00-01-01_02:00

2026/8/12 13:41:49.988 [TX] - 56 69 56 4F 74 65 63 68 32 00 04 00 00 13 DF EF 43 04 00 00 00 00 9A 03 00 01 01 9F 21 03 02 00 00 2D 65 
2026/8/12 13:41:50.060 [RX] - 56 69 56 4F 74 65 63 68 32 00 04 00 00 00 AE 16 00 00 00 00 00 00 00 00 00 00 00 00 00 00 00 00 00 00 00 00 00 00 00 00 00 00 00 00 00 00 00 00 00 00 00 00 00 00 00 00 00 00 00 00 00 00 00  

--- 03 02 _Get Configuration

2026/8/12 13:41:50.216 [TX] - 56 69 56 4F 74 65 63 68 32 00 03 02 00 00 5B 91 
2026/8/12 13:41:50.234 [RX] - 56 69 56 4F 74 65 63 68 32 00 03 00 01 57 DF EE 2D 01 00 DF EF 43 04 00 00 00 00 9A 03 00 01 01  Date 9F 21 03 02 00 01  Time  2000-01-01 02:00 9C 01 00 5F 2A 02 08 40 5F 36 01 02 9F 02 06 00 00 00 00 00 01 9F 03 06 00 00 00 00 00 00 DF EF 59 06 00 00 00 00 04 44 9F 09 02 00 02 9F 15 02 00 00 9F 1A 02 08 40 9F 40 05 60 00 00 30 00 9F 53 01 00 9F 66 04 30 00 40 00 9F 6D 02 00 01 9F 7C 14 00 00 00 00 00 00 00 00 00 00 00 00 00 00 00 00 00 00 00 00 DF EE 28 03 00 08 E8 DF EE 29 03 00 68 E8 DF EE 34 06 00 00 00 01 00 00 DF EE 35 03 00 06 01 DF EE 36 06 00 00 00 00 80 00 DF EE 37 01 03 DF EE 38 01 00 DF 81 22 05 F8 50 AC F8 00 DF 81 20 05 F8 50 AC A0 00 DF 81 21 05 00 00 00 00 00 DF EE 44 02 FD FF DF EC 1B 04 FF FF FF FF DF ED 4A 02 00 06 DF ED 5A 08 00 00 80 00 00 00 00 00 DF EE 5C 04 01 50 00 00 DF EE 6B 08 00 00 00 00 00 00 00 00 DF EE 70 01 00 DF EE 71 02 00 00 DF EE 72 02 00 00 DF EE 73 02 00 00 DF EE 74 01 00 DF ED 18 01 01 DF EE 7E 01 00 DF EE 1C 01 03 DF EF 29 02 00 00 9F 4E 1E 00 00 00 00 00 00 00 00 00 00 00 00 00 00 00 00 00 00 00 00 00 00 00 00 00 00 00 00 00 00 DF EE 7D 01 02 5B C9 00 00 00 00 00 00 00 00 00 00 00 00 00 00 00 00 00 00 00  

--- 04-00 Set Time zone = - 03 00 00

2026/8/12 13:41:50.466 [TX] - 56 69 56 4F 74 65 63 68 32 00 04 00 00 08 DF EF 43 04 2D 03 00 00 1A A0 
2026/8/12 13:41:50.623 [RX] - 56 69 56 4F 74 65 63 68 32 00 04 00 00 00 AE 16 00 00 00 00 00 00 00 00 00 00 00 00 00 00 00 00 00 00 00 00 00 00 00 00 00 00 00 00 00 00 00 00 00 00 00 00 00 00 00 00 00 00 00 00 00 00 00  

--- 03 02 _Get Configuration

2026/8/12 13:41:50.701 [TX] - 56 69 56 4F 74 65 63 68 32 00 03 02 00 00 5B 91 
2026/8/12 13:41:50.719 [RX] - 56 69 56 4F 74 65 63 68 32 00 03 00 01 57 DF EE 2D 01 00 DF EF 43 04 2D 03 00 00 9A 03 99 12 31  Date 9F 21 03 23 00 01  Time  1999-12-31 23:00 9C 01 00 5F 2A 02 08 40 5F 36 01 02 9F 02 06 00 00 00 00 00 01 9F 03 06 00 00 00 00 00 00 DF EF 59 06 00 00 00 00 04 44 9F 09 02 00 02 9F 15 02 00 00 9F 1A 02 08 40 9F 40 05 60 00 00 30 00 9F 53 01 00 9F 66 04 30 00 40 00 9F 6D 02 00 01 9F 7C 14 00 00 00 00 00 00 00 00 00 00 00 00 00 00 00 00 00 00 00 00 DF EE 28 03 00 08 E8 DF EE 29 03 00 68 E8 DF EE 34 06 00 00 00 01 00 00 DF EE 35 03 00 06 01 DF EE 36 06 00 00 00 00 80 00 DF EE 37 01 03 DF EE 38 01 00 DF 81 22 05 F8 50 AC F8 00 DF 81 20 05 F8 50 AC A0 00 DF 81 21 05 00 00 00 00 00 DF EE 44 02 FD FF DF EC 1B 04 FF FF FF FF DF ED 4A 02 00 06 DF ED 5A 08 00 00 80 00 00 00 00 00 DF EE 5C 04 01 50 00 00 DF EE 6B 08 00 00 00 00 00 00 00 00 DF EE 70 01 00 DF EE 71 02 00 00 DF EE 72 02 00 00 DF EE 73 02 00 00 DF EE 74 01 00 DF ED 18 01 01 DF EE 7E 01 00 DF EE 1C 01 03 DF EF 29 02 00 00 9F 4E 1E 00 00 00 00 00 00 00 00 00 00 00 00 00 00 00 00 00 00 00 00 00 00 00 00 00 00 00 00 00 00 DF EE 7D 01 02 BA F2 00 00 00 00 00 00 00 00 00 00 00 00 00 00 00 00 00 00 00  

///////////////////////////////////////////////////////////////////
 

--- 04-00 -- Set Date & Time = 00-01-01_03:00

2026/8/12 13:41:50.930 [TX] - 56 69 56 4F 74 65 63 68 32 00 04 00 00 13 DF EF 43 04 00 00 00 00 9A 03 00 01 01 9F 21 03 03 00 00 1D 52 
2026/8/12 13:41:50.995 [RX] - 56 69 56 4F 74 65 63 68 32 00 04 00 00 00 AE 16 00 00 00 00 00 00 00 00 00 00 00 00 00 00 00 00 00 00 00 00 00 00 00 00 00 00 00 00 00 00 00 00 00 00 00 00 00 00 00 00 00 00 00 00 00 00 00  

--- 03 02 _Get Configuration

2026/8/12 13:41:51.159 [TX] - 56 69 56 4F 74 65 63 68 32 00 03 02 00 00 5B 91 
2026/8/12 13:41:51.178 [RX] - 56 69 56 4F 74 65 63 68 32 00 03 00 01 57 DF EE 2D 01 00 DF EF 43 04 00 00 00 00 9A 03 00 01 01  Date 9F 21 03 03 00 00  Time  2000-01-01 03:00 9C 01 00 5F 2A 02 08 40 5F 36 01 02 9F 02 06 00 00 00 00 00 01 9F 03 06 00 00 00 00 00 00 DF EF 59 06 00 00 00 00 04 44 9F 09 02 00 02 9F 15 02 00 00 9F 1A 02 08 40 9F 40 05 60 00 00 30 00 9F 53 01 00 9F 66 04 30 00 40 00 9F 6D 02 00 01 9F 7C 14 00 00 00 00 00 00 00 00 00 00 00 00 00 00 00 00 00 00 00 00 DF EE 28 03 00 08 E8 DF EE 29 03 00 68 E8 DF EE 34 06 00 00 00 01 00 00 DF EE 35 03 00 06 01 DF EE 36 06 00 00 00 00 80 00 DF EE 37 01 03 DF EE 38 01 00 DF 81 22 05 F8 50 AC F8 00 DF 81 20 05 F8 50 AC A0 00 DF 81 21 05 00 00 00 00 00 DF EE 44 02 FD FF DF EC 1B 04 FF FF FF FF DF ED 4A 02 00 06 DF ED 5A 08 00 00 80 00 00 00 00 00 DF EE 5C 04 01 50 00 00 DF EE 6B 08 00 00 00 00 00 00 00 00 DF EE 70 01 00 DF EE 71 02 00 00 DF EE 72 02 00 00 DF EE 73 02 00 00 DF EE 74 01 00 DF ED 18 01 01 DF EE 7E 01 00 DF EE 1C 01 03 DF EF 29 02 00 00 9F 4E 1E 00 00 00 00 00 00 00 00 00 00 00 00 00 00 00 00 00 00 00 00 00 00 00 00 00 00 00 00 00 00 DF EE 7D 01 02 14 0E 00 00 00 00 00 00 00 00 00 00 00 00 00 00 00 00 00 00 00  

--- 04-00 Set Time zone = - 04 00 00

2026/8/12 13:41:51.426 [TX] - 56 69 56 4F 74 65 63 68 32 00 04 00 00 08 DF EF 43 04 2D 04 00 00 8A 25 
2026/8/12 13:41:51.487 [RX] - 56 69 56 4F 74 65 63 68 32 00 04 00 00 00 AE 16 00 00 00 00 00 00 00 00 00 00 00 00 00 00 00 00 00 00 00 00 00 00 00 00 00 00 00 00 00 00 00 00 00 00 00 00 00 00 00 00 00 00 00 00 00 00 00  

--- 03 02 _Get Configuration

2026/8/12 13:41:51.660 [TX] - 56 69 56 4F 74 65 63 68 32 00 03 02 00 00 5B 91 
2026/8/12 13:41:51.678 [RX] - 56 69 56 4F 74 65 63 68 32 00 03 00 01 57 DF EE 2D 01 00 DF EF 43 04 2D 04 00 00 9A 03 99 12 31  Date 9F 21 03 23 00 01  Time  1999-12-31 23:00 9C 01 00 5F 2A 02 08 40 5F 36 01 02 9F 02 06 00 00 00 00 00 01 9F 03 06 00 00 00 00 00 00 DF EF 59 06 00 00 00 00 04 44 9F 09 02 00 02 9F 15 02 00 00 9F 1A 02 08 40 9F 40 05 60 00 00 30 00 9F 53 01 00 9F 66 04 30 00 40 00 9F 6D 02 00 01 9F 7C 14 00 00 00 00 00 00 00 00 00 00 00 00 00 00 00 00 00 00 00 00 DF EE 28 03 00 08 E8 DF EE 29 03 00 68 E8 DF EE 34 06 00 00 00 01 00 00 DF EE 35 03 00 06 01 DF EE 36 06 00 00 00 00 80 00 DF EE 37 01 03 DF EE 38 01 00 DF 81 22 05 F8 50 AC F8 00 DF 81 20 05 F8 50 AC A0 00 DF 81 21 05 00 00 00 00 00 DF EE 44 02 FD FF DF EC 1B 04 FF FF FF FF DF ED 4A 02 00 06 DF ED 5A 08 00 00 80 00 00 00 00 00 DF EE 5C 04 01 50 00 00 DF EE 6B 08 00 00 00 00 00 00 00 00 DF EE 70 01 00 DF EE 71 02 00 00 DF EE 72 02 00 00 DF EE 73 02 00 00 DF EE 74 01 00 DF ED 18 01 01 DF EE 7E 01 00 DF EE 1C 01 03 DF EF 29 02 00 00 9F 4E 1E 00 00 00 00 00 00 00 00 00 00 00 00 00 00 00 00 00 00 00 00 00 00 00 00 00 00 00 00 00 00 DF EE 7D 01 02 95 DA 00 00 00 00 00 00 00 00 00 00 00 00 00 00 00 00 00 00 00  

///////////////////////////////////////////////////////////////////
 

--- 04-00 -- Set Date & Time = 00-01-01_04:00

2026/8/12 13:41:51.888 [TX] - 56 69 56 4F 74 65 63 68 32 00 04 00 00 13 DF EF 43 04 00 00 00 00 9A 03 00 01 01 9F 21 03 04 00 00 8D D7 
2026/8/12 13:41:51.954 [RX] - 56 69 56 4F 74 65 63 68 32 00 04 00 00 00 AE 16 00 00 00 00 00 00 00 00 00 00 00 00 00 00 00 00 00 00 00 00 00 00 00 00 00 00 00 00 00 00 00 00 00 00 00 00 00 00 00 00 00 00 00 00 00 00 00  

--- 03 02 _Get Configuration

2026/8/12 13:41:52.118 [TX] - 56 69 56 4F 74 65 63 68 32 00 03 02 00 00 5B 91 
2026/8/12 13:41:52.137 [RX] - 56 69 56 4F 74 65 63 68 32 00 03 00 01 57 DF EE 2D 01 00 DF EF 43 04 00 00 00 00 9A 03 00 01 01  Date 9F 21 03 04 00 00  Time  2000-01-01 04:00 9C 01 00 5F 2A 02 08 40 5F 36 01 02 9F 02 06 00 00 00 00 00 01 9F 03 06 00 00 00 00 00 00 DF EF 59 06 00 00 00 00 04 44 9F 09 02 00 02 9F 15 02 00 00 9F 1A 02 08 40 9F 40 05 60 00 00 30 00 9F 53 01 00 9F 66 04 30 00 40 00 9F 6D 02 00 01 9F 7C 14 00 00 00 00 00 00 00 00 00 00 00 00 00 00 00 00 00 00 00 00 DF EE 28 03 00 08 E8 DF EE 29 03 00 68 E8 DF EE 34 06 00 00 00 01 00 00 DF EE 35 03 00 06 01 DF EE 36 06 00 00 00 00 80 00 DF EE 37 01 03 DF EE 38 01 00 DF 81 22 05 F8 50 AC F8 00 DF 81 20 05 F8 50 AC A0 00 DF 81 21 05 00 00 00 00 00 DF EE 44 02 FD FF DF EC 1B 04 FF FF FF FF DF ED 4A 02 00 06 DF ED 5A 08 00 00 80 00 00 00 00 00 DF EE 5C 04 01 50 00 00 DF EE 6B 08 00 00 00 00 00 00 00 00 DF EE 70 01 00 DF EE 71 02 00 00 DF EE 72 02 00 00 DF EE 73 02 00 00 DF EE 74 01 00 DF ED 18 01 01 DF EE 7E 01 00 DF EE 1C 01 03 DF EF 29 02 00 00 9F 4E 1E 00 00 00 00 00 00 00 00 00 00 00 00 00 00 00 00 00 00 00 00 00 00 00 00 00 00 00 00 00 00 DF EE 7D 01 02 07 C4 00 00 00 00 00 00 00 00 00 00 00 00 00 00 00 00 00 00 00  

--- 04-00 Set Time zone = - 05 00 00

2026/8/12 13:41:52.379 [TX] - 56 69 56 4F 74 65 63 68 32 00 04 00 00 08 DF EF 43 04 2D 05 00 00 BA 12 
2026/8/12 13:41:52.441 [RX] - 56 69 56 4F 74 65 63 68 32 00 04 00 00 00 AE 16 00 00 00 00 00 00 00 00 00 00 00 00 00 00 00 00 00 00 00 00 00 00 00 00 00 00 00 00 00 00 00 00 00 00 00 00 00 00 00 00 00 00 00 00 00 00 00  

--- 03 02 _Get Configuration

2026/8/12 13:41:52.613 [TX] - 56 69 56 4F 74 65 63 68 32 00 03 02 00 00 5B 91 
2026/8/12 13:41:52.631 [RX] - 56 69 56 4F 74 65 63 68 32 00 03 00 01 57 DF EE 2D 01 00 DF EF 43 04 2D 05 00 00 9A 03 99 12 31  Date 9F 21 03 23 00 01  Time  1999-12-31 23:00 9C 01 00 5F 2A 02 08 40 5F 36 01 02 9F 02 06 00 00 00 00 00 01 9F 03 06 00 00 00 00 00 00 DF EF 59 06 00 00 00 00 04 44 9F 09 02 00 02 9F 15 02 00 00 9F 1A 02 08 40 9F 40 05 60 00 00 30 00 9F 53 01 00 9F 66 04 30 00 40 00 9F 6D 02 00 01 9F 7C 14 00 00 00 00 00 00 00 00 00 00 00 00 00 00 00 00 00 00 00 00 DF EE 28 03 00 08 E8 DF EE 29 03 00 68 E8 DF EE 34 06 00 00 00 01 00 00 DF EE 35 03 00 06 01 DF EE 36 06 00 00 00 00 80 00 DF EE 37 01 03 DF EE 38 01 00 DF 81 22 05 F8 50 AC F8 00 DF 81 20 05 F8 50 AC A0 00 DF 81 21 05 00 00 00 00 00 DF EE 44 02 FD FF DF EC 1B 04 FF FF FF FF DF ED 4A 02 00 06 DF ED 5A 08 00 00 80 00 00 00 00 00 DF EE 5C 04 01 50 00 00 DF EE 6B 08 00 00 00 00 00 00 00 00 DF EE 70 01 00 DF EE 71 02 00 00 DF EE 72 02 00 00 DF EE 73 02 00 00 DF EE 74 01 00 DF ED 18 01 01 DF EE 7E 01 00 DF EE 1C 01 03 DF EF 29 02 00 00 9F 4E 1E 00 00 00 00 00 00 00 00 00 00 00 00 00 00 00 00 00 00 00 00 00 00 00 00 00 00 00 00 00 00 DF EE 7D 01 02 27 AF 00 00 00 00 00 00 00 00 00 00 00 00 00 00 00 00 00 00 00  

///////////////////////////////////////////////////////////////////
 

--- 04-00 -- Set Date & Time = 00-01-01_05:00

2026/8/12 13:41:52.852 [TX] - 56 69 56 4F 74 65 63 68 32 00 04 00 00 13 DF EF 43 04 00 00 00 00 9A 03 00 01 01 9F 21 03 05 00 00 BD E0 
2026/8/12 13:41:52.920 [RX] - 56 69 56 4F 74 65 63 68 32 00 04 00 00 00 AE 16 00 00 00 00 00 00 00 00 00 00 00 00 00 00 00 00 00 00 00 00 00 00 00 00 00 00 00 00 00 00 00 00 00 00 00 00 00 00 00 00 00 00 00 00 00 00 00  

--- 03 02 _Get Configuration

2026/8/12 13:41:53.080 [TX] - 56 69 56 4F 74 65 63 68 32 00 03 02 00 00 5B 91 
2026/8/12 13:41:53.099 [RX] - 56 69 56 4F 74 65 63 68 32 00 03 00 01 57 DF EE 2D 01 00 DF EF 43 04 00 00 00 00 9A 03 00 01 01  Date 9F 21 03 05 00 00  Time  2000-01-01 05:00 9C 01 00 5F 2A 02 08 40 5F 36 01 02 9F 02 06 00 00 00 00 00 01 9F 03 06 00 00 00 00 00 00 DF EF 59 06 00 00 00 00 04 44 9F 09 02 00 02 9F 15 02 00 00 9F 1A 02 08 40 9F 40 05 60 00 00 30 00 9F 53 01 00 9F 66 04 30 00 40 00 9F 6D 02 00 01 9F 7C 14 00 00 00 00 00 00 00 00 00 00 00 00 00 00 00 00 00 00 00 00 DF EE 28 03 00 08 E8 DF EE 29 03 00 68 E8 DF EE 34 06 00 00 00 01 00 00 DF EE 35 03 00 06 01 DF EE 36 06 00 00 00 00 80 00 DF EE 37 01 03 DF EE 38 01 00 DF 81 22 05 F8 50 AC F8 00 DF 81 20 05 F8 50 AC A0 00 DF 81 21 05 00 00 00 00 00 DF EE 44 02 FD FF DF EC 1B 04 FF FF FF FF DF ED 4A 02 00 06 DF ED 5A 08 00 00 80 00 00 00 00 00 DF EE 5C 04 01 50 00 00 DF EE 6B 08 00 00 00 00 00 00 00 00 DF EE 70 01 00 DF EE 71 02 00 00 DF EE 72 02 00 00 DF EE 73 02 00 00 DF EE 74 01 00 DF ED 18 01 01 DF EE 7E 01 00 DF EE 1C 01 03 DF EF 29 02 00 00 9F 4E 1E 00 00 00 00 00 00 00 00 00 00 00 00 00 00 00 00 00 00 00 00 00 00 00 00 00 00 00 00 00 00 DF EE 7D 01 02 BC 27 00 00 00 00 00 00 00 00 00 00 00 00 00 00 00 00 00 00 00  

--- 04-00 Set Time zone = - 06 00 00

2026/8/12 13:41:53.329 [TX] - 56 69 56 4F 74 65 63 68 32 00 04 00 00 08 DF EF 43 04 2D 06 00 00 EA 4B 
2026/8/12 13:41:53.478 [RX] - 56 69 56 4F 74 65 63 68 32 00 04 00 00 00 AE 16 00 00 00 00 00 00 00 00 00 00 00 00 00 00 00 00 00 00 00 00 00 00 00 00 00 00 00 00 00 00 00 00 00 00 00 00 00 00 00 00 00 00 00 00 00 00 00  

--- 03 02 _Get Configuration

2026/8/12 13:41:53.564 [TX] - 56 69 56 4F 74 65 63 68 32 00 03 02 00 00 5B 91 
2026/8/12 13:41:53.582 [RX] - 56 69 56 4F 74 65 63 68 32 00 03 00 01 57 DF EE 2D 01 00 DF EF 43 04 2D 06 00 00 9A 03 99 12 31  Date 9F 21 03 23 00 01  Time  1999-12-31 23:00 9C 01 00 5F 2A 02 08 40 5F 36 01 02 9F 02 06 00 00 00 00 00 01 9F 03 06 00 00 00 00 00 00 DF EF 59 06 00 00 00 00 04 44 9F 09 02 00 02 9F 15 02 00 00 9F 1A 02 08 40 9F 40 05 60 00 00 30 00 9F 53 01 00 9F 66 04 30 00 40 00 9F 6D 02 00 01 9F 7C 14 00 00 00 00 00 00 00 00 00 00 00 00 00 00 00 00 00 00 00 00 DF EE 28 03 00 08 E8 DF EE 29 03 00 68 E8 DF EE 34 06 00 00 00 01 00 00 DF EE 35 03 00 06 01 DF EE 36 06 00 00 00 00 80 00 DF EE 37 01 03 DF EE 38 01 00 DF 81 22 05 F8 50 AC F8 00 DF 81 20 05 F8 50 AC A0 00 DF 81 21 05 00 00 00 00 00 DF EE 44 02 FD FF DF EC 1B 04 FF FF FF FF DF ED 4A 02 00 06 DF ED 5A 08 00 00 80 00 00 00 00 00 DF EE 5C 04 01 50 00 00 DF EE 6B 08 00 00 00 00 00 00 00 00 DF EE 70 01 00 DF EE 71 02 00 00 DF EE 72 02 00 00 DF EE 73 02 00 00 DF EE 74 01 00 DF ED 18 01 01 DF EE 7E 01 00 DF EE 1C 01 03 DF EF 29 02 00 00 9F 4E 1E 00 00 00 00 00 00 00 00 00 00 00 00 00 00 00 00 00 00 00 00 00 00 00 00 00 00 00 00 00 00 DF EE 7D 01 02 E1 11 00 00 00 00 00 00 00 00 00 00 00 00 00 00 00 00 00 00 00  

///////////////////////////////////////////////////////////////////
 

--- 04-00 -- Set Date & Time = 00-01-01_06:00

2026/8/12 13:41:53.806 [TX] - 56 69 56 4F 74 65 63 68 32 00 04 00 00 13 DF EF 43 04 00 00 00 00 9A 03 00 01 01 9F 21 03 06 00 00 ED B9 
2026/8/12 13:41:53.907 [RX] - 56 69 56 4F 74 65 63 68 32 00 04 00 00 00 AE 16 00 00 00 00 00 00 00 00 00 00 00 00 00 00 00 00 00 00 00 00 00 00 00 00 00 00 00 00 00 00 00 00 00 00 00 00 00 00 00 00 00 00 00 00 00 00 00  

--- 03 02 _Get Configuration

2026/8/12 13:41:54.032 [TX] - 56 69 56 4F 74 65 63 68 32 00 03 02 00 00 5B 91 
2026/8/12 13:41:54.050 [RX] - 56 69 56 4F 74 65 63 68 32 00 03 00 01 57 DF EE 2D 01 00 DF EF 43 04 00 00 00 00 9A 03 00 01 01  Date 9F 21 03 06 00 00  Time  2000-01-01 06:00 9C 01 00 5F 2A 02 08 40 5F 36 01 02 9F 02 06 00 00 00 00 00 01 9F 03 06 00 00 00 00 00 00 DF EF 59 06 00 00 00 00 04 44 9F 09 02 00 02 9F 15 02 00 00 9F 1A 02 08 40 9F 40 05 60 00 00 30 00 9F 53 01 00 9F 66 04 30 00 40 00 9F 6D 02 00 01 9F 7C 14 00 00 00 00 00 00 00 00 00 00 00 00 00 00 00 00 00 00 00 00 DF EE 28 03 00 08 E8 DF EE 29 03 00 68 E8 DF EE 34 06 00 00 00 01 00 00 DF EE 35 03 00 06 01 DF EE 36 06 00 00 00 00 80 00 DF EE 37 01 03 DF EE 38 01 00 DF 81 22 05 F8 50 AC F8 00 DF 81 20 05 F8 50 AC A0 00 DF 81 21 05 00 00 00 00 00 DF EE 44 02 FD FF DF EC 1B 04 FF FF FF FF DF ED 4A 02 00 06 DF ED 5A 08 00 00 80 00 00 00 00 00 DF EE 5C 04 01 50 00 00 DF EE 6B 08 00 00 00 00 00 00 00 00 DF EE 70 01 00 DF EE 71 02 00 00 DF EE 72 02 00 00 DF EE 73 02 00 00 DF EE 74 01 00 DF ED 18 01 01 DF EE 7E 01 00 DF EE 1C 01 03 DF EF 29 02 00 00 9F 4E 1E 00 00 00 00 00 00 00 00 00 00 00 00 00 00 00 00 00 00 00 00 00 00 00 00 00 00 00 00 00 00 DF EE 7D 01 02 60 23 00 00 00 00 00 00 00 00 00 00 00 00 00 00 00 00 00 00 00  

--- 04-00 Set Time zone = - 07 00 00

2026/8/12 13:41:54.290 [TX] - 56 69 56 4F 74 65 63 68 32 00 04 00 00 08 DF EF 43 04 2D 07 00 00 DA 7C 
2026/8/12 13:41:54.351 [RX] - 56 69 56 4F 74 65 63 68 32 00 04 00 00 00 AE 16 00 00 00 00 00 00 00 00 00 00 00 00 00 00 00 00 00 00 00 00 00 00 00 00 00 00 00 00 00 00 00 00 00 00 00 00 00 00 00 00 00 00 00 00 00 00 00  

--- 03 02 _Get Configuration

2026/8/12 13:41:54.518 [TX] - 56 69 56 4F 74 65 63 68 32 00 03 02 00 00 5B 91 
2026/8/12 13:41:54.536 [RX] - 56 69 56 4F 74 65 63 68 32 00 03 00 01 57 DF EE 2D 01 00 DF EF 43 04 2D 07 00 00 9A 03 99 12 31  Date 9F 21 03 23 00 00  Time  1999-12-31 23:00 9C 01 00 5F 2A 02 08 40 5F 36 01 02 9F 02 06 00 00 00 00 00 01 9F 03 06 00 00 00 00 00 00 DF EF 59 06 00 00 00 00 04 44 9F 09 02 00 02 9F 15 02 00 00 9F 1A 02 08 40 9F 40 05 60 00 00 30 00 9F 53 01 00 9F 66 04 30 00 40 00 9F 6D 02 00 01 9F 7C 14 00 00 00 00 00 00 00 00 00 00 00 00 00 00 00 00 00 00 00 00 DF EE 28 03 00 08 E8 DF EE 29 03 00 68 E8 DF EE 34 06 00 00 00 01 00 00 DF EE 35 03 00 06 01 DF EE 36 06 00 00 00 00 80 00 DF EE 37 01 03 DF EE 38 01 00 DF 81 22 05 F8 50 AC F8 00 DF 81 20 05 F8 50 AC A0 00 DF 81 21 05 00 00 00 00 00 DF EE 44 02 FD FF DF EC 1B 04 FF FF FF FF DF ED 4A 02 00 06 DF ED 5A 08 00 00 80 00 00 00 00 00 DF EE 5C 04 01 50 00 00 DF EE 6B 08 00 00 00 00 00 00 00 00 DF EE 70 01 00 DF EE 71 02 00 00 DF EE 72 02 00 00 DF EE 73 02 00 00 DF EE 74 01 00 DF ED 18 01 01 DF EE 7E 01 00 DF EE 1C 01 03 DF EF 29 02 00 00 9F 4E 1E 00 00 00 00 00 00 00 00 00 00 00 00 00 00 00 00 00 00 00 00 00 00 00 00 00 00 00 00 00 00 DF EE 7D 01 02 A7 40 00 00 00 00 00 00 00 00 00 00 00 00 00 00 00 00 00 00 00  

///////////////////////////////////////////////////////////////////
 

--- 04-00 -- Set Date & Time = 00-01-01_07:00

2026/8/12 13:41:54.763 [TX] - 56 69 56 4F 74 65 63 68 32 00 04 00 00 13 DF EF 43 04 00 00 00 00 9A 03 00 01 01 9F 21 03 07 00 00 DD 8E 
2026/8/12 13:41:54.831 [RX] - 56 69 56 4F 74 65 63 68 32 00 04 00 00 00 AE 16 00 00 00 00 00 00 00 00 00 00 00 00 00 00 00 00 00 00 00 00 00 00 00 00 00 00 00 00 00 00 00 00 00 00 00 00 00 00 00 00 00 00 00 00 00 00 00  

--- 03 02 _Get Configuration

2026/8/12 13:41:54.990 [TX] - 56 69 56 4F 74 65 63 68 32 00 03 02 00 00 5B 91 
2026/8/12 13:41:55.008 [RX] - 56 69 56 4F 74 65 63 68 32 00 03 00 01 57 DF EE 2D 01 00 DF EF 43 04 00 00 00 00 9A 03 00 01 01  Date 9F 21 03 07 00 00  Time  2000-01-01 07:00 9C 01 00 5F 2A 02 08 40 5F 36 01 02 9F 02 06 00 00 00 00 00 01 9F 03 06 00 00 00 00 00 00 DF EF 59 06 00 00 00 00 04 44 9F 09 02 00 02 9F 15 02 00 00 9F 1A 02 08 40 9F 40 05 60 00 00 30 00 9F 53 01 00 9F 66 04 30 00 40 00 9F 6D 02 00 01 9F 7C 14 00 00 00 00 00 00 00 00 00 00 00 00 00 00 00 00 00 00 00 00 DF EE 28 03 00 08 E8 DF EE 29 03 00 68 E8 DF EE 34 06 00 00 00 01 00 00 DF EE 35 03 00 06 01 DF EE 36 06 00 00 00 00 80 00 DF EE 37 01 03 DF EE 38 01 00 DF 81 22 05 F8 50 AC F8 00 DF 81 20 05 F8 50 AC A0 00 DF 81 21 05 00 00 00 00 00 DF EE 44 02 FD FF DF EC 1B 04 FF FF FF FF DF ED 4A 02 00 06 DF ED 5A 08 00 00 80 00 00 00 00 00 DF EE 5C 04 01 50 00 00 DF EE 6B 08 00 00 00 00 00 00 00 00 DF EE 70 01 00 DF EE 71 02 00 00 DF EE 72 02 00 00 DF EE 73 02 00 00 DF EE 74 01 00 DF ED 18 01 01 DF EE 7E 01 00 DF EE 1C 01 03 DF EF 29 02 00 00 9F 4E 1E 00 00 00 00 00 00 00 00 00 00 00 00 00 00 00 00 00 00 00 00 00 00 00 00 00 00 00 00 00 00 DF EE 7D 01 02 DB C0 00 00 00 00 00 00 00 00 00 00 00 00 00 00 00 00 00 00 00  

--- 04-00 Set Time zone = - 08 00 00

2026/8/12 13:41:55.241 [TX] - 56 69 56 4F 74 65 63 68 32 00 04 00 00 08 DF EF 43 04 2D 08 00 00 EB 50 
2026/8/12 13:41:55.303 [RX] - 56 69 56 4F 74 65 63 68 32 00 04 00 00 00 AE 16 00 00 00 00 00 00 00 00 00 00 00 00 00 00 00 00 00 00 00 00 00 00 00 00 00 00 00 00 00 00 00 00 00 00 00 00 00 00 00 00 00 00 00 00 00 00 00  

--- 03 02 _Get Configuration

2026/8/12 13:41:55.479 [TX] - 56 69 56 4F 74 65 63 68 32 00 03 02 00 00 5B 91 
2026/8/12 13:41:55.497 [RX] - 56 69 56 4F 74 65 63 68 32 00 03 00 01 57 DF EE 2D 01 00 DF EF 43 04 2D 08 00 00 9A 03 99 12 31  Date 9F 21 03 23 00 00  Time  1999-12-31 23:00 9C 01 00 5F 2A 02 08 40 5F 36 01 02 9F 02 06 00 00 00 00 00 01 9F 03 06 00 00 00 00 00 00 DF EF 59 06 00 00 00 00 04 44 9F 09 02 00 02 9F 15 02 00 00 9F 1A 02 08 40 9F 40 05 60 00 00 30 00 9F 53 01 00 9F 66 04 30 00 40 00 9F 6D 02 00 01 9F 7C 14 00 00 00 00 00 00 00 00 00 00 00 00 00 00 00 00 00 00 00 00 DF EE 28 03 00 08 E8 DF EE 29 03 00 68 E8 DF EE 34 06 00 00 00 01 00 00 DF EE 35 03 00 06 01 DF EE 36 06 00 00 00 00 80 00 DF EE 37 01 03 DF EE 38 01 00 DF 81 22 05 F8 50 AC F8 00 DF 81 20 05 F8 50 AC A0 00 DF 81 21 05 00 00 00 00 00 DF EE 44 02 FD FF DF EC 1B 04 FF FF FF FF DF ED 4A 02 00 06 DF ED 5A 08 00 00 80 00 00 00 00 00 DF EE 5C 04 01 50 00 00 DF EE 6B 08 00 00 00 00 00 00 00 00 DF EE 70 01 00 DF EE 71 02 00 00 DF EE 72 02 00 00 DF EE 73 02 00 00 DF EE 74 01 00 DF ED 18 01 01 DF EE 7E 01 00 DF EE 1C 01 03 DF EF 29 02 00 00 9F 4E 1E 00 00 00 00 00 00 00 00 00 00 00 00 00 00 00 00 00 00 00 00 00 00 00 00 00 00 00 00 00 00 DF EE 7D 01 02 4B 65 00 00 00 00 00 00 00 00 00 00 00 00 00 00 00 00 00 00 00  

///////////////////////////////////////////////////////////////////
 

--- 04-00 -- Set Date & Time = 00-01-01_08:00

2026/8/12 13:41:55.720 [TX] - 56 69 56 4F 74 65 63 68 32 00 04 00 00 13 DF EF 43 04 00 00 00 00 9A 03 00 01 01 9F 21 03 08 00 00 EC A2 
2026/8/12 13:41:55.789 [RX] - 56 69 56 4F 74 65 63 68 32 00 04 00 00 00 AE 16 00 00 00 00 00 00 00 00 00 00 00 00 00 00 00 00 00 00 00 00 00 00 00 00 00 00 00 00 00 00 00 00 00 00 00 00 00 00 00 00 00 00 00 00 00 00 00  

--- 03 02 _Get Configuration

2026/8/12 13:41:55.948 [TX] - 56 69 56 4F 74 65 63 68 32 00 03 02 00 00 5B 91 
2026/8/12 13:41:55.966 [RX] - 56 69 56 4F 74 65 63 68 32 00 03 00 01 57 DF EE 2D 01 00 DF EF 43 04 00 00 00 00 9A 03 00 01 01  Date 9F 21 03 08 00 00  Time  2000-01-01 08:00 9C 01 00 5F 2A 02 08 40 5F 36 01 02 9F 02 06 00 00 00 00 00 01 9F 03 06 00 00 00 00 00 00 DF EF 59 06 00 00 00 00 04 44 9F 09 02 00 02 9F 15 02 00 00 9F 1A 02 08 40 9F 40 05 60 00 00 30 00 9F 53 01 00 9F 66 04 30 00 40 00 9F 6D 02 00 01 9F 7C 14 00 00 00 00 00 00 00 00 00 00 00 00 00 00 00 00 00 00 00 00 DF EE 28 03 00 08 E8 DF EE 29 03 00 68 E8 DF EE 34 06 00 00 00 01 00 00 DF EE 35 03 00 06 01 DF EE 36 06 00 00 00 00 80 00 DF EE 37 01 03 DF EE 38 01 00 DF 81 22 05 F8 50 AC F8 00 DF 81 20 05 F8 50 AC A0 00 DF 81 21 05 00 00 00 00 00 DF EE 44 02 FD FF DF EC 1B 04 FF FF FF FF DF ED 4A 02 00 06 DF ED 5A 08 00 00 80 00 00 00 00 00 DF EE 5C 04 01 50 00 00 DF EE 6B 08 00 00 00 00 00 00 00 00 DF EE 70 01 00 DF EE 71 02 00 00 DF EE 72 02 00 00 DF EE 73 02 00 00 DF EE 74 01 00 DF ED 18 01 01 DF EE 7E 01 00 DF EE 1C 01 03 DF EF 29 02 00 00 9F 4E 1E 00 00 00 00 00 00 00 00 00 00 00 00 00 00 00 00 00 00 00 00 00 00 00 00 00 00 00 00 00 00 DF EE 7D 01 02 47 B7 00 00 00 00 00 00 00 00 00 00 00 00 00 00 00 00 00 00 00  

--- 04-00 Set Time zone = - 09 00 00

2026/8/12 13:41:56.198 [TX] - 56 69 56 4F 74 65 63 68 32 00 04 00 00 08 DF EF 43 04 2D 09 00 00 DB 67 
2026/8/12 13:41:56.357 [RX] - 56 69 56 4F 74 65 63 68 32 00 04 00 00 00 AE 16 00 00 00 00 00 00 00 00 00 00 00 00 00 00 00 00 00 00 00 00 00 00 00 00 00 00 00 00 00 00 00 00 00 00 00 00 00 00 00 00 00 00 00 00 00 00 00  

--- 03 02 _Get Configuration

2026/8/12 13:41:56.433 [TX] - 56 69 56 4F 74 65 63 68 32 00 03 02 00 00 5B 91 
2026/8/12 13:41:56.450 [RX] - 56 69 56 4F 74 65 63 68 32 00 03 00 01 57 DF EE 2D 01 00 DF EF 43 04 2D 09 00 00 9A 03 99 12 31  Date 9F 21 03 23 00 00  Time  1999-12-31 23:00 9C 01 00 5F 2A 02 08 40 5F 36 01 02 9F 02 06 00 00 00 00 00 01 9F 03 06 00 00 00 00 00 00 DF EF 59 06 00 00 00 00 04 44 9F 09 02 00 02 9F 15 02 00 00 9F 1A 02 08 40 9F 40 05 60 00 00 30 00 9F 53 01 00 9F 66 04 30 00 40 00 9F 6D 02 00 01 9F 7C 14 00 00 00 00 00 00 00 00 00 00 00 00 00 00 00 00 00 00 00 00 DF EE 28 03 00 08 E8 DF EE 29 03 00 68 E8 DF EE 34 06 00 00 00 01 00 00 DF EE 35 03 00 06 01 DF EE 36 06 00 00 00 00 80 00 DF EE 37 01 03 DF EE 38 01 00 DF 81 22 05 F8 50 AC F8 00 DF 81 20 05 F8 50 AC A0 00 DF 81 21 05 00 00 00 00 00 DF EE 44 02 FD FF DF EC 1B 04 FF FF FF FF DF ED 4A 02 00 06 DF ED 5A 08 00 00 80 00 00 00 00 00 DF EE 5C 04 01 50 00 00 DF EE 6B 08 00 00 00 00 00 00 00 00 DF EE 70 01 00 DF EE 71 02 00 00 DF EE 72 02 00 00 DF EE 73 02 00 00 DF EE 74 01 00 DF ED 18 01 01 DF EE 7E 01 00 DF EE 1C 01 03 DF EF 29 02 00 00 9F 4E 1E 00 00 00 00 00 00 00 00 00 00 00 00 00 00 00 00 00 00 00 00 00 00 00 00 00 00 00 00 00 00 DF EE 7D 01 02 F9 10 00 00 00 00 00 00 00 00 00 00 00 00 00 00 00 00 00 00 00  

///////////////////////////////////////////////////////////////////
 

--- 04-00 -- Set Date & Time = 00-01-01_09:00

2026/8/12 13:41:56.681 [TX] - 56 69 56 4F 74 65 63 68 32 00 04 00 00 13 DF EF 43 04 00 00 00 00 9A 03 00 01 01 9F 21 03 09 00 00 DC 95 
2026/8/12 13:41:56.749 [RX] - 56 69 56 4F 74 65 63 68 32 00 04 00 00 00 AE 16 00 00 00 00 00 00 00 00 00 00 00 00 00 00 00 00 00 00 00 00 00 00 00 00 00 00 00 00 00 00 00 00 00 00 00 00 00 00 00 00 00 00 00 00 00 00 00  

--- 03 02 _Get Configuration

2026/8/12 13:41:56.918 [TX] - 56 69 56 4F 74 65 63 68 32 00 03 02 00 00 5B 91 
2026/8/12 13:41:56.936 [RX] - 56 69 56 4F 74 65 63 68 32 00 03 00 01 57 DF EE 2D 01 00 DF EF 43 04 00 00 00 00 9A 03 00 01 01  Date 9F 21 03 09 00 01  Time  2000-01-01 09:00 9C 01 00 5F 2A 02 08 40 5F 36 01 02 9F 02 06 00 00 00 00 00 01 9F 03 06 00 00 00 00 00 00 DF EF 59 06 00 00 00 00 04 44 9F 09 02 00 02 9F 15 02 00 00 9F 1A 02 08 40 9F 40 05 60 00 00 30 00 9F 53 01 00 9F 66 04 30 00 40 00 9F 6D 02 00 01 9F 7C 14 00 00 00 00 00 00 00 00 00 00 00 00 00 00 00 00 00 00 00 00 DF EE 28 03 00 08 E8 DF EE 29 03 00 68 E8 DF EE 34 06 00 00 00 01 00 00 DF EE 35 03 00 06 01 DF EE 36 06 00 00 00 00 80 00 DF EE 37 01 03 DF EE 38 01 00 DF 81 22 05 F8 50 AC F8 00 DF 81 20 05 F8 50 AC A0 00 DF 81 21 05 00 00 00 00 00 DF EE 44 02 FD FF DF EC 1B 04 FF FF FF FF DF ED 4A 02 00 06 DF ED 5A 08 00 00 80 00 00 00 00 00 DF EE 5C 04 01 50 00 00 DF EE 6B 08 00 00 00 00 00 00 00 00 DF EE 70 01 00 DF EE 71 02 00 00 DF EE 72 02 00 00 DF EE 73 02 00 00 DF EE 74 01 00 DF ED 18 01 01 DF EE 7E 01 00 DF EE 1C 01 03 DF EF 29 02 00 00 9F 4E 1E 00 00 00 00 00 00 00 00 00 00 00 00 00 00 00 00 00 00 00 00 00 00 00 00 00 00 00 00 00 00 DF EE 7D 01 02 08 70 00 00 00 00 00 00 00 00 00 00 00 00 00 00 00 00 00 00 00  

--- 04-00 Set Time zone = - 10 00 00

2026/8/12 13:41:57.169 [TX] - 56 69 56 4F 74 65 63 68 32 00 04 00 00 08 DF EF 43 04 2D 0A 00 00 8B 3E 
2026/8/12 13:41:57.232 [RX] - 56 69 56 4F 74 65 63 68 32 00 04 00 00 00 AE 16 00 00 00 00 00 00 00 00 00 00 00 00 00 00 00 00 00 00 00 00 00 00 00 00 00 00 00 00 00 00 00 00 00 00 00 00 00 00 00 00 00 00 00 00 00 00 00  

--- 03 02 _Get Configuration

2026/8/12 13:41:57.408 [TX] - 56 69 56 4F 74 65 63 68 32 00 03 02 00 00 5B 91 
2026/8/12 13:41:57.426 [RX] - 56 69 56 4F 74 65 63 68 32 00 03 00 01 57 DF EE 2D 01 00 DF EF 43 04 2D 0A 00 00 9A 03 99 12 31  Date 9F 21 03 23 00 01  Time  1999-12-31 23:00 9C 01 00 5F 2A 02 08 40 5F 36 01 02 9F 02 06 00 00 00 00 00 01 9F 03 06 00 00 00 00 00 00 DF EF 59 06 00 00 00 00 04 44 9F 09 02 00 02 9F 15 02 00 00 9F 1A 02 08 40 9F 40 05 60 00 00 30 00 9F 53 01 00 9F 66 04 30 00 40 00 9F 6D 02 00 01 9F 7C 14 00 00 00 00 00 00 00 00 00 00 00 00 00 00 00 00 00 00 00 00 DF EE 28 03 00 08 E8 DF EE 29 03 00 68 E8 DF EE 34 06 00 00 00 01 00 00 DF EE 35 03 00 06 01 DF EE 36 06 00 00 00 00 80 00 DF EE 37 01 03 DF EE 38 01 00 DF 81 22 05 F8 50 AC F8 00 DF 81 20 05 F8 50 AC A0 00 DF 81 21 05 00 00 00 00 00 DF EE 44 02 FD FF DF EC 1B 04 FF FF FF FF DF ED 4A 02 00 06 DF ED 5A 08 00 00 80 00 00 00 00 00 DF EE 5C 04 01 50 00 00 DF EE 6B 08 00 00 00 00 00 00 00 00 DF EE 70 01 00 DF EE 71 02 00 00 DF EE 72 02 00 00 DF EE 73 02 00 00 DF EE 74 01 00 DF ED 18 01 01 DF EE 7E 01 00 DF EE 1C 01 03 DF EF 29 02 00 00 9F 4E 1E 00 00 00 00 00 00 00 00 00 00 00 00 00 00 00 00 00 00 00 00 00 00 00 00 00 00 00 00 00 00 DF EE 7D 01 02 CB 8A 00 00 00 00 00 00 00 00 00 00 00 00 00 00 00 00 00 00 00  

///////////////////////////////////////////////////////////////////
 

--- 04-00 -- Set Date & Time = 00-01-01_10:00

2026/8/12 13:41:57.648 [TX] - 56 69 56 4F 74 65 63 68 32 00 04 00 00 13 DF EF 43 04 00 00 00 00 9A 03 00 01 01 9F 21 03 10 00 00 2E 48 
2026/8/12 13:41:57.717 [RX] - 56 69 56 4F 74 65 63 68 32 00 04 00 00 00 AE 16 00 00 00 00 00 00 00 00 00 00 00 00 00 00 00 00 00 00 00 00 00 00 00 00 00 00 00 00 00 00 00 00 00 00 00 00 00 00 00 00 00 00 00 00 00 00 00  

--- 03 02 _Get Configuration

2026/8/12 13:41:57.871 [TX] - 56 69 56 4F 74 65 63 68 32 00 03 02 00 00 5B 91 
2026/8/12 13:41:57.890 [RX] - 56 69 56 4F 74 65 63 68 32 00 03 00 01 57 DF EE 2D 01 00 DF EF 43 04 00 00 00 00 9A 03 00 01 01  Date 9F 21 03 10 00 01  Time  2000-01-01 10:00 9C 01 00 5F 2A 02 08 40 5F 36 01 02 9F 02 06 00 00 00 00 00 01 9F 03 06 00 00 00 00 00 00 DF EF 59 06 00 00 00 00 04 44 9F 09 02 00 02 9F 15 02 00 00 9F 1A 02 08 40 9F 40 05 60 00 00 30 00 9F 53 01 00 9F 66 04 30 00 40 00 9F 6D 02 00 01 9F 7C 14 00 00 00 00 00 00 00 00 00 00 00 00 00 00 00 00 00 00 00 00 DF EE 28 03 00 08 E8 DF EE 29 03 00 68 E8 DF EE 34 06 00 00 00 01 00 00 DF EE 35 03 00 06 01 DF EE 36 06 00 00 00 00 80 00 DF EE 37 01 03 DF EE 38 01 00 DF 81 22 05 F8 50 AC F8 00 DF 81 20 05 F8 50 AC A0 00 DF 81 21 05 00 00 00 00 00 DF EE 44 02 FD FF DF EC 1B 04 FF FF FF FF DF ED 4A 02 00 06 DF ED 5A 08 00 00 80 00 00 00 00 00 DF EE 5C 04 01 50 00 00 DF EE 6B 08 00 00 00 00 00 00 00 00 DF EE 70 01 00 DF EE 71 02 00 00 DF EE 72 02 00 00 DF EE 73 02 00 00 DF EE 74 01 00 DF ED 18 01 01 DF EE 7E 01 00 DF EE 1C 01 03 DF EF 29 02 00 00 9F 4E 1E 00 00 00 00 00 00 00 00 00 00 00 00 00 00 00 00 00 00 00 00 00 00 00 00 00 00 00 00 00 00 DF EE 7D 01 02 33 75 00 00 00 00 00 00 00 00 00 00 00 00 00 00 00 00 00 00 00  

--- 04-00 Set Time zone = - 11 00 00

2026/8/12 13:41:58.122 [TX] - 56 69 56 4F 74 65 63 68 32 00 04 00 00 08 DF EF 43 04 2D 0B 00 00 BB 09 
2026/8/12 13:41:58.185 [RX] - 56 69 56 4F 74 65 63 68 32 00 04 00 00 00 AE 16 00 00 00 00 00 00 00 00 00 00 00 00 00 00 00 00 00 00 00 00 00 00 00 00 00 00 00 00 00 00 00 00 00 00 00 00 00 00 00 00 00 00 00 00 00 00 00  

--- 03 02 _Get Configuration

2026/8/12 13:41:58.359 [TX] - 56 69 56 4F 74 65 63 68 32 00 03 02 00 00 5B 91 
2026/8/12 13:41:58.378 [RX] - 56 69 56 4F 74 65 63 68 32 00 03 00 01 57 DF EE 2D 01 00 DF EF 43 04 2D 0B 00 00 9A 03 99 12 31  Date 9F 21 03 23 00 01  Time  1999-12-31 23:00 9C 01 00 5F 2A 02 08 40 5F 36 01 02 9F 02 06 00 00 00 00 00 01 9F 03 06 00 00 00 00 00 00 DF EF 59 06 00 00 00 00 04 44 9F 09 02 00 02 9F 15 02 00 00 9F 1A 02 08 40 9F 40 05 60 00 00 30 00 9F 53 01 00 9F 66 04 30 00 40 00 9F 6D 02 00 01 9F 7C 14 00 00 00 00 00 00 00 00 00 00 00 00 00 00 00 00 00 00 00 00 DF EE 28 03 00 08 E8 DF EE 29 03 00 68 E8 DF EE 34 06 00 00 00 01 00 00 DF EE 35 03 00 06 01 DF EE 36 06 00 00 00 00 80 00 DF EE 37 01 03 DF EE 38 01 00 DF 81 22 05 F8 50 AC F8 00 DF 81 20 05 F8 50 AC A0 00 DF 81 21 05 00 00 00 00 00 DF EE 44 02 FD FF DF EC 1B 04 FF FF FF FF DF ED 4A 02 00 06 DF ED 5A 08 00 00 80 00 00 00 00 00 DF EE 5C 04 01 50 00 00 DF EE 6B 08 00 00 00 00 00 00 00 00 DF EE 70 01 00 DF EE 71 02 00 00 DF EE 72 02 00 00 DF EE 73 02 00 00 DF EE 74 01 00 DF ED 18 01 01 DF EE 7E 01 00 DF EE 1C 01 03 DF EF 29 02 00 00 9F 4E 1E 00 00 00 00 00 00 00 00 00 00 00 00 00 00 00 00 00 00 00 00 00 00 00 00 00 00 00 00 00 00 DF EE 7D 01 02 79 FF 00 00 00 00 00 00 00 00 00 00 00 00 00 00 00 00 00 00 00  

///////////////////////////////////////////////////////////////////
 

--- 04-00 -- Set Date & Time = 00-01-01_11:00

2026/8/12 13:41:58.603 [TX] - 56 69 56 4F 74 65 63 68 32 00 04 00 00 13 DF EF 43 04 00 00 00 00 9A 03 00 01 01 9F 21 03 11 00 00 1E 7F 
2026/8/12 13:41:58.672 [RX] - 56 69 56 4F 74 65 63 68 32 00 04 00 00 00 AE 16 00 00 00 00 00 00 00 00 00 00 00 00 00 00 00 00 00 00 00 00 00 00 00 00 00 00 00 00 00 00 00 00 00 00 00 00 00 00 00 00 00 00 00 00 00 00 00  

--- 03 02 _Get Configuration

2026/8/12 13:41:58.830 [TX] - 56 69 56 4F 74 65 63 68 32 00 03 02 00 00 5B 91 
2026/8/12 13:41:58.848 [RX] - 56 69 56 4F 74 65 63 68 32 00 03 00 01 57 DF EE 2D 01 00 DF EF 43 04 00 00 00 00 9A 03 00 01 01  Date 9F 21 03 11 00 00  Time  2000-01-01 12:00 9C 01 00 5F 2A 02 08 40 5F 36 01 02 9F 02 06 00 00 00 00 00 01 9F 03 06 00 00 00 00 00 00 DF EF 59 06 00 00 00 00 04 44 9F 09 02 00 02 9F 15 02 00 00 9F 1A 02 08 40 9F 40 05 60 00 00 30 00 9F 53 01 00 9F 66 04 30 00 40 00 9F 6D 02 00 01 9F 7C 14 00 00 00 00 00 00 00 00 00 00 00 00 00 00 00 00 00 00 00 00 DF EE 28 03 00 08 E8 DF EE 29 03 00 68 E8 DF EE 34 06 00 00 00 01 00 00 DF EE 35 03 00 06 01 DF EE 36 06 00 00 00 00 80 00 DF EE 37 01 03 DF EE 38 01 00 DF 81 22 05 F8 50 AC F8 00 DF 81 20 05 F8 50 AC A0 00 DF 81 21 05 00 00 00 00 00 DF EE 44 02 FD FF DF EC 1B 04 FF FF FF FF DF ED 4A 02 00 06 DF ED 5A 08 00 00 80 00 00 00 00 00 DF EE 5C 04 01 50 00 00 DF EE 6B 08 00 00 00 00 00 00 00 00 DF EE 70 01 00 DF EE 71 02 00 00 DF EE 72 02 00 00 DF EE 73 02 00 00 DF EE 74 01 00 DF ED 18 01 01 DF EE 7E 01 00 DF EE 1C 01 03 DF EF 29 02 00 00 9F 4E 1E 00 00 00 00 00 00 00 00 00 00 00 00 00 00 00 00 00 00 00 00 00 00 00 00 00 00 00 00 00 00 DF EE 7D 01 02 7C B2 00 00 00 00 00 00 00 00 00 00 00 00 00 00 00 00 00 00 00  

--- 04-00 Set Time zone = - 12 00 00

2026/8/12 13:41:59.080 [TX] - 56 69 56 4F 74 65 63 68 32 00 04 00 00 08 DF EF 43 04 2D 0C 00 00 2B 8C 
2026/8/12 13:41:59.235 [RX] - 56 69 56 4F 74 65 63 68 32 00 04 00 00 00 AE 16 00 00 00 00 00 00 00 00 00 00 00 00 00 00 00 00 00 00 00 00 00 00 00 00 00 00 00 00 00 00 00 00 00 00 00 00 00 00 00 00 00 00 00 00 00 00 00  

--- 03 02 _Get Configuration

2026/8/12 13:41:59.314 [TX] - 56 69 56 4F 74 65 63 68 32 00 03 02 00 00 5B 91 
2026/8/12 13:41:59.333 [RX] - 56 69 56 4F 74 65 63 68 32 00 03 00 01 57 DF EE 2D 01 00 DF EF 43 04 2D 0C 00 00 9A 03 99 12 31  Date 9F 21 03 23 00 01  Time  1999-12-31 23:00 9C 01 00 5F 2A 02 08 40 5F 36 01 02 9F 02 06 00 00 00 00 00 01 9F 03 06 00 00 00 00 00 00 DF EF 59 06 00 00 00 00 04 44 9F 09 02 00 02 9F 15 02 00 00 9F 1A 02 08 40 9F 40 05 60 00 00 30 00 9F 53 01 00 9F 66 04 30 00 40 00 9F 6D 02 00 01 9F 7C 14 00 00 00 00 00 00 00 00 00 00 00 00 00 00 00 00 00 00 00 00 DF EE 28 03 00 08 E8 DF EE 29 03 00 68 E8 DF EE 34 06 00 00 00 01 00 00 DF EE 35 03 00 06 01 DF EE 36 06 00 00 00 00 80 00 DF EE 37 01 03 DF EE 38 01 00 DF 81 22 05 F8 50 AC F8 00 DF 81 20 05 F8 50 AC A0 00 DF 81 21 05 00 00 00 00 00 DF EE 44 02 FD FF DF EC 1B 04 FF FF FF FF DF ED 4A 02 00 06 DF ED 5A 08 00 00 80 00 00 00 00 00 DF EE 5C 04 01 50 00 00 DF EE 6B 08 00 00 00 00 00 00 00 00 DF EE 70 01 00 DF EE 71 02 00 00 DF EE 72 02 00 00 DF EE 73 02 00 00 DF EE 74 01 00 DF ED 18 01 01 DF EE 7E 01 00 DF EE 1C 01 03 DF EF 29 02 00 00 9F 4E 1E 00 00 00 00 00 00 00 00 00 00 00 00 00 00 00 00 00 00 00 00 00 00 00 00 00 00 00 00 00 00 DF EE 7D 01 02 56 D7 00 00 00 00 00 00 00 00 00 00 00 00 00 00 00 00 00 00 00  

///////////////////////////////////////////////////////////////////
 

--- 04-00 -- Set Date & Time = 99-12-31_23:59

2026/8/12 13:41:59.558 [TX] - 56 69 56 4F 74 65 63 68 32 00 04 00 00 13 DF EF 43 04 00 00 00 00 9A 03 99 12 31 9F 21 03 23 59 00 20 E2 
2026/8/12 13:41:59.625 [RX] - 56 69 56 4F 74 65 63 68 32 00 04 00 00 00 AE 16 00 00 00 00 00 00 00 00 00 00 00 00 00 00 00 00 00 00 00 00 00 00 00 00 00 00 00 00 00 00 00 00 00 00 00 00 00 00 00 00 00 00 00 00 00 00 00  

--- 03 02 _Get Configuration

2026/8/12 13:41:59.784 [TX] - 56 69 56 4F 74 65 63 68 32 00 03 02 00 00 5B 91 
2026/8/12 13:41:59.802 [RX] - 56 69 56 4F 74 65 63 68 32 00 03 00 01 57 DF EE 2D 01 00 DF EF 43 04 00 00 00 00 9A 03 99 12 31  Date 9F 21 03 23 59 00  Time  1999-12-31 23:59 9C 01 00 5F 2A 02 08 40 5F 36 01 02 9F 02 06 00 00 00 00 00 01 9F 03 06 00 00 00 00 00 00 DF EF 59 06 00 00 00 00 04 44 9F 09 02 00 02 9F 15 02 00 00 9F 1A 02 08 40 9F 40 05 60 00 00 30 00 9F 53 01 00 9F 66 04 30 00 40 00 9F 6D 02 00 01 9F 7C 14 00 00 00 00 00 00 00 00 00 00 00 00 00 00 00 00 00 00 00 00 DF EE 28 03 00 08 E8 DF EE 29 03 00 68 E8 DF EE 34 06 00 00 00 01 00 00 DF EE 35 03 00 06 01 DF EE 36 06 00 00 00 00 80 00 DF EE 37 01 03 DF EE 38 01 00 DF 81 22 05 F8 50 AC F8 00 DF 81 20 05 F8 50 AC A0 00 DF 81 21 05 00 00 00 00 00 DF EE 44 02 FD FF DF EC 1B 04 FF FF FF FF DF ED 4A 02 00 06 DF ED 5A 08 00 00 80 00 00 00 00 00 DF EE 5C 04 01 50 00 00 DF EE 6B 08 00 00 00 00 00 00 00 00 DF EE 70 01 00 DF EE 71 02 00 00 DF EE 72 02 00 00 DF EE 73 02 00 00 DF EE 74 01 00 DF ED 18 01 01 DF EE 7E 01 00 DF EE 1C 01 03 DF EF 29 02 00 00 9F 4E 1E 00 00 00 00 00 00 00 00 00 00 00 00 00 00 00 00 00 00 00 00 00 00 00 00 00 00 00 00 00 00 DF EE 7D 01 02 89 99 00 00 00 00 00 00 00 00 00 00 00 00 00 00 00 00 00 00 00  

--- 04-00 Set Time zone = + 00 00 01 w/ daylight saving time

2026/8/12 13:42:00.021 [TX] - 56 69 56 4F 74 65 63 68 32 00 04 00 00 08 DF EF 43 04 2B 00 00 01 F2 CE 
2026/8/12 13:42:00.084 [RX] - 56 69 56 4F 74 65 63 68 32 00 04 00 00 00 AE 16 00 00 00 00 00 00 00 00 00 00 00 00 00 00 00 00 00 00 00 00 00 00 00 00 00 00 00 00 00 00 00 00 00 00 00 00 00 00 00 00 00 00 00 00 00 00 00  

--- 03 02 _Get Configuration

2026/8/12 13:42:00.252 [TX] - 56 69 56 4F 74 65 63 68 32 00 03 02 00 00 5B 91 
2026/8/12 13:42:00.270 [RX] - 56 69 56 4F 74 65 63 68 32 00 03 00 01 57 DF EE 2D 01 00 DF EF 43 04 2B 00 00 01 9A 03 00 01 01  Date 9F 21 03 00 59 01  Time  2000-01-01 00:59 pass 9C 01 00 5F 2A 02 08 40 5F 36 01 02 9F 02 06 00 00 00 00 00 01 9F 03 06 00 00 00 00 00 00 DF EF 59 06 00 00 00 00 04 44 9F 09 02 00 02 9F 15 02 00 00 9F 1A 02 08 40 9F 40 05 60 00 00 30 00 9F 53 01 00 9F 66 04 30 00 40 00 9F 6D 02 00 01 9F 7C 14 00 00 00 00 00 00 00 00 00 00 00 00 00 00 00 00 00 00 00 00 DF EE 28 03 00 08 E8 DF EE 29 03 00 68 E8 DF EE 34 06 00 00 00 01 00 00 DF EE 35 03 00 06 01 DF EE 36 06 00 00 00 00 80 00 DF EE 37 01 03 DF EE 38 01 00 DF 81 22 05 F8 50 AC F8 00 DF 81 20 05 F8 50 AC A0 00 DF 81 21 05 00 00 00 00 00 DF EE 44 02 FD FF DF EC 1B 04 FF FF FF FF DF ED 4A 02 00 06 DF ED 5A 08 00 00 80 00 00 00 00 00 DF EE 5C 04 01 50 00 00 DF EE 6B 08 00 00 00 00 00 00 00 00 DF EE 70 01 00 DF EE 71 02 00 00 DF EE 72 02 00 00 DF EE 73 02 00 00 DF EE 74 01 00 DF ED 18 01 01 DF EE 7E 01 00 DF EE 1C 01 03 DF EF 29 02 00 00 9F 4E 1E 00 00 00 00 00 00 00 00 00 00 00 00 00 00 00 00 00 00 00 00 00 00 00 00 00 00 00 00 00 00 DF EE 7D 01 02 C5 8C 00 00 00 00 00 00 00 00 00 00 00 00 00 00 00 00 00 00 00  

///////////////////////////////////////////////////////////////////
 

--- 04-00 -- Set Date & Time = 99-12-31_23:00

2026/8/12 13:42:00.497 [TX] - 56 69 56 4F 74 65 63 68 32 00 04 00 00 13 DF EF 43 04 00 00 00 00 9A 03 99 12 31 9F 21 03 23 00 00 07 56 
2026/8/12 13:42:00.565 [RX] - 56 69 56 4F 74 65 63 68 32 00 04 00 00 00 AE 16 00 00 00 00 00 00 00 00 00 00 00 00 00 00 00 00 00 00 00 00 00 00 00 00 00 00 00 00 00 00 00 00 00 00 00 00 00 00 00 00 00 00 00 00 00 00 00  

--- 03 02 _Get Configuration

2026/8/12 13:42:00.723 [TX] - 56 69 56 4F 74 65 63 68 32 00 03 02 00 00 5B 91 
2026/8/12 13:42:00.741 [RX] - 56 69 56 4F 74 65 63 68 32 00 03 00 01 57 DF EE 2D 01 00 DF EF 43 04 00 00 00 00 9A 03 99 12 31  Date 9F 21 03 23 00 00  Time  1999-12-31 23:00 9C 01 00 5F 2A 02 08 40 5F 36 01 02 9F 02 06 00 00 00 00 00 01 9F 03 06 00 00 00 00 00 00 DF EF 59 06 00 00 00 00 04 44 9F 09 02 00 02 9F 15 02 00 00 9F 1A 02 08 40 9F 40 05 60 00 00 30 00 9F 53 01 00 9F 66 04 30 00 40 00 9F 6D 02 00 01 9F 7C 14 00 00 00 00 00 00 00 00 00 00 00 00 00 00 00 00 00 00 00 00 DF EE 28 03 00 08 E8 DF EE 29 03 00 68 E8 DF EE 34 06 00 00 00 01 00 00 DF EE 35 03 00 06 01 DF EE 36 06 00 00 00 00 80 00 DF EE 37 01 03 DF EE 38 01 00 DF 81 22 05 F8 50 AC F8 00 DF 81 20 05 F8 50 AC A0 00 DF 81 21 05 00 00 00 00 00 DF EE 44 02 FD FF DF EC 1B 04 FF FF FF FF DF ED 4A 02 00 06 DF ED 5A 08 00 00 80 00 00 00 00 00 DF EE 5C 04 01 50 00 00 DF EE 6B 08 00 00 00 00 00 00 00 00 DF EE 70 01 00 DF EE 71 02 00 00 DF EE 72 02 00 00 DF EE 73 02 00 00 DF EE 74 01 00 DF ED 18 01 01 DF EE 7E 01 00 DF EE 1C 01 03 DF EF 29 02 00 00 9F 4E 1E 00 00 00 00 00 00 00 00 00 00 00 00 00 00 00 00 00 00 00 00 00 00 00 00 00 00 00 00 00 00 DF EE 7D 01 02 C4 06 00 00 00 00 00 00 00 00 00 00 00 00 00 00 00 00 00 00 00  

--- 04-00 Set Time zone = + 01 00 01 w/ daylight saving time

2026/8/12 13:42:00.958 [TX] - 56 69 56 4F 74 65 63 68 32 00 04 00 00 08 DF EF 43 04 2B 01 00 01 C2 F9 
2026/8/12 13:42:01.023 [RX] - 56 69 56 4F 74 65 63 68 32 00 04 00 00 00 AE 16 00 00 00 00 00 00 00 00 00 00 00 00 00 00 00 00 00 00 00 00 00 00 00 00 00 00 00 00 00 00 00 00 00 00 00 00 00 00 00 00 00 00 00 00 00 00 00  

--- 03 02 _Get Configuration

2026/8/12 13:42:01.191 [TX] - 56 69 56 4F 74 65 63 68 32 00 03 02 00 00 5B 91 
2026/8/12 13:42:01.210 [RX] - 56 69 56 4F 74 65 63 68 32 00 03 00 01 57 DF EE 2D 01 00 DF EF 43 04 2B 01 00 01 9A 03 00 01 01  Date 9F 21 03 01 00 01  Time  2000-01-01 01:00 9C 01 00 5F 2A 02 08 40 5F 36 01 02 9F 02 06 00 00 00 00 00 01 9F 03 06 00 00 00 00 00 00 DF EF 59 06 00 00 00 00 04 44 9F 09 02 00 02 9F 15 02 00 00 9F 1A 02 08 40 9F 40 05 60 00 00 30 00 9F 53 01 00 9F 66 04 30 00 40 00 9F 6D 02 00 01 9F 7C 14 00 00 00 00 00 00 00 00 00 00 00 00 00 00 00 00 00 00 00 00 DF EE 28 03 00 08 E8 DF EE 29 03 00 68 E8 DF EE 34 06 00 00 00 01 00 00 DF EE 35 03 00 06 01 DF EE 36 06 00 00 00 00 80 00 DF EE 37 01 03 DF EE 38 01 00 DF 81 22 05 F8 50 AC F8 00 DF 81 20 05 F8 50 AC A0 00 DF 81 21 05 00 00 00 00 00 DF EE 44 02 FD FF DF EC 1B 04 FF FF FF FF DF ED 4A 02 00 06 DF ED 5A 08 00 00 80 00 00 00 00 00 DF EE 5C 04 01 50 00 00 DF EE 6B 08 00 00 00 00 00 00 00 00 DF EE 70 01 00 DF EE 71 02 00 00 DF EE 72 02 00 00 DF EE 73 02 00 00 DF EE 74 01 00 DF ED 18 01 01 DF EE 7E 01 00 DF EE 1C 01 03 DF EF 29 02 00 00 9F 4E 1E 00 00 00 00 00 00 00 00 00 00 00 00 00 00 00 00 00 00 00 00 00 00 00 00 00 00 00 00 00 00 DF EE 7D 01 02 81 85 00 00 00 00 00 00 00 00 00 00 00 00 00 00 00 00 00 00 00  

///////////////////////////////////////////////////////////////////
 

--- 04-00 -- Set Date & Time = 99-12-31_22:00

2026/8/12 13:42:01.435 [TX] - 56 69 56 4F 74 65 63 68 32 00 04 00 00 13 DF EF 43 04 00 00 00 00 9A 03 99 12 31 9F 21 03 22 00 00 37 61 
2026/8/12 13:42:01.530 [RX] - 56 69 56 4F 74 65 63 68 32 00 04 00 00 00 AE 16 00 00 00 00 00 00 00 00 00 00 00 00 00 00 00 00 00 00 00 00 00 00 00 00 00 00 00 00 00 00 00 00 00 00 00 00 00 00 00 00 00 00 00 00 00 00 00  

--- 03 02 _Get Configuration

2026/8/12 13:42:01.661 [TX] - 56 69 56 4F 74 65 63 68 32 00 03 02 00 00 5B 91 
2026/8/12 13:42:01.679 [RX] - 56 69 56 4F 74 65 63 68 32 00 03 00 01 57 DF EE 2D 01 00 DF EF 43 04 00 00 00 00 9A 03 99 12 31  Date 9F 21 03 22 00 00  Time  1999-12-31 22:00 9C 01 00 5F 2A 02 08 40 5F 36 01 02 9F 02 06 00 00 00 00 00 01 9F 03 06 00 00 00 00 00 00 DF EF 59 06 00 00 00 00 04 44 9F 09 02 00 02 9F 15 02 00 00 9F 1A 02 08 40 9F 40 05 60 00 00 30 00 9F 53 01 00 9F 66 04 30 00 40 00 9F 6D 02 00 01 9F 7C 14 00 00 00 00 00 00 00 00 00 00 00 00 00 00 00 00 00 00 00 00 DF EE 28 03 00 08 E8 DF EE 29 03 00 68 E8 DF EE 34 06 00 00 00 01 00 00 DF EE 35 03 00 06 01 DF EE 36 06 00 00 00 00 80 00 DF EE 37 01 03 DF EE 38 01 00 DF 81 22 05 F8 50 AC F8 00 DF 81 20 05 F8 50 AC A0 00 DF 81 21 05 00 00 00 00 00 DF EE 44 02 FD FF DF EC 1B 04 FF FF FF FF DF ED 4A 02 00 06 DF ED 5A 08 00 00 80 00 00 00 00 00 DF EE 5C 04 01 50 00 00 DF EE 6B 08 00 00 00 00 00 00 00 00 DF EE 70 01 00 DF EE 71 02 00 00 DF EE 72 02 00 00 DF EE 73 02 00 00 DF EE 74 01 00 DF ED 18 01 01 DF EE 7E 01 00 DF EE 1C 01 03 DF EF 29 02 00 00 9F 4E 1E 00 00 00 00 00 00 00 00 00 00 00 00 00 00 00 00 00 00 00 00 00 00 00 00 00 00 00 00 00 00 DF EE 7D 01 02 7F E5 00 00 00 00 00 00 00 00 00 00 00 00 00 00 00 00 00 00 00  

--- 04-00 Set Time zone = + 02 00 01 w/ daylight saving time

2026/8/12 13:42:01.895 [TX] - 56 69 56 4F 74 65 63 68 32 00 04 00 00 08 DF EF 43 04 2B 02 00 01 92 A0 
2026/8/12 13:42:02.045 [RX] - 56 69 56 4F 74 65 63 68 32 00 04 00 00 00 AE 16 00 00 00 00 00 00 00 00 00 00 00 00 00 00 00 00 00 00 00 00 00 00 00 00 00 00 00 00 00 00 00 00 00 00 00 00 00 00 00 00 00 00 00 00 00 00 00  

--- 03 02 _Get Configuration

2026/8/12 13:42:02.130 [TX] - 56 69 56 4F 74 65 63 68 32 00 03 02 00 00 5B 91 
2026/8/12 13:42:02.147 [RX] - 56 69 56 4F 74 65 63 68 32 00 03 00 01 57 DF EE 2D 01 00 DF EF 43 04 2B 02 00 01 9A 03 00 01 01  Date 9F 21 03 01 00 00  Time  2000-01-01 01:00 9C 01 00 5F 2A 02 08 40 5F 36 01 02 9F 02 06 00 00 00 00 00 01 9F 03 06 00 00 00 00 00 00 DF EF 59 06 00 00 00 00 04 44 9F 09 02 00 02 9F 15 02 00 00 9F 1A 02 08 40 9F 40 05 60 00 00 30 00 9F 53 01 00 9F 66 04 30 00 40 00 9F 6D 02 00 01 9F 7C 14 00 00 00 00 00 00 00 00 00 00 00 00 00 00 00 00 00 00 00 00 DF EE 28 03 00 08 E8 DF EE 29 03 00 68 E8 DF EE 34 06 00 00 00 01 00 00 DF EE 35 03 00 06 01 DF EE 36 06 00 00 00 00 80 00 DF EE 37 01 03 DF EE 38 01 00 DF 81 22 05 F8 50 AC F8 00 DF 81 20 05 F8 50 AC A0 00 DF 81 21 05 00 00 00 00 00 DF EE 44 02 FD FF DF EC 1B 04 FF FF FF FF DF ED 4A 02 00 06 DF ED 5A 08 00 00 80 00 00 00 00 00 DF EE 5C 04 01 50 00 00 DF EE 6B 08 00 00 00 00 00 00 00 00 DF EE 70 01 00 DF EE 71 02 00 00 DF EE 72 02 00 00 DF EE 73 02 00 00 DF EE 74 01 00 DF ED 18 01 01 DF EE 7E 01 00 DF EE 1C 01 03 DF EF 29 02 00 00 9F 4E 1E 00 00 00 00 00 00 00 00 00 00 00 00 00 00 00 00 00 00 00 00 00 00 00 00 00 00 00 00 00 00 DF EE 7D 01 02 B3 1F 00 00 00 00 00 00 00 00 00 00 00 00 00 00 00 00 00 00 00  

///////////////////////////////////////////////////////////////////
 

--- 04-00 -- Set Date & Time = 99-12-31_21:00

2026/8/12 13:42:02.373 [TX] - 56 69 56 4F 74 65 63 68 32 00 04 00 00 13 DF EF 43 04 00 00 00 00 9A 03 99 12 31 9F 21 03 21 00 00 67 38 
2026/8/12 13:42:02.442 [RX] - 56 69 56 4F 74 65 63 68 32 00 04 00 00 00 AE 16 00 00 00 00 00 00 00 00 00 00 00 00 00 00 00 00 00 00 00 00 00 00 00 00 00 00 00 00 00 00 00 00 00 00 00 00 00 00 00 00 00 00 00 00 00 00 00  

--- 03 02 _Get Configuration

2026/8/12 13:42:02.600 [TX] - 56 69 56 4F 74 65 63 68 32 00 03 02 00 00 5B 91 
2026/8/12 13:42:02.617 [RX] - 56 69 56 4F 74 65 63 68 32 00 03 00 01 57 DF EE 2D 01 00 DF EF 43 04 00 00 00 00 9A 03 99 12 31  Date 9F 21 03 21 00 00  Time  1999-12-31 21:00 9C 01 00 5F 2A 02 08 40 5F 36 01 02 9F 02 06 00 00 00 00 00 01 9F 03 06 00 00 00 00 00 00 DF EF 59 06 00 00 00 00 04 44 9F 09 02 00 02 9F 15 02 00 00 9F 1A 02 08 40 9F 40 05 60 00 00 30 00 9F 53 01 00 9F 66 04 30 00 40 00 9F 6D 02 00 01 9F 7C 14 00 00 00 00 00 00 00 00 00 00 00 00 00 00 00 00 00 00 00 00 DF EE 28 03 00 08 E8 DF EE 29 03 00 68 E8 DF EE 34 06 00 00 00 01 00 00 DF EE 35 03 00 06 01 DF EE 36 06 00 00 00 00 80 00 DF EE 37 01 03 DF EE 38 01 00 DF 81 22 05 F8 50 AC F8 00 DF 81 20 05 F8 50 AC A0 00 DF 81 21 05 00 00 00 00 00 DF EE 44 02 FD FF DF EC 1B 04 FF FF FF FF DF ED 4A 02 00 06 DF ED 5A 08 00 00 80 00 00 00 00 00 DF EE 5C 04 01 50 00 00 DF EE 6B 08 00 00 00 00 00 00 00 00 DF EE 70 01 00 DF EE 71 02 00 00 DF EE 72 02 00 00 DF EE 73 02 00 00 DF EE 74 01 00 DF ED 18 01 01 DF EE 7E 01 00 DF EE 1C 01 03 DF EF 29 02 00 00 9F 4E 1E 00 00 00 00 00 00 00 00 00 00 00 00 00 00 00 00 00 00 00 00 00 00 00 00 00 00 00 00 00 00 DF EE 7D 01 02 A3 E1 00 00 00 00 00 00 00 00 00 00 00 00 00 00 00 00 00 00 00  

--- 04-00 Set Time zone = + 03 00 01 w/ daylight saving time

2026/8/12 13:42:02.836 [TX] - 56 69 56 4F 74 65 63 68 32 00 04 00 00 08 DF EF 43 04 2B 03 00 01 A2 97 
2026/8/12 13:42:02.896 [RX] - 56 69 56 4F 74 65 63 68 32 00 04 00 00 00 AE 16 00 00 00 00 00 00 00 00 00 00 00 00 00 00 00 00 00 00 00 00 00 00 00 00 00 00 00 00 00 00 00 00 00 00 00 00 00 00 00 00 00 00 00 00 00 00 00  

--- 03 02 _Get Configuration

2026/8/12 13:42:03.071 [TX] - 56 69 56 4F 74 65 63 68 32 00 03 02 00 00 5B 91 
2026/8/12 13:42:03.089 [RX] - 56 69 56 4F 74 65 63 68 32 00 03 00 01 57 DF EE 2D 01 00 DF EF 43 04 2B 03 00 01 9A 03 00 01 01  Date 9F 21 03 01 00 00  Time  2000-01-01 01:00 9C 01 00 5F 2A 02 08 40 5F 36 01 02 9F 02 06 00 00 00 00 00 01 9F 03 06 00 00 00 00 00 00 DF EF 59 06 00 00 00 00 04 44 9F 09 02 00 02 9F 15 02 00 00 9F 1A 02 08 40 9F 40 05 60 00 00 30 00 9F 53 01 00 9F 66 04 30 00 40 00 9F 6D 02 00 01 9F 7C 14 00 00 00 00 00 00 00 00 00 00 00 00 00 00 00 00 00 00 00 00 DF EE 28 03 00 08 E8 DF EE 29 03 00 68 E8 DF EE 34 06 00 00 00 01 00 00 DF EE 35 03 00 06 01 DF EE 36 06 00 00 00 00 80 00 DF EE 37 01 03 DF EE 38 01 00 DF 81 22 05 F8 50 AC F8 00 DF 81 20 05 F8 50 AC A0 00 DF 81 21 05 00 00 00 00 00 DF EE 44 02 FD FF DF EC 1B 04 FF FF FF FF DF ED 4A 02 00 06 DF ED 5A 08 00 00 80 00 00 00 00 00 DF EE 5C 04 01 50 00 00 DF EE 6B 08 00 00 00 00 00 00 00 00 DF EE 70 01 00 DF EE 71 02 00 00 DF EE 72 02 00 00 DF EE 73 02 00 00 DF EE 74 01 00 DF ED 18 01 01 DF EE 7E 01 00 DF EE 1C 01 03 DF EF 29 02 00 00 9F 4E 1E 00 00 00 00 00 00 00 00 00 00 00 00 00 00 00 00 00 00 00 00 00 00 00 00 00 00 00 00 00 00 DF EE 7D 01 02 01 6A 00 00 00 00 00 00 00 00 00 00 00 00 00 00 00 00 00 00 00  

///////////////////////////////////////////////////////////////////
 

--- 04-00 -- Set Date & Time = 99-12-31_20:00

2026/8/12 13:42:03.314 [TX] - 56 69 56 4F 74 65 63 68 32 00 04 00 00 13 DF EF 43 04 00 00 00 00 9A 03 99 12 31 9F 21 03 20 00 00 57 0F 
2026/8/12 13:42:03.381 [RX] - 56 69 56 4F 74 65 63 68 32 00 04 00 00 00 AE 16 00 00 00 00 00 00 00 00 00 00 00 00 00 00 00 00 00 00 00 00 00 00 00 00 00 00 00 00 00 00 00 00 00 00 00 00 00 00 00 00 00 00 00 00 00 00 00  

--- 03 02 _Get Configuration

2026/8/12 13:42:03.541 [TX] - 56 69 56 4F 74 65 63 68 32 00 03 02 00 00 5B 91 
2026/8/12 13:42:03.559 [RX] - 56 69 56 4F 74 65 63 68 32 00 03 00 01 57 DF EE 2D 01 00 DF EF 43 04 00 00 00 00 9A 03 99 12 31  Date 9F 21 03 20 00 01  Time  1999-12-31 20:00 9C 01 00 5F 2A 02 08 40 5F 36 01 02 9F 02 06 00 00 00 00 00 01 9F 03 06 00 00 00 00 00 00 DF EF 59 06 00 00 00 00 04 44 9F 09 02 00 02 9F 15 02 00 00 9F 1A 02 08 40 9F 40 05 60 00 00 30 00 9F 53 01 00 9F 66 04 30 00 40 00 9F 6D 02 00 01 9F 7C 14 00 00 00 00 00 00 00 00 00 00 00 00 00 00 00 00 00 00 00 00 DF EE 28 03 00 08 E8 DF EE 29 03 00 68 E8 DF EE 34 06 00 00 00 01 00 00 DF EE 35 03 00 06 01 DF EE 36 06 00 00 00 00 80 00 DF EE 37 01 03 DF EE 38 01 00 DF 81 22 05 F8 50 AC F8 00 DF 81 20 05 F8 50 AC A0 00 DF 81 21 05 00 00 00 00 00 DF EE 44 02 FD FF DF EC 1B 04 FF FF FF FF DF ED 4A 02 00 06 DF ED 5A 08 00 00 80 00 00 00 00 00 DF EE 5C 04 01 50 00 00 DF EE 6B 08 00 00 00 00 00 00 00 00 DF EE 70 01 00 DF EE 71 02 00 00 DF EE 72 02 00 00 DF EE 73 02 00 00 DF EE 74 01 00 DF ED 18 01 01 DF EE 7E 01 00 DF EE 1C 01 03 DF EF 29 02 00 00 9F 4E 1E 00 00 00 00 00 00 00 00 00 00 00 00 00 00 00 00 00 00 00 00 00 00 00 00 00 00 00 00 00 00 DF EE 7D 01 02 EC 26 00 00 00 00 00 00 00 00 00 00 00 00 00 00 00 00 00 00 00  

--- 04-00 Set Time zone = + 04 00 01 w/ daylight saving time

2026/8/12 13:42:03.776 [TX] - 56 69 56 4F 74 65 63 68 32 00 04 00 00 08 DF EF 43 04 2B 04 00 01 32 12 
2026/8/12 13:42:03.842 [RX] - 56 69 56 4F 74 65 63 68 32 00 04 00 00 00 AE 16 00 00 00 00 00 00 00 00 00 00 00 00 00 00 00 00 00 00 00 00 00 00 00 00 00 00 00 00 00 00 00 00 00 00 00 00 00 00 00 00 00 00 00 00 00 00 00  

--- 03 02 _Get Configuration

2026/8/12 13:42:04.010 [TX] - 56 69 56 4F 74 65 63 68 32 00 03 02 00 00 5B 91 
2026/8/12 13:42:04.029 [RX] - 56 69 56 4F 74 65 63 68 32 00 03 00 01 57 DF EE 2D 01 00 DF EF 43 04 2B 04 00 01 9A 03 00 01 01  Date 9F 21 03 01 00 01  Time  2000-01-01 01:00 9C 01 00 5F 2A 02 08 40 5F 36 01 02 9F 02 06 00 00 00 00 00 01 9F 03 06 00 00 00 00 00 00 DF EF 59 06 00 00 00 00 04 44 9F 09 02 00 02 9F 15 02 00 00 9F 1A 02 08 40 9F 40 05 60 00 00 30 00 9F 53 01 00 9F 66 04 30 00 40 00 9F 6D 02 00 01 9F 7C 14 00 00 00 00 00 00 00 00 00 00 00 00 00 00 00 00 00 00 00 00 DF EE 28 03 00 08 E8 DF EE 29 03 00 68 E8 DF EE 34 06 00 00 00 01 00 00 DF EE 35 03 00 06 01 DF EE 36 06 00 00 00 00 80 00 DF EE 37 01 03 DF EE 38 01 00 DF 81 22 05 F8 50 AC F8 00 DF 81 20 05 F8 50 AC A0 00 DF 81 21 05 00 00 00 00 00 DF EE 44 02 FD FF DF EC 1B 04 FF FF FF FF DF ED 4A 02 00 06 DF ED 5A 08 00 00 80 00 00 00 00 00 DF EE 5C 04 01 50 00 00 DF EE 6B 08 00 00 00 00 00 00 00 00 DF EE 70 01 00 DF EE 71 02 00 00 DF EE 72 02 00 00 DF EE 73 02 00 00 DF EE 74 01 00 DF ED 18 01 01 DF EE 7E 01 00 DF EE 1C 01 03 DF EF 29 02 00 00 9F 4E 1E 00 00 00 00 00 00 00 00 00 00 00 00 00 00 00 00 00 00 00 00 00 00 00 00 00 00 00 00 00 00 DF EE 7D 01 02 DA 66 00 00 00 00 00 00 00 00 00 00 00 00 00 00 00 00 00 00 00  

///////////////////////////////////////////////////////////////////
 

--- 04-00 -- Set Date & Time = 99-12-31_19:00

2026/8/12 13:42:04.256 [TX] - 56 69 56 4F 74 65 63 68 32 00 04 00 00 13 DF EF 43 04 00 00 00 00 9A 03 99 12 31 9F 21 03 19 00 00 63 54 
2026/8/12 13:42:04.322 [RX] - 56 69 56 4F 74 65 63 68 32 00 04 00 00 00 AE 16 00 00 00 00 00 00 00 00 00 00 00 00 00 00 00 00 00 00 00 00 00 00 00 00 00 00 00 00 00 00 00 00 00 00 00 00 00 00 00 00 00 00 00 00 00 00 00  

--- 03 02 _Get Configuration

2026/8/12 13:42:04.483 [TX] - 56 69 56 4F 74 65 63 68 32 00 03 02 00 00 5B 91 
2026/8/12 13:42:04.501 [RX] - 56 69 56 4F 74 65 63 68 32 00 03 00 01 57 DF EE 2D 01 00 DF EF 43 04 00 00 00 00 9A 03 99 12 31  Date 9F 21 03 19 00 01  Time  1999-12-31 19:00 9C 01 00 5F 2A 02 08 40 5F 36 01 02 9F 02 06 00 00 00 00 00 01 9F 03 06 00 00 00 00 00 00 DF EF 59 06 00 00 00 00 04 44 9F 09 02 00 02 9F 15 02 00 00 9F 1A 02 08 40 9F 40 05 60 00 00 30 00 9F 53 01 00 9F 66 04 30 00 40 00 9F 6D 02 00 01 9F 7C 14 00 00 00 00 00 00 00 00 00 00 00 00 00 00 00 00 00 00 00 00 DF EE 28 03 00 08 E8 DF EE 29 03 00 68 E8 DF EE 34 06 00 00 00 01 00 00 DF EE 35 03 00 06 01 DF EE 36 06 00 00 00 00 80 00 DF EE 37 01 03 DF EE 38 01 00 DF 81 22 05 F8 50 AC F8 00 DF 81 20 05 F8 50 AC A0 00 DF 81 21 05 00 00 00 00 00 DF EE 44 02 FD FF DF EC 1B 04 FF FF FF FF DF ED 4A 02 00 06 DF ED 5A 08 00 00 80 00 00 00 00 00 DF EE 5C 04 01 50 00 00 DF EE 6B 08 00 00 00 00 00 00 00 00 DF EE 70 01 00 DF EE 71 02 00 00 DF EE 72 02 00 00 DF EE 73 02 00 00 DF EE 74 01 00 DF ED 18 01 01 DF EE 7E 01 00 DF EE 1C 01 03 DF EF 29 02 00 00 9F 4E 1E 00 00 00 00 00 00 00 00 00 00 00 00 00 00 00 00 00 00 00 00 00 00 00 00 00 00 00 00 00 00 DF EE 7D 01 02 C9 95 00 00 00 00 00 00 00 00 00 00 00 00 00 00 00 00 00 00 00  

--- 04-00 Set Time zone = + 05 00 01 w/ daylight saving time

2026/8/12 13:42:04.717 [TX] - 56 69 56 4F 74 65 63 68 32 00 04 00 00 08 DF EF 43 04 2B 05 00 01 02 25 
2026/8/12 13:42:04.871 [RX] - 56 69 56 4F 74 65 63 68 32 00 04 00 00 00 AE 16 00 00 00 00 00 00 00 00 00 00 00 00 00 00 00 00 00 00 00 00 00 00 00 00 00 00 00 00 00 00 00 00 00 00 00 00 00 00 00 00 00 00 00 00 00 00 00  

--- 03 02 _Get Configuration

2026/8/12 13:42:04.953 [TX] - 56 69 56 4F 74 65 63 68 32 00 03 02 00 00 5B 91 
2026/8/12 13:42:04.971 [RX] - 56 69 56 4F 74 65 63 68 32 00 03 00 01 57 DF EE 2D 01 00 DF EF 43 04 2B 05 00 01 9A 03 00 01 01  Date 9F 21 03 01 00 01  Time  2000-01-01 01:00 9C 01 00 5F 2A 02 08 40 5F 36 01 02 9F 02 06 00 00 00 00 00 01 9F 03 06 00 00 00 00 00 00 DF EF 59 06 00 00 00 00 04 44 9F 09 02 00 02 9F 15 02 00 00 9F 1A 02 08 40 9F 40 05 60 00 00 30 00 9F 53 01 00 9F 66 04 30 00 40 00 9F 6D 02 00 01 9F 7C 14 00 00 00 00 00 00 00 00 00 00 00 00 00 00 00 00 00 00 00 00 DF EE 28 03 00 08 E8 DF EE 29 03 00 68 E8 DF EE 34 06 00 00 00 01 00 00 DF EE 35 03 00 06 01 DF EE 36 06 00 00 00 00 80 00 DF EE 37 01 03 DF EE 38 01 00 DF 81 22 05 F8 50 AC F8 00 DF 81 20 05 F8 50 AC A0 00 DF 81 21 05 00 00 00 00 00 DF EE 44 02 FD FF DF EC 1B 04 FF FF FF FF DF ED 4A 02 00 06 DF ED 5A 08 00 00 80 00 00 00 00 00 DF EE 5C 04 01 50 00 00 DF EE 6B 08 00 00 00 00 00 00 00 00 DF EE 70 01 00 DF EE 71 02 00 00 DF EE 72 02 00 00 DF EE 73 02 00 00 DF EE 74 01 00 DF ED 18 01 01 DF EE 7E 01 00 DF EE 1C 01 03 DF EF 29 02 00 00 9F 4E 1E 00 00 00 00 00 00 00 00 00 00 00 00 00 00 00 00 00 00 00 00 00 00 00 00 00 00 00 00 00 00 DF EE 7D 01 02 68 13 00 00 00 00 00 00 00 00 00 00 00 00 00 00 00 00 00 00 00  

///////////////////////////////////////////////////////////////////
 

--- 04-00 -- Set Date & Time = 99-12-31_18:00

2026/8/12 13:42:05.197 [TX] - 56 69 56 4F 74 65 63 68 32 00 04 00 00 13 DF EF 43 04 00 00 00 00 9A 03 99 12 31 9F 21 03 18 00 00 53 63 
2026/8/12 13:42:05.263 [RX] - 56 69 56 4F 74 65 63 68 32 00 04 00 00 00 AE 16 00 00 00 00 00 00 00 00 00 00 00 00 00 00 00 00 00 00 00 00 00 00 00 00 00 00 00 00 00 00 00 00 00 00 00 00 00 00 00 00 00 00 00 00 00 00 00  

--- 03 02 _Get Configuration

2026/8/12 13:42:05.423 [TX] - 56 69 56 4F 74 65 63 68 32 00 03 02 00 00 5B 91 
2026/8/12 13:42:05.441 [RX] - 56 69 56 4F 74 65 63 68 32 00 03 00 01 57 DF EE 2D 01 00 DF EF 43 04 00 00 00 00 9A 03 99 12 31  Date 9F 21 03 18 00 00  Time  1999-12-31 18:00 9C 01 00 5F 2A 02 08 40 5F 36 01 02 9F 02 06 00 00 00 00 00 01 9F 03 06 00 00 00 00 00 00 DF EF 59 06 00 00 00 00 04 44 9F 09 02 00 02 9F 15 02 00 00 9F 1A 02 08 40 9F 40 05 60 00 00 30 00 9F 53 01 00 9F 66 04 30 00 40 00 9F 6D 02 00 01 9F 7C 14 00 00 00 00 00 00 00 00 00 00 00 00 00 00 00 00 00 00 00 00 DF EE 28 03 00 08 E8 DF EE 29 03 00 68 E8 DF EE 34 06 00 00 00 01 00 00 DF EE 35 03 00 06 01 DF EE 36 06 00 00 00 00 80 00 DF EE 37 01 03 DF EE 38 01 00 DF 81 22 05 F8 50 AC F8 00 DF 81 20 05 F8 50 AC A0 00 DF 81 21 05 00 00 00 00 00 DF EE 44 02 FD FF DF EC 1B 04 FF FF FF FF DF ED 4A 02 00 06 DF ED 5A 08 00 00 80 00 00 00 00 00 DF EE 5C 04 01 50 00 00 DF EE 6B 08 00 00 00 00 00 00 00 00 DF EE 70 01 00 DF EE 71 02 00 00 DF EE 72 02 00 00 DF EE 73 02 00 00 DF EE 74 01 00 DF ED 18 01 01 DF EE 7E 01 00 DF EE 1C 01 03 DF EF 29 02 00 00 9F 4E 1E 00 00 00 00 00 00 00 00 00 00 00 00 00 00 00 00 00 00 00 00 00 00 00 00 00 00 00 00 00 00 DF EE 7D 01 02 86 52 00 00 00 00 00 00 00 00 00 00 00 00 00 00 00 00 00 00 00  

--- 04-00 Set Time zone = + 06 00 01 w/ daylight saving time

2026/8/12 13:42:05.659 [TX] - 56 69 56 4F 74 65 63 68 32 00 04 00 00 08 DF EF 43 04 2B 06 00 01 52 7C 
2026/8/12 13:42:05.720 [RX] - 56 69 56 4F 74 65 63 68 32 00 04 00 00 00 AE 16 00 00 00 00 00 00 00 00 00 00 00 00 00 00 00 00 00 00 00 00 00 00 00 00 00 00 00 00 00 00 00 00 00 00 00 00 00 00 00 00 00 00 00 00 00 00 00  

--- 03 02 _Get Configuration

2026/8/12 13:42:05.892 [TX] - 56 69 56 4F 74 65 63 68 32 00 03 02 00 00 5B 91 
2026/8/12 13:42:05.911 [RX] - 56 69 56 4F 74 65 63 68 32 00 03 00 01 57 DF EE 2D 01 00 DF EF 43 04 2B 06 00 01 9A 03 00 01 01  Date 9F 21 03 01 00 01  Time  2000-01-01 01:00 9C 01 00 5F 2A 02 08 40 5F 36 01 02 9F 02 06 00 00 00 00 00 01 9F 03 06 00 00 00 00 00 00 DF EF 59 06 00 00 00 00 04 44 9F 09 02 00 02 9F 15 02 00 00 9F 1A 02 08 40 9F 40 05 60 00 00 30 00 9F 53 01 00 9F 66 04 30 00 40 00 9F 6D 02 00 01 9F 7C 14 00 00 00 00 00 00 00 00 00 00 00 00 00 00 00 00 00 00 00 00 DF EE 28 03 00 08 E8 DF EE 29 03 00 68 E8 DF EE 34 06 00 00 00 01 00 00 DF EE 35 03 00 06 01 DF EE 36 06 00 00 00 00 80 00 DF EE 37 01 03 DF EE 38 01 00 DF 81 22 05 F8 50 AC F8 00 DF 81 20 05 F8 50 AC A0 00 DF 81 21 05 00 00 00 00 00 DF EE 44 02 FD FF DF EC 1B 04 FF FF FF FF DF ED 4A 02 00 06 DF ED 5A 08 00 00 80 00 00 00 00 00 DF EE 5C 04 01 50 00 00 DF EE 6B 08 00 00 00 00 00 00 00 00 DF EE 70 01 00 DF EE 71 02 00 00 DF EE 72 02 00 00 DF EE 73 02 00 00 DF EE 74 01 00 DF ED 18 01 01 DF EE 7E 01 00 DF EE 1C 01 03 DF EF 29 02 00 00 9F 4E 1E 00 00 00 00 00 00 00 00 00 00 00 00 00 00 00 00 00 00 00 00 00 00 00 00 00 00 00 00 00 00 DF EE 7D 01 02 AE AD 00 00 00 00 00 00 00 00 00 00 00 00 00 00 00 00 00 00 00  

///////////////////////////////////////////////////////////////////
 

--- 04-00 -- Set Date & Time = 99-12-31_17:00

2026/8/12 13:42:06.138 [TX] - 56 69 56 4F 74 65 63 68 32 00 04 00 00 13 DF EF 43 04 00 00 00 00 9A 03 99 12 31 9F 21 03 17 00 00 62 4F 
2026/8/12 13:42:06.206 [RX] - 56 69 56 4F 74 65 63 68 32 00 04 00 00 00 AE 16 00 00 00 00 00 00 00 00 00 00 00 00 00 00 00 00 00 00 00 00 00 00 00 00 00 00 00 00 00 00 00 00 00 00 00 00 00 00 00 00 00 00 00 00 00 00 00  

--- 03 02 _Get Configuration

2026/8/12 13:42:06.363 [TX] - 56 69 56 4F 74 65 63 68 32 00 03 02 00 00 5B 91 
2026/8/12 13:42:06.382 [RX] - 56 69 56 4F 74 65 63 68 32 00 03 00 01 57 DF EE 2D 01 00 DF EF 43 04 00 00 00 00 9A 03 99 12 31  Date 9F 21 03 17 00 00  Time  1999-12-31 17:00 9C 01 00 5F 2A 02 08 40 5F 36 01 02 9F 02 06 00 00 00 00 00 01 9F 03 06 00 00 00 00 00 00 DF EF 59 06 00 00 00 00 04 44 9F 09 02 00 02 9F 15 02 00 00 9F 1A 02 08 40 9F 40 05 60 00 00 30 00 9F 53 01 00 9F 66 04 30 00 40 00 9F 6D 02 00 01 9F 7C 14 00 00 00 00 00 00 00 00 00 00 00 00 00 00 00 00 00 00 00 00 DF EE 28 03 00 08 E8 DF EE 29 03 00 68 E8 DF EE 34 06 00 00 00 01 00 00 DF EE 35 03 00 06 01 DF EE 36 06 00 00 00 00 80 00 DF EE 37 01 03 DF EE 38 01 00 DF 81 22 05 F8 50 AC F8 00 DF 81 20 05 F8 50 AC A0 00 DF 81 21 05 00 00 00 00 00 DF EE 44 02 FD FF DF EC 1B 04 FF FF FF FF DF ED 4A 02 00 06 DF ED 5A 08 00 00 80 00 00 00 00 00 DF EE 5C 04 01 50 00 00 DF EE 6B 08 00 00 00 00 00 00 00 00 DF EE 70 01 00 DF EE 71 02 00 00 DF EE 72 02 00 00 DF EE 73 02 00 00 DF EE 74 01 00 DF ED 18 01 01 DF EE 7E 01 00 DF EE 1C 01 03 DF EF 29 02 00 00 9F 4E 1E 00 00 00 00 00 00 00 00 00 00 00 00 00 00 00 00 00 00 00 00 00 00 00 00 00 00 00 00 00 00 DF EE 7D 01 02 1A 25 00 00 00 00 00 00 00 00 00 00 00 00 00 00 00 00 00 00 00  

--- 04-00 Set Time zone = + 07 00 01 w/ daylight saving time

2026/8/12 13:42:06.597 [TX] - 56 69 56 4F 74 65 63 68 32 00 04 00 00 08 DF EF 43 04 2B 07 00 01 62 4B 
2026/8/12 13:42:06.658 [RX] - 56 69 56 4F 74 65 63 68 32 00 04 00 00 00 AE 16 00 00 00 00 00 00 00 00 00 00 00 00 00 00 00 00 00 00 00 00 00 00 00 00 00 00 00 00 00 00 00 00 00 00 00 00 00 00 00 00 00 00 00 00 00 00 00  

--- 03 02 _Get Configuration

2026/8/12 13:42:06.831 [TX] - 56 69 56 4F 74 65 63 68 32 00 03 02 00 00 5B 91 
2026/8/12 13:42:06.850 [RX] - 56 69 56 4F 74 65 63 68 32 00 03 00 01 57 DF EE 2D 01 00 DF EF 43 04 2B 07 00 01 9A 03 00 01 01  Date 9F 21 03 01 00 01  Time  2000-01-01 01:00 9C 01 00 5F 2A 02 08 40 5F 36 01 02 9F 02 06 00 00 00 00 00 01 9F 03 06 00 00 00 00 00 00 DF EF 59 06 00 00 00 00 04 44 9F 09 02 00 02 9F 15 02 00 00 9F 1A 02 08 40 9F 40 05 60 00 00 30 00 9F 53 01 00 9F 66 04 30 00 40 00 9F 6D 02 00 01 9F 7C 14 00 00 00 00 00 00 00 00 00 00 00 00 00 00 00 00 00 00 00 00 DF EE 28 03 00 08 E8 DF EE 29 03 00 68 E8 DF EE 34 06 00 00 00 01 00 00 DF EE 35 03 00 06 01 DF EE 36 06 00 00 00 00 80 00 DF EE 37 01 03 DF EE 38 01 00 DF 81 22 05 F8 50 AC F8 00 DF 81 20 05 F8 50 AC A0 00 DF 81 21 05 00 00 00 00 00 DF EE 44 02 FD FF DF EC 1B 04 FF FF FF FF DF ED 4A 02 00 06 DF ED 5A 08 00 00 80 00 00 00 00 00 DF EE 5C 04 01 50 00 00 DF EE 6B 08 00 00 00 00 00 00 00 00 DF EE 70 01 00 DF EE 71 02 00 00 DF EE 72 02 00 00 DF EE 73 02 00 00 DF EE 74 01 00 DF ED 18 01 01 DF EE 7E 01 00 DF EE 1C 01 03 DF EF 29 02 00 00 9F 4E 1E 00 00 00 00 00 00 00 00 00 00 00 00 00 00 00 00 00 00 00 00 00 00 00 00 00 00 00 00 00 00 DF EE 7D 01 02 1C D8 00 00 00 00 00 00 00 00 00 00 00 00 00 00 00 00 00 00 00  

///////////////////////////////////////////////////////////////////
 

--- 04-00 -- Set Date & Time = 99-12-31_16:00

2026/8/12 13:42:07.077 [TX] - 56 69 56 4F 74 65 63 68 32 00 04 00 00 13 DF EF 43 04 00 00 00 00 9A 03 99 12 31 9F 21 03 16 00 00 52 78 
2026/8/12 13:42:07.144 [RX] - 56 69 56 4F 74 65 63 68 32 00 04 00 00 00 AE 16 00 00 00 00 00 00 00 00 00 00 00 00 00 00 00 00 00 00 00 00 00 00 00 00 00 00 00 00 00 00 00 00 00 00 00 00 00 00 00 00 00 00 00 00 00 00 00  

--- 03 02 _Get Configuration

2026/8/12 13:42:07.319 [TX] - 56 69 56 4F 74 65 63 68 32 00 03 02 00 00 5B 91 
2026/8/12 13:42:07.337 [RX] - 56 69 56 4F 74 65 63 68 32 00 03 00 01 57 DF EE 2D 01 00 DF EF 43 04 00 00 00 00 9A 03 99 12 31  Date 9F 21 03 16 00 00  Time  1999-12-31 16:00 9C 01 00 5F 2A 02 08 40 5F 36 01 02 9F 02 06 00 00 00 00 00 01 9F 03 06 00 00 00 00 00 00 DF EF 59 06 00 00 00 00 04 44 9F 09 02 00 02 9F 15 02 00 00 9F 1A 02 08 40 9F 40 05 60 00 00 30 00 9F 53 01 00 9F 66 04 30 00 40 00 9F 6D 02 00 01 9F 7C 14 00 00 00 00 00 00 00 00 00 00 00 00 00 00 00 00 00 00 00 00 DF EE 28 03 00 08 E8 DF EE 29 03 00 68 E8 DF EE 34 06 00 00 00 01 00 00 DF EE 35 03 00 06 01 DF EE 36 06 00 00 00 00 80 00 DF EE 37 01 03 DF EE 38 01 00 DF 81 22 05 F8 50 AC F8 00 DF 81 20 05 F8 50 AC A0 00 DF 81 21 05 00 00 00 00 00 DF EE 44 02 FD FF DF EC 1B 04 FF FF FF FF DF ED 4A 02 00 06 DF ED 5A 08 00 00 80 00 00 00 00 00 DF EE 5C 04 01 50 00 00 DF EE 6B 08 00 00 00 00 00 00 00 00 DF EE 70 01 00 DF EE 71 02 00 00 DF EE 72 02 00 00 DF EE 73 02 00 00 DF EE 74 01 00 DF ED 18 01 01 DF EE 7E 01 00 DF EE 1C 01 03 DF EF 29 02 00 00 9F 4E 1E 00 00 00 00 00 00 00 00 00 00 00 00 00 00 00 00 00 00 00 00 00 00 00 00 00 00 00 00 00 00 DF EE 7D 01 02 A1 C6 00 00 00 00 00 00 00 00 00 00 00 00 00 00 00 00 00 00 00  

--- 04-00 Set Time zone = + 08 00 01 w/ daylight saving time

2026/8/12 13:42:07.554 [TX] - 56 69 56 4F 74 65 63 68 32 00 04 00 00 08 DF EF 43 04 2B 08 00 01 53 67 
2026/8/12 13:42:07.705 [RX] - 56 69 56 4F 74 65 63 68 32 00 04 00 00 00 AE 16 00 00 00 00 00 00 00 00 00 00 00 00 00 00 00 00 00 00 00 00 00 00 00 00 00 00 00 00 00 00 00 00 00 00 00 00 00 00 00 00 00 00 00 00 00 00 00  

--- 03 02 _Get Configuration

2026/8/12 13:42:07.788 [TX] - 56 69 56 4F 74 65 63 68 32 00 03 02 00 00 5B 91 
2026/8/12 13:42:07.806 [RX] - 56 69 56 4F 74 65 63 68 32 00 03 00 01 57 DF EE 2D 01 00 DF EF 43 04 2B 08 00 01 9A 03 00 01 01  Date 9F 21 03 01 00 00  Time  2000-01-01 01:00 9C 01 00 5F 2A 02 08 40 5F 36 01 02 9F 02 06 00 00 00 00 00 01 9F 03 06 00 00 00 00 00 00 DF EF 59 06 00 00 00 00 04 44 9F 09 02 00 02 9F 15 02 00 00 9F 1A 02 08 40 9F 40 05 60 00 00 30 00 9F 53 01 00 9F 66 04 30 00 40 00 9F 6D 02 00 01 9F 7C 14 00 00 00 00 00 00 00 00 00 00 00 00 00 00 00 00 00 00 00 00 DF EE 28 03 00 08 E8 DF EE 29 03 00 68 E8 DF EE 34 06 00 00 00 01 00 00 DF EE 35 03 00 06 01 DF EE 36 06 00 00 00 00 80 00 DF EE 37 01 03 DF EE 38 01 00 DF 81 22 05 F8 50 AC F8 00 DF 81 20 05 F8 50 AC A0 00 DF 81 21 05 00 00 00 00 00 DF EE 44 02 FD FF DF EC 1B 04 FF FF FF FF DF ED 4A 02 00 06 DF ED 5A 08 00 00 80 00 00 00 00 00 DF EE 5C 04 01 50 00 00 DF EE 6B 08 00 00 00 00 00 00 00 00 DF EE 70 01 00 DF EE 71 02 00 00 DF EE 72 02 00 00 DF EE 73 02 00 00 DF EE 74 01 00 DF ED 18 01 01 DF EE 7E 01 00 DF EE 1C 01 03 DF EF 29 02 00 00 9F 4E 1E 00 00 00 00 00 00 00 00 00 00 00 00 00 00 00 00 00 00 00 00 00 00 00 00 00 00 00 00 00 00 DF EE 7D 01 02 04 D9 00 00 00 00 00 00 00 00 00 00 00 00 00 00 00 00 00 00 00  

///////////////////////////////////////////////////////////////////
 

--- 04-00 -- Set Date & Time = 99-12-31_15:00

2026/8/12 13:42:08.050 [TX] - 56 69 56 4F 74 65 63 68 32 00 04 00 00 13 DF EF 43 04 00 00 00 00 9A 03 99 12 31 9F 21 03 15 00 00 02 21 
2026/8/12 13:42:08.118 [RX] - 56 69 56 4F 74 65 63 68 32 00 04 00 00 00 AE 16 00 00 00 00 00 00 00 00 00 00 00 00 00 00 00 00 00 00 00 00 00 00 00 00 00 00 00 00 00 00 00 00 00 00 00 00 00 00 00 00 00 00 00 00 00 00 00  

--- 03 02 _Get Configuration

2026/8/12 13:42:08.277 [TX] - 56 69 56 4F 74 65 63 68 32 00 03 02 00 00 5B 91 
2026/8/12 13:42:08.295 [RX] - 56 69 56 4F 74 65 63 68 32 00 03 00 01 57 DF EE 2D 01 00 DF EF 43 04 00 00 00 00 9A 03 99 12 31  Date 9F 21 03 15 00 00  Time  1999-12-31 15:00 9C 01 00 5F 2A 02 08 40 5F 36 01 02 9F 02 06 00 00 00 00 00 01 9F 03 06 00 00 00 00 00 00 DF EF 59 06 00 00 00 00 04 44 9F 09 02 00 02 9F 15 02 00 00 9F 1A 02 08 40 9F 40 05 60 00 00 30 00 9F 53 01 00 9F 66 04 30 00 40 00 9F 6D 02 00 01 9F 7C 14 00 00 00 00 00 00 00 00 00 00 00 00 00 00 00 00 00 00 00 00 DF EE 28 03 00 08 E8 DF EE 29 03 00 68 E8 DF EE 34 06 00 00 00 01 00 00 DF EE 35 03 00 06 01 DF EE 36 06 00 00 00 00 80 00 DF EE 37 01 03 DF EE 38 01 00 DF 81 22 05 F8 50 AC F8 00 DF 81 20 05 F8 50 AC A0 00 DF 81 21 05 00 00 00 00 00 DF EE 44 02 FD FF DF EC 1B 04 FF FF FF FF DF ED 4A 02 00 06 DF ED 5A 08 00 00 80 00 00 00 00 00 DF EE 5C 04 01 50 00 00 DF EE 6B 08 00 00 00 00 00 00 00 00 DF EE 70 01 00 DF EE 71 02 00 00 DF EE 72 02 00 00 DF EE 73 02 00 00 DF EE 74 01 00 DF ED 18 01 01 DF EE 7E 01 00 DF EE 1C 01 03 DF EF 29 02 00 00 9F 4E 1E 00 00 00 00 00 00 00 00 00 00 00 00 00 00 00 00 00 00 00 00 00 00 00 00 00 00 00 00 00 00 DF EE 7D 01 02 7D C2 00 00 00 00 00 00 00 00 00 00 00 00 00 00 00 00 00 00 00  

--- 04-00 Set Time zone = + 09 00 01 w/ daylight saving time

2026/8/12 13:42:08.512 [TX] - 56 69 56 4F 74 65 63 68 32 00 04 00 00 08 DF EF 43 04 2B 09 00 01 63 50 
2026/8/12 13:42:08.574 [RX] - 56 69 56 4F 74 65 63 68 32 00 04 00 00 00 AE 16 00 00 00 00 00 00 00 00 00 00 00 00 00 00 00 00 00 00 00 00 00 00 00 00 00 00 00 00 00 00 00 00 00 00 00 00 00 00 00 00 00 00 00 00 00 00 00  

--- 03 02 _Get Configuration

2026/8/12 13:42:08.745 [TX] - 56 69 56 4F 74 65 63 68 32 00 03 02 00 00 5B 91 
2026/8/12 13:42:08.763 [RX] - 56 69 56 4F 74 65 63 68 32 00 03 00 01 57 DF EE 2D 01 00 DF EF 43 04 2B 09 00 01 9A 03 00 01 01  Date 9F 21 03 01 00 00  Time  2000-01-01 01:00 9C 01 00 5F 2A 02 08 40 5F 36 01 02 9F 02 06 00 00 00 00 00 01 9F 03 06 00 00 00 00 00 00 DF EF 59 06 00 00 00 00 04 44 9F 09 02 00 02 9F 15 02 00 00 9F 1A 02 08 40 9F 40 05 60 00 00 30 00 9F 53 01 00 9F 66 04 30 00 40 00 9F 6D 02 00 01 9F 7C 14 00 00 00 00 00 00 00 00 00 00 00 00 00 00 00 00 00 00 00 00 DF EE 28 03 00 08 E8 DF EE 29 03 00 68 E8 DF EE 34 06 00 00 00 01 00 00 DF EE 35 03 00 06 01 DF EE 36 06 00 00 00 00 80 00 DF EE 37 01 03 DF EE 38 01 00 DF 81 22 05 F8 50 AC F8 00 DF 81 20 05 F8 50 AC A0 00 DF 81 21 05 00 00 00 00 00 DF EE 44 02 FD FF DF EC 1B 04 FF FF FF FF DF ED 4A 02 00 06 DF ED 5A 08 00 00 80 00 00 00 00 00 DF EE 5C 04 01 50 00 00 DF EE 6B 08 00 00 00 00 00 00 00 00 DF EE 70 01 00 DF EE 71 02 00 00 DF EE 72 02 00 00 DF EE 73 02 00 00 DF EE 74 01 00 DF ED 18 01 01 DF EE 7E 01 00 DF EE 1C 01 03 DF EF 29 02 00 00 9F 4E 1E 00 00 00 00 00 00 00 00 00 00 00 00 00 00 00 00 00 00 00 00 00 00 00 00 00 00 00 00 00 00 DF EE 7D 01 02 B6 AC 00 00 00 00 00 00 00 00 00 00 00 00 00 00 00 00 00 00 00  

///////////////////////////////////////////////////////////////////
 

--- 04-00 -- Set Date & Time = 99-12-31_14:00

2026/8/12 13:42:08.990 [TX] - 56 69 56 4F 74 65 63 68 32 00 04 00 00 13 DF EF 43 04 00 00 00 00 9A 03 99 12 31 9F 21 03 14 00 00 32 16 
2026/8/12 13:42:09.090 [RX] - 56 69 56 4F 74 65 63 68 32 00 04 00 00 00 AE 16 00 00 00 00 00 00 00 00 00 00 00 00 00 00 00 00 00 00 00 00 00 00 00 00 00 00 00 00 00 00 00 00 00 00 00 00 00 00 00 00 00 00 00 00 00 00 00  

--- 03 02 _Get Configuration

2026/8/12 13:42:09.214 [TX] - 56 69 56 4F 74 65 63 68 32 00 03 02 00 00 5B 91 
2026/8/12 13:42:09.232 [RX] - 56 69 56 4F 74 65 63 68 32 00 03 00 01 57 DF EE 2D 01 00 DF EF 43 04 00 00 00 00 9A 03 99 12 31  Date 9F 21 03 14 00 00  Time  1999-12-31 14:00 9C 01 00 5F 2A 02 08 40 5F 36 01 02 9F 02 06 00 00 00 00 00 01 9F 03 06 00 00 00 00 00 00 DF EF 59 06 00 00 00 00 04 44 9F 09 02 00 02 9F 15 02 00 00 9F 1A 02 08 40 9F 40 05 60 00 00 30 00 9F 53 01 00 9F 66 04 30 00 40 00 9F 6D 02 00 01 9F 7C 14 00 00 00 00 00 00 00 00 00 00 00 00 00 00 00 00 00 00 00 00 DF EE 28 03 00 08 E8 DF EE 29 03 00 68 E8 DF EE 34 06 00 00 00 01 00 00 DF EE 35 03 00 06 01 DF EE 36 06 00 00 00 00 80 00 DF EE 37 01 03 DF EE 38 01 00 DF 81 22 05 F8 50 AC F8 00 DF 81 20 05 F8 50 AC A0 00 DF 81 21 05 00 00 00 00 00 DF EE 44 02 FD FF DF EC 1B 04 FF FF FF FF DF ED 4A 02 00 06 DF ED 5A 08 00 00 80 00 00 00 00 00 DF EE 5C 04 01 50 00 00 DF EE 6B 08 00 00 00 00 00 00 00 00 DF EE 70 01 00 DF EE 71 02 00 00 DF EE 72 02 00 00 DF EE 73 02 00 00 DF EE 74 01 00 DF ED 18 01 01 DF EE 7E 01 00 DF EE 1C 01 03 DF EF 29 02 00 00 9F 4E 1E 00 00 00 00 00 00 00 00 00 00 00 00 00 00 00 00 00 00 00 00 00 00 00 00 00 00 00 00 00 00 DF EE 7D 01 02 C6 21 00 00 00 00 00 00 00 00 00 00 00 00 00 00 00 00 00 00 00  

--- 04-00 Set Time zone = + 10 00 01 w/ daylight saving time

2026/8/12 13:42:09.447 [TX] - 56 69 56 4F 74 65 63 68 32 00 04 00 00 08 DF EF 43 04 2B 0A 00 01 33 09 
2026/8/12 13:42:09.511 [RX] - 56 69 56 4F 74 65 63 68 32 00 04 00 00 00 AE 16 00 00 00 00 00 00 00 00 00 00 00 00 00 00 00 00 00 00 00 00 00 00 00 00 00 00 00 00 00 00 00 00 00 00 00 00 00 00 00 00 00 00 00 00 00 00 00  

--- 03 02 _Get Configuration

2026/8/12 13:42:09.682 [TX] - 56 69 56 4F 74 65 63 68 32 00 03 02 00 00 5B 91 
2026/8/12 13:42:09.700 [RX] - 56 69 56 4F 74 65 63 68 32 00 03 00 01 57 DF EE 2D 01 00 DF EF 43 04 2B 0A 00 01 9A 03 00 01 01  Date 9F 21 03 01 00 00  Time  2000-01-01 01:00 9C 01 00 5F 2A 02 08 40 5F 36 01 02 9F 02 06 00 00 00 00 00 01 9F 03 06 00 00 00 00 00 00 DF EF 59 06 00 00 00 00 04 44 9F 09 02 00 02 9F 15 02 00 00 9F 1A 02 08 40 9F 40 05 60 00 00 30 00 9F 53 01 00 9F 66 04 30 00 40 00 9F 6D 02 00 01 9F 7C 14 00 00 00 00 00 00 00 00 00 00 00 00 00 00 00 00 00 00 00 00 DF EE 28 03 00 08 E8 DF EE 29 03 00 68 E8 DF EE 34 06 00 00 00 01 00 00 DF EE 35 03 00 06 01 DF EE 36 06 00 00 00 00 80 00 DF EE 37 01 03 DF EE 38 01 00 DF 81 22 05 F8 50 AC F8 00 DF 81 20 05 F8 50 AC A0 00 DF 81 21 05 00 00 00 00 00 DF EE 44 02 FD FF DF EC 1B 04 FF FF FF FF DF ED 4A 02 00 06 DF ED 5A 08 00 00 80 00 00 00 00 00 DF EE 5C 04 01 50 00 00 DF EE 6B 08 00 00 00 00 00 00 00 00 DF EE 70 01 00 DF EE 71 02 00 00 DF EE 72 02 00 00 DF EE 73 02 00 00 DF EE 74 01 00 DF ED 18 01 01 DF EE 7E 01 00 DF EE 1C 01 03 DF EF 29 02 00 00 9F 4E 1E 00 00 00 00 00 00 00 00 00 00 00 00 00 00 00 00 00 00 00 00 00 00 00 00 00 00 00 00 00 00 DF EE 7D 01 02 70 12 00 00 00 00 00 00 00 00 00 00 00 00 00 00 00 00 00 00 00  

///////////////////////////////////////////////////////////////////
 

--- 04-00 -- Set Date & Time = 99-12-31_13:00

2026/8/12 13:42:09.928 [TX] - 56 69 56 4F 74 65 63 68 32 00 04 00 00 13 DF EF 43 04 00 00 00 00 9A 03 99 12 31 9F 21 03 13 00 00 A2 93 
2026/8/12 13:42:09.994 [RX] - 56 69 56 4F 74 65 63 68 32 00 04 00 00 00 AE 16 00 00 00 00 00 00 00 00 00 00 00 00 00 00 00 00 00 00 00 00 00 00 00 00 00 00 00 00 00 00 00 00 00 00 00 00 00 00 00 00 00 00 00 00 00 00 00  

--- 03 02 _Get Configuration

2026/8/12 13:42:10.167 [TX] - 56 69 56 4F 74 65 63 68 32 00 03 02 00 00 5B 91 
2026/8/12 13:42:10.185 [RX] - 56 69 56 4F 74 65 63 68 32 00 03 00 01 57 DF EE 2D 01 00 DF EF 43 04 00 00 00 00 9A 03 99 12 31  Date 9F 21 03 13 00 01  Time  1999-12-31 13:00 9C 01 00 5F 2A 02 08 40 5F 36 01 02 9F 02 06 00 00 00 00 00 01 9F 03 06 00 00 00 00 00 00 DF EF 59 06 00 00 00 00 04 44 9F 09 02 00 02 9F 15 02 00 00 9F 1A 02 08 40 9F 40 05 60 00 00 30 00 9F 53 01 00 9F 66 04 30 00 40 00 9F 6D 02 00 01 9F 7C 14 00 00 00 00 00 00 00 00 00 00 00 00 00 00 00 00 00 00 00 00 DF EE 28 03 00 08 E8 DF EE 29 03 00 68 E8 DF EE 34 06 00 00 00 01 00 00 DF EE 35 03 00 06 01 DF EE 36 06 00 00 00 00 80 00 DF EE 37 01 03 DF EE 38 01 00 DF 81 22 05 F8 50 AC F8 00 DF 81 20 05 F8 50 AC A0 00 DF 81 21 05 00 00 00 00 00 DF EE 44 02 FD FF DF EC 1B 04 FF FF FF FF DF ED 4A 02 00 06 DF ED 5A 08 00 00 80 00 00 00 00 00 DF EE 5C 04 01 50 00 00 DF EE 6B 08 00 00 00 00 00 00 00 00 DF EE 70 01 00 DF EE 71 02 00 00 DF EE 72 02 00 00 DF EE 73 02 00 00 DF EE 74 01 00 DF ED 18 01 01 DF EE 7E 01 00 DF EE 1C 01 03 DF EF 29 02 00 00 9F 4E 1E 00 00 00 00 00 00 00 00 00 00 00 00 00 00 00 00 00 00 00 00 00 00 00 00 00 00 00 00 00 00 DF EE 7D 01 02 21 CF 00 00 00 00 00 00 00 00 00 00 00 00 00 00 00 00 00 00 00  

--- 04-00 Set Time zone = + 11 00 01 w/ daylight saving time

2026/8/12 13:42:10.401 [TX] - 56 69 56 4F 74 65 63 68 32 00 04 00 00 08 DF EF 43 04 2B 0B 00 01 03 3E 
2026/8/12 13:42:10.553 [RX] - 56 69 56 4F 74 65 63 68 32 00 04 00 00 00 AE 16 00 00 00 00 00 00 00 00 00 00 00 00 00 00 00 00 00 00 00 00 00 00 00 00 00 00 00 00 00 00 00 00 00 00 00 00 00 00 00 00 00 00 00 00 00 00 00  

--- 03 02 _Get Configuration

2026/8/12 13:42:10.636 [TX] - 56 69 56 4F 74 65 63 68 32 00 03 02 00 00 5B 91 
2026/8/12 13:42:10.653 [RX] - 56 69 56 4F 74 65 63 68 32 00 03 00 01 57 DF EE 2D 01 00 DF EF 43 04 2B 0B 00 01 9A 03 00 01 01  Date 9F 21 03 01 00 01  Time  2000-01-01 01:00 9C 01 00 5F 2A 02 08 40 5F 36 01 02 9F 02 06 00 00 00 00 00 01 9F 03 06 00 00 00 00 00 00 DF EF 59 06 00 00 00 00 04 44 9F 09 02 00 02 9F 15 02 00 00 9F 1A 02 08 40 9F 40 05 60 00 00 30 00 9F 53 01 00 9F 66 04 30 00 40 00 9F 6D 02 00 01 9F 7C 14 00 00 00 00 00 00 00 00 00 00 00 00 00 00 00 00 00 00 00 00 DF EE 28 03 00 08 E8 DF EE 29 03 00 68 E8 DF EE 34 06 00 00 00 01 00 00 DF EE 35 03 00 06 01 DF EE 36 06 00 00 00 00 80 00 DF EE 37 01 03 DF EE 38 01 00 DF 81 22 05 F8 50 AC F8 00 DF 81 20 05 F8 50 AC A0 00 DF 81 21 05 00 00 00 00 00 DF EE 44 02 FD FF DF EC 1B 04 FF FF FF FF DF ED 4A 02 00 06 DF ED 5A 08 00 00 80 00 00 00 00 00 DF EE 5C 04 01 50 00 00 DF EE 6B 08 00 00 00 00 00 00 00 00 DF EE 70 01 00 DF EE 71 02 00 00 DF EE 72 02 00 00 DF EE 73 02 00 00 DF EE 74 01 00 DF ED 18 01 01 DF EE 7E 01 00 DF EE 1C 01 03 DF EF 29 02 00 00 9F 4E 1E 00 00 00 00 00 00 00 00 00 00 00 00 00 00 00 00 00 00 00 00 00 00 00 00 00 00 00 00 00 00 DF EE 7D 01 02 36 43 00 00 00 00 00 00 00 00 00 00 00 00 00 00 00 00 00 00 00  

///////////////////////////////////////////////////////////////////
 

--- 04-00 -- Set Date & Time = 99-12-31_12:00

2026/8/12 13:42:10.880 [TX] - 56 69 56 4F 74 65 63 68 32 00 04 00 00 13 DF EF 43 04 00 00 00 00 9A 03 99 12 31 9F 21 03 12 00 00 92 A4 
2026/8/12 13:42:10.945 [RX] - 56 69 56 4F 74 65 63 68 32 00 04 00 00 00 AE 16 00 00 00 00 00 00 00 00 00 00 00 00 00 00 00 00 00 00 00 00 00 00 00 00 00 00 00 00 00 00 00 00 00 00 00 00 00 00 00 00 00 00 00 00 00 00 00  

--- 03 02 _Get Configuration

2026/8/12 13:42:11.123 [TX] - 56 69 56 4F 74 65 63 68 32 00 03 02 00 00 5B 91 
2026/8/12 13:42:11.141 [RX] - 56 69 56 4F 74 65 63 68 32 00 03 00 01 57 DF EE 2D 01 00 DF EF 43 04 00 00 00 00 9A 03 99 12 31  Date 9F 21 03 12 00 00  Time  1999-12-31 12:00 9C 01 00 5F 2A 02 08 40 5F 36 01 02 9F 02 06 00 00 00 00 00 01 9F 03 06 00 00 00 00 00 00 DF EF 59 06 00 00 00 00 04 44 9F 09 02 00 02 9F 15 02 00 00 9F 1A 02 08 40 9F 40 05 60 00 00 30 00 9F 53 01 00 9F 66 04 30 00 40 00 9F 6D 02 00 01 9F 7C 14 00 00 00 00 00 00 00 00 00 00 00 00 00 00 00 00 00 00 00 00 DF EE 28 03 00 08 E8 DF EE 29 03 00 68 E8 DF EE 34 06 00 00 00 01 00 00 DF EE 35 03 00 06 01 DF EE 36 06 00 00 00 00 80 00 DF EE 37 01 03 DF EE 38 01 00 DF 81 22 05 F8 50 AC F8 00 DF 81 20 05 F8 50 AC A0 00 DF 81 21 05 00 00 00 00 00 DF EE 44 02 FD FF DF EC 1B 04 FF FF FF FF DF ED 4A 02 00 06 DF ED 5A 08 00 00 80 00 00 00 00 00 DF EE 5C 04 01 50 00 00 DF EE 6B 08 00 00 00 00 00 00 00 00 DF EE 70 01 00 DF EE 71 02 00 00 DF EE 72 02 00 00 DF EE 73 02 00 00 DF EE 74 01 00 DF ED 18 01 01 DF EE 7E 01 00 DF EE 1C 01 03 DF EF 29 02 00 00 9F 4E 1E 00 00 00 00 00 00 00 00 00 00 00 00 00 00 00 00 00 00 00 00 00 00 00 00 00 00 00 00 00 00 DF EE 7D 01 02 6E 08 00 00 00 00 00 00 00 00 00 00 00 00 00 00 00 00 00 00 00  

--- 04-00 Set Time zone = + 12 00 01 w/ daylight saving time

2026/8/12 13:42:11.357 [TX] - 56 69 56 4F 74 65 63 68 32 00 04 00 00 08 DF EF 43 04 2D 0C 00 01 0A 9C 
2026/8/12 13:42:11.417 [RX] - 56 69 56 4F 74 65 63 68 32 00 04 00 00 00 AE 16 00 00 00 00 00 00 00 00 00 00 00 00 00 00 00 00 00 00 00 00 00 00 00 00 00 00 00 00 00 00 00 00 00 00 00 00 00 00 00 00 00 00 00 00 00 00 00  

--- 03 02 _Get Configuration

2026/8/12 13:42:11.591 [TX] - 56 69 56 4F 74 65 63 68 32 00 03 02 00 00 5B 91 
2026/8/12 13:42:11.609 [RX] - 56 69 56 4F 74 65 63 68 32 00 03 00 01 57 DF EE 2D 01 00 DF EF 43 04 2D 0C 00 01 9A 03 99 12 31  Date 9F 21 03 01 00 01  Time  9C 01 00 5F 2A 02 08 40 5F 36 01 02 9F 02 06 00 00 00 00 00 01 9F 03 06 00 00 00 00 00 00 DF EF 59 06 00 00 00 00 04 44 9F 09 02 00 02 9F 15 02 00 00 9F 1A 02 08 40 9F 40 05 60 00 00 30 00 9F 53 01 00 9F 66 04 30 00 40 00 9F 6D 02 00 01 9F 7C 14 00 00 00 00 00 00 00 00 00 00 00 00 00 00 00 00 00 00 00 00 DF EE 28 03 00 08 E8 DF EE 29 03 00 68 E8 DF EE 34 06 00 00 00 01 00 00 DF EE 35 03 00 06 01 DF EE 36 06 00 00 00 00 80 00 DF EE 37 01 03 DF EE 38 01 00 DF 81 22 05 F8 50 AC F8 00 DF 81 20 05 F8 50 AC A0 00 DF 81 21 05 00 00 00 00 00 DF EE 44 02 FD FF DF EC 1B 04 FF FF FF FF DF ED 4A 02 00 06 DF ED 5A 08 00 00 80 00 00 00 00 00 DF EE 5C 04 01 50 00 00 DF EE 6B 08 00 00 00 00 00 00 00 00 DF EE 70 01 00 DF EE 71 02 00 00 DF EE 72 02 00 00 DF EE 73 02 00 00 DF EE 74 01 00 DF ED 18 01 01 DF EE 7E 01 00 DF EE 1C 01 03 DF EF 29 02 00 00 9F 4E 1E 00 00 00 00 00 00 00 00 00 00 00 00 00 00 00 00 00 00 00 00 00 00 00 00 00 00 00 00 00 00 DF EE 7D 01 02 D8 C1 00 00 00 00 00 00 00 00 00 00 00 00 00 00 00 00 00 00 00  

///////////////////////////////////////////////////////////////////
 

--- 04-00 -- Set Date & Time = 99-12-31_11:00

2026/8/12 13:42:11.831 [TX] - 56 69 56 4F 74 65 63 68 32 00 04 00 00 13 DF EF 43 04 00 00 00 00 9A 03 99 12 31 9F 21 03 11 00 00 C2 FD 
2026/8/12 13:42:11.898 [RX] - 56 69 56 4F 74 65 63 68 32 00 04 00 00 00 AE 16 00 00 00 00 00 00 00 00 00 00 00 00 00 00 00 00 00 00 00 00 00 00 00 00 00 00 00 00 00 00 00 00 00 00 00 00 00 00 00 00 00 00 00 00 00 00 00  

--- 03 02 _Get Configuration

2026/8/12 13:42:12.058 [TX] - 56 69 56 4F 74 65 63 68 32 00 03 02 00 00 5B 91 
2026/8/12 13:42:12.076 [RX] - 56 69 56 4F 74 65 63 68 32 00 03 00 01 57 DF EE 2D 01 00 DF EF 43 04 00 00 00 00 9A 03 99 12 31  Date 9F 21 03 11 00 00  Time  1999-12-31 11:00 9C 01 00 5F 2A 02 08 40 5F 36 01 02 9F 02 06 00 00 00 00 00 01 9F 03 06 00 00 00 00 00 00 DF EF 59 06 00 00 00 00 04 44 9F 09 02 00 02 9F 15 02 00 00 9F 1A 02 08 40 9F 40 05 60 00 00 30 00 9F 53 01 00 9F 66 04 30 00 40 00 9F 6D 02 00 01 9F 7C 14 00 00 00 00 00 00 00 00 00 00 00 00 00 00 00 00 00 00 00 00 DF EE 28 03 00 08 E8 DF EE 29 03 00 68 E8 DF EE 34 06 00 00 00 01 00 00 DF EE 35 03 00 06 01 DF EE 36 06 00 00 00 00 80 00 DF EE 37 01 03 DF EE 38 01 00 DF 81 22 05 F8 50 AC F8 00 DF 81 20 05 F8 50 AC A0 00 DF 81 21 05 00 00 00 00 00 DF EE 44 02 FD FF DF EC 1B 04 FF FF FF FF DF ED 4A 02 00 06 DF ED 5A 08 00 00 80 00 00 00 00 00 DF EE 5C 04 01 50 00 00 DF EE 6B 08 00 00 00 00 00 00 00 00 DF EE 70 01 00 DF EE 71 02 00 00 DF EE 72 02 00 00 DF EE 73 02 00 00 DF EE 74 01 00 DF ED 18 01 01 DF EE 7E 01 00 DF EE 1C 01 03 DF EF 29 02 00 00 9F 4E 1E 00 00 00 00 00 00 00 00 00 00 00 00 00 00 00 00 00 00 00 00 00 00 00 00 00 00 00 00 00 00 DF EE 7D 01 02 B2 0C 00 00 00 00 00 00 00 00 00 00 00 00 00 00 00 00 00 00 00  

--- 04-00 Set Time zone = + 13 00 01 w/ daylight saving time

2026/8/12 13:42:12.308 [TX] - 56 69 56 4F 74 65 63 68 32 00 04 00 00 08 DF EF 43 04 2D 0D 00 01 3A AB 
2026/8/12 13:42:12.371 [RX] - 56 69 56 4F 74 65 63 68 32 00 04 00 00 00 AE 16 00 00 00 00 00 00 00 00 00 00 00 00 00 00 00 00 00 00 00 00 00 00 00 00 00 00 00 00 00 00 00 00 00 00 00 00 00 00 00 00 00 00 00 00 00 00 00  

--- 03 02 _Get Configuration

2026/8/12 13:42:12.543 [TX] - 56 69 56 4F 74 65 63 68 32 00 03 02 00 00 5B 91 
2026/8/12 13:42:12.561 [RX] - 56 69 56 4F 74 65 63 68 32 00 03 00 01 57 DF EE 2D 01 00 DF EF 43 04 2D 0D 00 01 9A 03 99 12 31  Date 9F 21 03 11 00 01  Time  1999-12-31 11:00 9C 01 00 5F 2A 02 08 40 5F 36 01 02 9F 02 06 00 00 00 00 00 01 9F 03 06 00 00 00 00 00 00 DF EF 59 06 00 00 00 00 04 44 9F 09 02 00 02 9F 15 02 00 00 9F 1A 02 08 40 9F 40 05 60 00 00 30 00 9F 53 01 00 9F 66 04 30 00 40 00 9F 6D 02 00 01 9F 7C 14 00 00 00 00 00 00 00 00 00 00 00 00 00 00 00 00 00 00 00 00 DF EE 28 03 00 08 E8 DF EE 29 03 00 68 E8 DF EE 34 06 00 00 00 01 00 00 DF EE 35 03 00 06 01 DF EE 36 06 00 00 00 00 80 00 DF EE 37 01 03 DF EE 38 01 00 DF 81 22 05 F8 50 AC F8 00 DF 81 20 05 F8 50 AC A0 00 DF 81 21 05 00 00 00 00 00 DF EE 44 02 FD FF DF EC 1B 04 FF FF FF FF DF ED 4A 02 00 06 DF ED 5A 08 00 00 80 00 00 00 00 00 DF EE 5C 04 01 50 00 00 DF EE 6B 08 00 00 00 00 00 00 00 00 DF EE 70 01 00 DF EE 71 02 00 00 DF EE 72 02 00 00 DF EE 73 02 00 00 DF EE 74 01 00 DF ED 18 01 01 DF EE 7E 01 00 DF EE 1C 01 03 DF EF 29 02 00 00 9F 4E 1E 00 00 00 00 00 00 00 00 00 00 00 00 00 00 00 00 00 00 00 00 00 00 00 00 00 00 00 00 00 00 DF EE 7D 01 02 65 EF 00 00 00 00 00 00 00 00 00 00 00 00 00 00 00 00 00 00 00  

///////////////////////////////////////////////////////////////////
 

--- 04-00 -- Set Date & Time = 99-12-31_12:15

2026/8/12 13:42:12.789 [TX] - 56 69 56 4F 74 65 63 68 32 00 04 00 00 13 DF EF 43 04 00 00 00 00 9A 03 99 12 31 9F 21 03 12 15 00 14 58 
2026/8/12 13:42:12.857 [RX] - 56 69 56 4F 74 65 63 68 32 00 04 00 00 00 AE 16 00 00 00 00 00 00 00 00 00 00 00 00 00 00 00 00 00 00 00 00 00 00 00 00 00 00 00 00 00 00 00 00 00 00 00 00 00 00 00 00 00 00 00 00 00 00 00  

--- 03 02 _Get Configuration

2026/8/12 13:42:13.027 [TX] - 56 69 56 4F 74 65 63 68 32 00 03 02 00 00 5B 91 
2026/8/12 13:42:13.046 [RX] - 56 69 56 4F 74 65 63 68 32 00 03 00 01 57 DF EE 2D 01 00 DF EF 43 04 00 00 00 00 9A 03 99 12 31  Date 9F 21 03 12 15 00  Time  1999-12-31 12:15 9C 01 00 5F 2A 02 08 40 5F 36 01 02 9F 02 06 00 00 00 00 00 01 9F 03 06 00 00 00 00 00 00 DF EF 59 06 00 00 00 00 04 44 9F 09 02 00 02 9F 15 02 00 00 9F 1A 02 08 40 9F 40 05 60 00 00 30 00 9F 53 01 00 9F 66 04 30 00 40 00 9F 6D 02 00 01 9F 7C 14 00 00 00 00 00 00 00 00 00 00 00 00 00 00 00 00 00 00 00 00 DF EE 28 03 00 08 E8 DF EE 29 03 00 68 E8 DF EE 34 06 00 00 00 01 00 00 DF EE 35 03 00 06 01 DF EE 36 06 00 00 00 00 80 00 DF EE 37 01 03 DF EE 38 01 00 DF 81 22 05 F8 50 AC F8 00 DF 81 20 05 F8 50 AC A0 00 DF 81 21 05 00 00 00 00 00 DF EE 44 02 FD FF DF EC 1B 04 FF FF FF FF DF ED 4A 02 00 06 DF ED 5A 08 00 00 80 00 00 00 00 00 DF EE 5C 04 01 50 00 00 DF EE 6B 08 00 00 00 00 00 00 00 00 DF EE 70 01 00 DF EE 71 02 00 00 DF EE 72 02 00 00 DF EE 73 02 00 00 DF EE 74 01 00 DF ED 18 01 01 DF EE 7E 01 00 DF EE 1C 01 03 DF EF 29 02 00 00 9F 4E 1E 00 00 00 00 00 00 00 00 00 00 00 00 00 00 00 00 00 00 00 00 00 00 00 00 00 00 00 00 00 00 DF EE 7D 01 02 D3 05 00 00 00 00 00 00 00 00 00 00 00 00 00 00 00 00 00 00 00  

--- 04-00 Set Time zone = + 14 00 01 w/ daylight saving time

2026/8/12 13:42:13.263 [TX] - 56 69 56 4F 74 65 63 68 32 00 04 00 00 08 DF EF 43 04 2D 0E 00 01 6A F2 
2026/8/12 13:42:13.416 [RX] - 56 69 56 4F 74 65 63 68 32 00 04 00 00 00 AE 16 00 00 00 00 00 00 00 00 00 00 00 00 00 00 00 00 00 00 00 00 00 00 00 00 00 00 00 00 00 00 00 00 00 00 00 00 00 00 00 00 00 00 00 00 00 00 00  

--- 03 02 _Get Configuration

2026/8/12 13:42:13.497 [TX] - 56 69 56 4F 74 65 63 68 32 00 03 02 00 00 5B 91 
2026/8/12 13:42:13.515 [RX] - 56 69 56 4F 74 65 63 68 32 00 03 00 01 57 DF EE 2D 01 00 DF EF 43 04 2D 0E 00 01 9A 03 99 12 31  Date 9F 21 03 12 15 01  Time  1999-12-31 12:15 9C 01 00 5F 2A 02 08 40 5F 36 01 02 9F 02 06 00 00 00 00 00 01 9F 03 06 00 00 00 00 00 00 DF EF 59 06 00 00 00 00 04 44 9F 09 02 00 02 9F 15 02 00 00 9F 1A 02 08 40 9F 40 05 60 00 00 30 00 9F 53 01 00 9F 66 04 30 00 40 00 9F 6D 02 00 01 9F 7C 14 00 00 00 00 00 00 00 00 00 00 00 00 00 00 00 00 00 00 00 00 DF EE 28 03 00 08 E8 DF EE 29 03 00 68 E8 DF EE 34 06 00 00 00 01 00 00 DF EE 35 03 00 06 01 DF EE 36 06 00 00 00 00 80 00 DF EE 37 01 03 DF EE 38 01 00 DF 81 22 05 F8 50 AC F8 00 DF 81 20 05 F8 50 AC A0 00 DF 81 21 05 00 00 00 00 00 DF EE 44 02 FD FF DF EC 1B 04 FF FF FF FF DF ED 4A 02 00 06 DF ED 5A 08 00 00 80 00 00 00 00 00 DF EE 5C 04 01 50 00 00 DF EE 6B 08 00 00 00 00 00 00 00 00 DF EE 70 01 00 DF EE 71 02 00 00 DF EE 72 02 00 00 DF EE 73 02 00 00 DF EE 74 01 00 DF ED 18 01 01 DF EE 7E 01 00 DF EE 1C 01 03 DF EF 29 02 00 00 9F 4E 1E 00 00 00 00 00 00 00 00 00 00 00 00 00 00 00 00 00 00 00 00 00 00 00 00 00 00 00 00 00 00 DF EE 7D 01 02 C2 58 00 00 00 00 00 00 00 00 00 00 00 00 00 00 00 00 00 00 00  

///////////////////////////////////////////////////////////////////
 

--- 04-00 -- Set Date & Time = 00-01-01_00:30

2026/8/12 13:42:13.738 [TX] - 56 69 56 4F 74 65 63 68 32 00 04 00 00 13 DF EF 43 04 00 00 00 00 9A 03 00 01 01 9F 21 03 00 30 00 D8 0E 
2026/8/12 13:42:13.803 [RX] - 56 69 56 4F 74 65 63 68 32 00 04 00 00 00 AE 16 00 00 00 00 00 00 00 00 00 00 00 00 00 00 00 00 00 00 00 00 00 00 00 00 00 00 00 00 00 00 00 00 00 00 00 00 00 00 00 00 00 00 00 00 00 00 00  

--- 03 02 _Get Configuration

2026/8/12 13:42:13.965 [TX] - 56 69 56 4F 74 65 63 68 32 00 03 02 00 00 5B 91 
2026/8/12 13:42:13.983 [RX] - 56 69 56 4F 74 65 63 68 32 00 03 00 01 57 DF EE 2D 01 00 DF EF 43 04 00 00 00 00 9A 03 00 01 01  Date 9F 21 03 00 30 00  Time  2000-01-01 00:30 9C 01 00 5F 2A 02 08 40 5F 36 01 02 9F 02 06 00 00 00 00 00 01 9F 03 06 00 00 00 00 00 00 DF EF 59 06 00 00 00 00 04 44 9F 09 02 00 02 9F 15 02 00 00 9F 1A 02 08 40 9F 40 05 60 00 00 30 00 9F 53 01 00 9F 66 04 30 00 40 00 9F 6D 02 00 01 9F 7C 14 00 00 00 00 00 00 00 00 00 00 00 00 00 00 00 00 00 00 00 00 DF EE 28 03 00 08 E8 DF EE 29 03 00 68 E8 DF EE 34 06 00 00 00 01 00 00 DF EE 35 03 00 06 01 DF EE 36 06 00 00 00 00 80 00 DF EE 37 01 03 DF EE 38 01 00 DF 81 22 05 F8 50 AC F8 00 DF 81 20 05 F8 50 AC A0 00 DF 81 21 05 00 00 00 00 00 DF EE 44 02 FD FF DF EC 1B 04 FF FF FF FF DF ED 4A 02 00 06 DF ED 5A 08 00 00 80 00 00 00 00 00 DF EE 5C 04 01 50 00 00 DF EE 6B 08 00 00 00 00 00 00 00 00 DF EE 70 01 00 DF EE 71 02 00 00 DF EE 72 02 00 00 DF EE 73 02 00 00 DF EE 74 01 00 DF ED 18 01 01 DF EE 7E 01 00 DF EE 1C 01 03 DF EF 29 02 00 00 9F 4E 1E 00 00 00 00 00 00 00 00 00 00 00 00 00 00 00 00 00 00 00 00 00 00 00 00 00 00 00 00 00 00 DF EE 7D 01 02 81 C2 00 00 00 00 00 00 00 00 00 00 00 00 00 00 00 00 00 00 00  

--- 04-00 Set Time zone = - 02 00 01 w/ daylight saving time

2026/8/12 13:42:14.201 [TX] - 56 69 56 4F 74 65 63 68 32 00 04 00 00 08 DF EF 43 04 2D 02 00 01 0B 87 
2026/8/12 13:42:14.262 [RX] - 56 69 56 4F 74 65 63 68 32 00 04 00 00 00 AE 16 00 00 00 00 00 00 00 00 00 00 00 00 00 00 00 00 00 00 00 00 00 00 00 00 00 00 00 00 00 00 00 00 00 00 00 00 00 00 00 00 00 00 00 00 00 00 00  

--- 03 02 _Get Configuration

2026/8/12 13:42:14.435 [TX] - 56 69 56 4F 74 65 63 68 32 00 03 02 00 00 5B 91 
2026/8/12 13:42:14.453 [RX] - 56 69 56 4F 74 65 63 68 32 00 03 00 01 57 DF EE 2D 01 00 DF EF 43 04 2D 02 00 01 9A 03 99 12 31  Date 9F 21 03 23 30 00  Time  1999-12-31 23:30 9C 01 00 5F 2A 02 08 40 5F 36 01 02 9F 02 06 00 00 00 00 00 01 9F 03 06 00 00 00 00 00 00 DF EF 59 06 00 00 00 00 04 44 9F 09 02 00 02 9F 15 02 00 00 9F 1A 02 08 40 9F 40 05 60 00 00 30 00 9F 53 01 00 9F 66 04 30 00 40 00 9F 6D 02 00 01 9F 7C 14 00 00 00 00 00 00 00 00 00 00 00 00 00 00 00 00 00 00 00 00 DF EE 28 03 00 08 E8 DF EE 29 03 00 68 E8 DF EE 34 06 00 00 00 01 00 00 DF EE 35 03 00 06 01 DF EE 36 06 00 00 00 00 80 00 DF EE 37 01 03 DF EE 38 01 00 DF 81 22 05 F8 50 AC F8 00 DF 81 20 05 F8 50 AC A0 00 DF 81 21 05 00 00 00 00 00 DF EE 44 02 FD FF DF EC 1B 04 FF FF FF FF DF ED 4A 02 00 06 DF ED 5A 08 00 00 80 00 00 00 00 00 DF EE 5C 04 01 50 00 00 DF EE 6B 08 00 00 00 00 00 00 00 00 DF EE 70 01 00 DF EE 71 02 00 00 DF EE 72 02 00 00 DF EE 73 02 00 00 DF EE 74 01 00 DF ED 18 01 01 DF EE 7E 01 00 DF EE 1C 01 03 DF EF 29 02 00 00 9F 4E 1E 00 00 00 00 00 00 00 00 00 00 00 00 00 00 00 00 00 00 00 00 00 00 00 00 00 00 00 00 00 00 DF EE 7D 01 02 42 2C 00 00 00 00 00 00 00 00 00 00 00 00 00 00 00 00 00 00 00  

///////////////////////////////////////////////////////////////////
 

--- 04-00 -- Set Date & Time = 00-01-01_01:00

2026/8/12 13:42:14.680 [TX] - 56 69 56 4F 74 65 63 68 32 00 04 00 00 13 DF EF 43 04 00 00 00 00 9A 03 00 01 01 9F 21 03 01 00 00 7D 3C 
2026/8/12 13:42:14.748 [RX] - 56 69 56 4F 74 65 63 68 32 00 04 00 00 00 AE 16 00 00 00 00 00 00 00 00 00 00 00 00 00 00 00 00 00 00 00 00 00 00 00 00 00 00 00 00 00 00 00 00 00 00 00 00 00 00 00 00 00 00 00 00 00 00 00  

--- 03 02 _Get Configuration

2026/8/12 13:42:14.907 [TX] - 56 69 56 4F 74 65 63 68 32 00 03 02 00 00 5B 91 
2026/8/12 13:42:14.926 [RX] - 56 69 56 4F 74 65 63 68 32 00 03 00 01 57 DF EE 2D 01 00 DF EF 43 04 00 00 00 00 9A 03 00 01 01  Date 9F 21 03 01 00 00  Time  2000-01-01 01:00 9C 01 00 5F 2A 02 08 40 5F 36 01 02 9F 02 06 00 00 00 00 00 01 9F 03 06 00 00 00 00 00 00 DF EF 59 06 00 00 00 00 04 44 9F 09 02 00 02 9F 15 02 00 00 9F 1A 02 08 40 9F 40 05 60 00 00 30 00 9F 53 01 00 9F 66 04 30 00 40 00 9F 6D 02 00 01 9F 7C 14 00 00 00 00 00 00 00 00 00 00 00 00 00 00 00 00 00 00 00 00 DF EE 28 03 00 08 E8 DF EE 29 03 00 68 E8 DF EE 34 06 00 00 00 01 00 00 DF EE 35 03 00 06 01 DF EE 36 06 00 00 00 00 80 00 DF EE 37 01 03 DF EE 38 01 00 DF 81 22 05 F8 50 AC F8 00 DF 81 20 05 F8 50 AC A0 00 DF 81 21 05 00 00 00 00 00 DF EE 44 02 FD FF DF EC 1B 04 FF FF FF FF DF ED 4A 02 00 06 DF ED 5A 08 00 00 80 00 00 00 00 00 DF EE 5C 04 01 50 00 00 DF EE 6B 08 00 00 00 00 00 00 00 00 DF EE 70 01 00 DF EE 71 02 00 00 DF EE 72 02 00 00 DF EE 73 02 00 00 DF EE 74 01 00 DF ED 18 01 01 DF EE 7E 01 00 DF EE 1C 01 03 DF EF 29 02 00 00 9F 4E 1E 00 00 00 00 00 00 00 00 00 00 00 00 00 00 00 00 00 00 00 00 00 00 00 00 00 00 00 00 00 00 DF EE 7D 01 02 73 E9 00 00 00 00 00 00 00 00 00 00 00 00 00 00 00 00 00 00 00  

--- 04-00 Set Time zone = - 03 00 01 w/ daylight saving time

2026/8/12 13:42:15.149 [TX] - 56 69 56 4F 74 65 63 68 32 00 04 00 00 08 DF EF 43 04 2D 03 00 01 3B B0 
2026/8/12 13:42:15.211 [RX] - 56 69 56 4F 74 65 63 68 32 00 04 00 00 00 AE 16 00 00 00 00 00 00 00 00 00 00 00 00 00 00 00 00 00 00 00 00 00 00 00 00 00 00 00 00 00 00 00 00 00 00 00 00 00 00 00 00 00 00 00 00 00 00 00  

--- 03 02 _Get Configuration

2026/8/12 13:42:15.377 [TX] - 56 69 56 4F 74 65 63 68 32 00 03 02 00 00 5B 91 
2026/8/12 13:42:15.395 [RX] - 56 69 56 4F 74 65 63 68 32 00 03 00 01 57 DF EE 2D 01 00 DF EF 43 04 2D 03 00 01 9A 03 99 12 31  Date 9F 21 03 23 00 00  Time  1999-12-31 23:00 9C 01 00 5F 2A 02 08 40 5F 36 01 02 9F 02 06 00 00 00 00 00 01 9F 03 06 00 00 00 00 00 00 DF EF 59 06 00 00 00 00 04 44 9F 09 02 00 02 9F 15 02 00 00 9F 1A 02 08 40 9F 40 05 60 00 00 30 00 9F 53 01 00 9F 66 04 30 00 40 00 9F 6D 02 00 01 9F 7C 14 00 00 00 00 00 00 00 00 00 00 00 00 00 00 00 00 00 00 00 00 DF EE 28 03 00 08 E8 DF EE 29 03 00 68 E8 DF EE 34 06 00 00 00 01 00 00 DF EE 35 03 00 06 01 DF EE 36 06 00 00 00 00 80 00 DF EE 37 01 03 DF EE 38 01 00 DF 81 22 05 F8 50 AC F8 00 DF 81 20 05 F8 50 AC A0 00 DF 81 21 05 00 00 00 00 00 DF EE 44 02 FD FF DF EC 1B 04 FF FF FF FF DF ED 4A 02 00 06 DF ED 5A 08 00 00 80 00 00 00 00 00 DF EE 5C 04 01 50 00 00 DF EE 6B 08 00 00 00 00 00 00 00 00 DF EE 70 01 00 DF EE 71 02 00 00 DF EE 72 02 00 00 DF EE 73 02 00 00 DF EE 74 01 00 DF ED 18 01 01 DF EE 7E 01 00 DF EE 1C 01 03 DF EF 29 02 00 00 9F 4E 1E 00 00 00 00 00 00 00 00 00 00 00 00 00 00 00 00 00 00 00 00 00 00 00 00 00 00 00 00 00 00 DF EE 7D 01 02 B9 91 00 00 00 00 00 00 00 00 00 00 00 00 00 00 00 00 00 00 00  

///////////////////////////////////////////////////////////////////
 

--- 04-00 -- Set Date & Time = 00-01-01_02:00

2026/8/12 13:42:15.619 [TX] - 56 69 56 4F 74 65 63 68 32 00 04 00 00 13 DF EF 43 04 00 00 00 00 9A 03 00 01 01 9F 21 03 02 00 00 2D 65 
2026/8/12 13:42:15.688 [RX] - 56 69 56 4F 74 65 63 68 32 00 04 00 00 00 AE 16 00 00 00 00 00 00 00 00 00 00 00 00 00 00 00 00 00 00 00 00 00 00 00 00 00 00 00 00 00 00 00 00 00 00 00 00 00 00 00 00 00 00 00 00 00 00 00  

--- 03 02 _Get Configuration

2026/8/12 13:42:15.846 [TX] - 56 69 56 4F 74 65 63 68 32 00 03 02 00 00 5B 91 
2026/8/12 13:42:15.865 [RX] - 56 69 56 4F 74 65 63 68 32 00 03 00 01 57 DF EE 2D 01 00 DF EF 43 04 00 00 00 00 9A 03 00 01 01  Date 9F 21 03 02 00 00  Time  2000-01-01 02:00 9C 01 00 5F 2A 02 08 40 5F 36 01 02 9F 02 06 00 00 00 00 00 01 9F 03 06 00 00 00 00 00 00 DF EF 59 06 00 00 00 00 04 44 9F 09 02 00 02 9F 15 02 00 00 9F 1A 02 08 40 9F 40 05 60 00 00 30 00 9F 53 01 00 9F 66 04 30 00 40 00 9F 6D 02 00 01 9F 7C 14 00 00 00 00 00 00 00 00 00 00 00 00 00 00 00 00 00 00 00 00 DF EE 28 03 00 08 E8 DF EE 29 03 00 68 E8 DF EE 34 06 00 00 00 01 00 00 DF EE 35 03 00 06 01 DF EE 36 06 00 00 00 00 80 00 DF EE 37 01 03 DF EE 38 01 00 DF 81 22 05 F8 50 AC F8 00 DF 81 20 05 F8 50 AC A0 00 DF 81 21 05 00 00 00 00 00 DF EE 44 02 FD FF DF EC 1B 04 FF FF FF FF DF ED 4A 02 00 06 DF ED 5A 08 00 00 80 00 00 00 00 00 DF EE 5C 04 01 50 00 00 DF EE 6B 08 00 00 00 00 00 00 00 00 DF EE 70 01 00 DF EE 71 02 00 00 DF EE 72 02 00 00 DF EE 73 02 00 00 DF EE 74 01 00 DF ED 18 01 01 DF EE 7E 01 00 DF EE 1C 01 03 DF EF 29 02 00 00 9F 4E 1E 00 00 00 00 00 00 00 00 00 00 00 00 00 00 00 00 00 00 00 00 00 00 00 00 00 00 00 00 00 00 DF EE 7D 01 02 AF ED 00 00 00 00 00 00 00 00 00 00 00 00 00 00 00 00 00 00 00  

--- 04-00 Set Time zone = - 04 00 01 w/ daylight saving time

2026/8/12 13:42:16.081 [TX] - 56 69 56 4F 74 65 63 68 32 00 04 00 00 08 DF EF 43 04 2D 04 00 01 AB 35 
2026/8/12 13:42:16.228 [RX] - 56 69 56 4F 74 65 63 68 32 00 04 00 00 00 AE 16 00 00 00 00 00 00 00 00 00 00 00 00 00 00 00 00 00 00 00 00 00 00 00 00 00 00 00 00 00 00 00 00 00 00 00 00 00 00 00 00 00 00 00 00 00 00 00  

--- 03 02 _Get Configuration

2026/8/12 13:42:16.316 [TX] - 56 69 56 4F 74 65 63 68 32 00 03 02 00 00 5B 91 
2026/8/12 13:42:16.335 [RX] - 56 69 56 4F 74 65 63 68 32 00 03 00 01 57 DF EE 2D 01 00 DF EF 43 04 2D 04 00 01 9A 03 99 12 31  Date 9F 21 03 23 00 00  Time  1999-12-31 23:00 9C 01 00 5F 2A 02 08 40 5F 36 01 02 9F 02 06 00 00 00 00 00 01 9F 03 06 00 00 00 00 00 00 DF EF 59 06 00 00 00 00 04 44 9F 09 02 00 02 9F 15 02 00 00 9F 1A 02 08 40 9F 40 05 60 00 00 30 00 9F 53 01 00 9F 66 04 30 00 40 00 9F 6D 02 00 01 9F 7C 14 00 00 00 00 00 00 00 00 00 00 00 00 00 00 00 00 00 00 00 00 DF EE 28 03 00 08 E8 DF EE 29 03 00 68 E8 DF EE 34 06 00 00 00 01 00 00 DF EE 35 03 00 06 01 DF EE 36 06 00 00 00 00 80 00 DF EE 37 01 03 DF EE 38 01 00 DF 81 22 05 F8 50 AC F8 00 DF 81 20 05 F8 50 AC A0 00 DF 81 21 05 00 00 00 00 00 DF EE 44 02 FD FF DF EC 1B 04 FF FF FF FF DF ED 4A 02 00 06 DF ED 5A 08 00 00 80 00 00 00 00 00 DF EE 5C 04 01 50 00 00 DF EE 6B 08 00 00 00 00 00 00 00 00 DF EE 70 01 00 DF EE 71 02 00 00 DF EE 72 02 00 00 DF EE 73 02 00 00 DF EE 74 01 00 DF ED 18 01 01 DF EE 7E 01 00 DF EE 1C 01 03 DF EF 29 02 00 00 9F 4E 1E 00 00 00 00 00 00 00 00 00 00 00 00 00 00 00 00 00 00 00 00 00 00 00 00 00 00 00 00 00 00 DF EE 7D 01 02 96 B9 00 00 00 00 00 00 00 00 00 00 00 00 00 00 00 00 00 00 00  

///////////////////////////////////////////////////////////////////
 

--- 04-00 -- Set Date & Time = 00-01-01_03:00

2026/8/12 13:42:16.563 [TX] - 56 69 56 4F 74 65 63 68 32 00 04 00 00 13 DF EF 43 04 00 00 00 00 9A 03 00 01 01 9F 21 03 03 00 00 1D 52 
2026/8/12 13:42:16.660 [RX] - 56 69 56 4F 74 65 63 68 32 00 04 00 00 00 AE 16 00 00 00 00 00 00 00 00 00 00 00 00 00 00 00 00 00 00 00 00 00 00 00 00 00 00 00 00 00 00 00 00 00 00 00 00 00 00 00 00 00 00 00 00 00 00 00  

--- 03 02 _Get Configuration

2026/8/12 13:42:16.803 [TX] - 56 69 56 4F 74 65 63 68 32 00 03 02 00 00 5B 91 
2026/8/12 13:42:16.820 [RX] - 56 69 56 4F 74 65 63 68 32 00 03 00 01 57 DF EE 2D 01 00 DF EF 43 04 00 00 00 00 9A 03 00 01 01  Date 9F 21 03 03 00 01  Time  2000-01-01 03:00 9C 01 00 5F 2A 02 08 40 5F 36 01 02 9F 02 06 00 00 00 00 00 01 9F 03 06 00 00 00 00 00 00 DF EF 59 06 00 00 00 00 04 44 9F 09 02 00 02 9F 15 02 00 00 9F 1A 02 08 40 9F 40 05 60 00 00 30 00 9F 53 01 00 9F 66 04 30 00 40 00 9F 6D 02 00 01 9F 7C 14 00 00 00 00 00 00 00 00 00 00 00 00 00 00 00 00 00 00 00 00 DF EE 28 03 00 08 E8 DF EE 29 03 00 68 E8 DF EE 34 06 00 00 00 01 00 00 DF EE 35 03 00 06 01 DF EE 36 06 00 00 00 00 80 00 DF EE 37 01 03 DF EE 38 01 00 DF 81 22 05 F8 50 AC F8 00 DF 81 20 05 F8 50 AC A0 00 DF 81 21 05 00 00 00 00 00 DF EE 44 02 FD FF DF EC 1B 04 FF FF FF FF DF ED 4A 02 00 06 DF ED 5A 08 00 00 80 00 00 00 00 00 DF EE 5C 04 01 50 00 00 DF EE 6B 08 00 00 00 00 00 00 00 00 DF EE 70 01 00 DF EE 71 02 00 00 DF EE 72 02 00 00 DF EE 73 02 00 00 DF EE 74 01 00 DF ED 18 01 01 DF EE 7E 01 00 DF EE 1C 01 03 DF EF 29 02 00 00 9F 4E 1E 00 00 00 00 00 00 00 00 00 00 00 00 00 00 00 00 00 00 00 00 00 00 00 00 00 00 00 00 00 00 DF EE 7D 01 02 E0 2A 00 00 00 00 00 00 00 00 00 00 00 00 00 00 00 00 00 00 00  

--- 04-00 Set Time zone = - 05 00 01 w/ daylight saving time

2026/8/12 13:42:17.038 [TX] - 56 69 56 4F 74 65 63 68 32 00 04 00 00 08 DF EF 43 04 2D 05 00 01 9B 02 
2026/8/12 13:42:17.099 [RX] - 56 69 56 4F 74 65 63 68 32 00 04 00 00 00 AE 16 00 00 00 00 00 00 00 00 00 00 00 00 00 00 00 00 00 00 00 00 00 00 00 00 00 00 00 00 00 00 00 00 00 00 00 00 00 00 00 00 00 00 00 00 00 00 00  

--- 03 02 _Get Configuration

2026/8/12 13:42:17.273 [TX] - 56 69 56 4F 74 65 63 68 32 00 03 02 00 00 5B 91 
2026/8/12 13:42:17.290 [RX] - 56 69 56 4F 74 65 63 68 32 00 03 00 01 57 DF EE 2D 01 00 DF EF 43 04 2D 05 00 01 9A 03 99 12 31  Date 9F 21 03 23 00 01  Time  1999-12-31 23:00 9C 01 00 5F 2A 02 08 40 5F 36 01 02 9F 02 06 00 00 00 00 00 01 9F 03 06 00 00 00 00 00 00 DF EF 59 06 00 00 00 00 04 44 9F 09 02 00 02 9F 15 02 00 00 9F 1A 02 08 40 9F 40 05 60 00 00 30 00 9F 53 01 00 9F 66 04 30 00 40 00 9F 6D 02 00 01 9F 7C 14 00 00 00 00 00 00 00 00 00 00 00 00 00 00 00 00 00 00 00 00 DF EE 28 03 00 08 E8 DF EE 29 03 00 68 E8 DF EE 34 06 00 00 00 01 00 00 DF EE 35 03 00 06 01 DF EE 36 06 00 00 00 00 80 00 DF EE 37 01 03 DF EE 38 01 00 DF 81 22 05 F8 50 AC F8 00 DF 81 20 05 F8 50 AC A0 00 DF 81 21 05 00 00 00 00 00 DF EE 44 02 FD FF DF EC 1B 04 FF FF FF FF DF ED 4A 02 00 06 DF ED 5A 08 00 00 80 00 00 00 00 00 DF EE 5C 04 01 50 00 00 DF EE 6B 08 00 00 00 00 00 00 00 00 DF EE 70 01 00 DF EE 71 02 00 00 DF EE 72 02 00 00 DF EE 73 02 00 00 DF EE 74 01 00 DF ED 18 01 01 DF EE 7E 01 00 DF EE 1C 01 03 DF EF 29 02 00 00 9F 4E 1E 00 00 00 00 00 00 00 00 00 00 00 00 00 00 00 00 00 00 00 00 00 00 00 00 00 00 00 00 00 00 DF EE 7D 01 02 D0 E8 00 00 00 00 00 00 00 00 00 00 00 00 00 00 00 00 00 00 00  

///////////////////////////////////////////////////////////////////
 

--- 04-00 -- Set Date & Time = 00-01-01_04:00

2026/8/12 13:42:17.518 [TX] - 56 69 56 4F 74 65 63 68 32 00 04 00 00 13 DF EF 43 04 00 00 00 00 9A 03 00 01 01 9F 21 03 04 00 00 8D D7 
2026/8/12 13:42:17.583 [RX] - 56 69 56 4F 74 65 63 68 32 00 04 00 00 00 AE 16 00 00 00 00 00 00 00 00 00 00 00 00 00 00 00 00 00 00 00 00 00 00 00 00 00 00 00 00 00 00 00 00 00 00 00 00 00 00 00 00 00 00 00 00 00 00 00  

--- 03 02 _Get Configuration

2026/8/12 13:42:17.761 [TX] - 56 69 56 4F 74 65 63 68 32 00 03 02 00 00 5B 91 
2026/8/12 13:42:17.779 [RX] - 56 69 56 4F 74 65 63 68 32 00 03 00 01 57 DF EE 2D 01 00 DF EF 43 04 00 00 00 00 9A 03 00 01 01  Date 9F 21 03 04 00 01  Time  2000-01-01 04:00 9C 01 00 5F 2A 02 08 40 5F 36 01 02 9F 02 06 00 00 00 00 00 01 9F 03 06 00 00 00 00 00 00 DF EF 59 06 00 00 00 00 04 44 9F 09 02 00 02 9F 15 02 00 00 9F 1A 02 08 40 9F 40 05 60 00 00 30 00 9F 53 01 00 9F 66 04 30 00 40 00 9F 6D 02 00 01 9F 7C 14 00 00 00 00 00 00 00 00 00 00 00 00 00 00 00 00 00 00 00 00 DF EE 28 03 00 08 E8 DF EE 29 03 00 68 E8 DF EE 34 06 00 00 00 01 00 00 DF EE 35 03 00 06 01 DF EE 36 06 00 00 00 00 80 00 DF EE 37 01 03 DF EE 38 01 00 DF 81 22 05 F8 50 AC F8 00 DF 81 20 05 F8 50 AC A0 00 DF 81 21 05 00 00 00 00 00 DF EE 44 02 FD FF DF EC 1B 04 FF FF FF FF DF ED 4A 02 00 06 DF ED 5A 08 00 00 80 00 00 00 00 00 DF EE 5C 04 01 50 00 00 DF EE 6B 08 00 00 00 00 00 00 00 00 DF EE 70 01 00 DF EE 71 02 00 00 DF EE 72 02 00 00 DF EE 73 02 00 00 DF EE 74 01 00 DF ED 18 01 01 DF EE 7E 01 00 DF EE 1C 01 03 DF EF 29 02 00 00 9F 4E 1E 00 00 00 00 00 00 00 00 00 00 00 00 00 00 00 00 00 00 00 00 00 00 00 00 00 00 00 00 00 00 DF EE 7D 01 02 F3 E0 00 00 00 00 00 00 00 00 00 00 00 00 00 00 00 00 00 00 00  

--- 04-00 Set Time zone = - 06 00 01 w/ daylight saving time

2026/8/12 13:42:17.995 [TX] - 56 69 56 4F 74 65 63 68 32 00 04 00 00 08 DF EF 43 04 2D 06 00 01 CB 5B 
2026/8/12 13:42:18.058 [RX] - 56 69 56 4F 74 65 63 68 32 00 04 00 00 00 AE 16 00 00 00 00 00 00 00 00 00 00 00 00 00 00 00 00 00 00 00 00 00 00 00 00 00 00 00 00 00 00 00 00 00 00 00 00 00 00 00 00 00 00 00 00 00 00 00  

--- 03 02 _Get Configuration

2026/8/12 13:42:18.230 [TX] - 56 69 56 4F 74 65 63 68 32 00 03 02 00 00 5B 91 
2026/8/12 13:42:18.248 [RX] - 56 69 56 4F 74 65 63 68 32 00 03 00 01 57 DF EE 2D 01 00 DF EF 43 04 2D 06 00 01 9A 03 99 12 31  Date 9F 21 03 23 00 01  Time  1999-12-31 23:00 9C 01 00 5F 2A 02 08 40 5F 36 01 02 9F 02 06 00 00 00 00 00 01 9F 03 06 00 00 00 00 00 00 DF EF 59 06 00 00 00 00 04 44 9F 09 02 00 02 9F 15 02 00 00 9F 1A 02 08 40 9F 40 05 60 00 00 30 00 9F 53 01 00 9F 66 04 30 00 40 00 9F 6D 02 00 01 9F 7C 14 00 00 00 00 00 00 00 00 00 00 00 00 00 00 00 00 00 00 00 00 DF EE 28 03 00 08 E8 DF EE 29 03 00 68 E8 DF EE 34 06 00 00 00 01 00 00 DF EE 35 03 00 06 01 DF EE 36 06 00 00 00 00 80 00 DF EE 37 01 03 DF EE 38 01 00 DF 81 22 05 F8 50 AC F8 00 DF 81 20 05 F8 50 AC A0 00 DF 81 21 05 00 00 00 00 00 DF EE 44 02 FD FF DF EC 1B 04 FF FF FF FF DF ED 4A 02 00 06 DF ED 5A 08 00 00 80 00 00 00 00 00 DF EE 5C 04 01 50 00 00 DF EE 6B 08 00 00 00 00 00 00 00 00 DF EE 70 01 00 DF EE 71 02 00 00 DF EE 72 02 00 00 DF EE 73 02 00 00 DF EE 74 01 00 DF ED 18 01 01 DF EE 7E 01 00 DF EE 1C 01 03 DF EF 29 02 00 00 9F 4E 1E 00 00 00 00 00 00 00 00 00 00 00 00 00 00 00 00 00 00 00 00 00 00 00 00 00 00 00 00 00 00 DF EE 7D 01 02 16 56 00 00 00 00 00 00 00 00 00 00 00 00 00 00 00 00 00 00 00  

///////////////////////////////////////////////////////////////////
 

--- 04-00 -- Set Date & Time = 00-01-01_05:00

2026/8/12 13:42:18.473 [TX] - 56 69 56 4F 74 65 63 68 32 00 04 00 00 13 DF EF 43 04 00 00 00 00 9A 03 00 01 01 9F 21 03 05 00 00 BD E0 
2026/8/12 13:42:18.539 [RX] - 56 69 56 4F 74 65 63 68 32 00 04 00 00 00 AE 16 00 00 00 00 00 00 00 00 00 00 00 00 00 00 00 00 00 00 00 00 00 00 00 00 00 00 00 00 00 00 00 00 00 00 00 00 00 00 00 00 00 00 00 00 00 00 00  

--- 03 02 _Get Configuration

2026/8/12 13:42:18.700 [TX] - 56 69 56 4F 74 65 63 68 32 00 03 02 00 00 5B 91 
2026/8/12 13:42:18.718 [RX] - 56 69 56 4F 74 65 63 68 32 00 03 00 01 57 DF EE 2D 01 00 DF EF 43 04 00 00 00 00 9A 03 00 01 01  Date 9F 21 03 05 00 00  Time  2000-01-01 05:00 9C 01 00 5F 2A 02 08 40 5F 36 01 02 9F 02 06 00 00 00 00 00 01 9F 03 06 00 00 00 00 00 00 DF EF 59 06 00 00 00 00 04 44 9F 09 02 00 02 9F 15 02 00 00 9F 1A 02 08 40 9F 40 05 60 00 00 30 00 9F 53 01 00 9F 66 04 30 00 40 00 9F 6D 02 00 01 9F 7C 14 00 00 00 00 00 00 00 00 00 00 00 00 00 00 00 00 00 00 00 00 DF EE 28 03 00 08 E8 DF EE 29 03 00 68 E8 DF EE 34 06 00 00 00 01 00 00 DF EE 35 03 00 06 01 DF EE 36 06 00 00 00 00 80 00 DF EE 37 01 03 DF EE 38 01 00 DF 81 22 05 F8 50 AC F8 00 DF 81 20 05 F8 50 AC A0 00 DF 81 21 05 00 00 00 00 00 DF EE 44 02 FD FF DF EC 1B 04 FF FF FF FF DF ED 4A 02 00 06 DF ED 5A 08 00 00 80 00 00 00 00 00 DF EE 5C 04 01 50 00 00 DF EE 6B 08 00 00 00 00 00 00 00 00 DF EE 70 01 00 DF EE 71 02 00 00 DF EE 72 02 00 00 DF EE 73 02 00 00 DF EE 74 01 00 DF ED 18 01 01 DF EE 7E 01 00 DF EE 1C 01 03 DF EF 29 02 00 00 9F 4E 1E 00 00 00 00 00 00 00 00 00 00 00 00 00 00 00 00 00 00 00 00 00 00 00 00 00 00 00 00 00 00 DF EE 7D 01 02 BC 27 00 00 00 00 00 00 00 00 00 00 00 00 00 00 00 00 00 00 00  

--- 04-00 Set Time zone = - 07 00 01 w/ daylight saving time

2026/8/12 13:42:18.934 [TX] - 56 69 56 4F 74 65 63 68 32 00 04 00 00 08 DF EF 43 04 2D 07 00 01 FB 6C 
2026/8/12 13:42:19.081 [RX] - 56 69 56 4F 74 65 63 68 32 00 04 00 00 00 AE 16 00 00 00 00 00 00 00 00 00 00 00 00 00 00 00 00 00 00 00 00 00 00 00 00 00 00 00 00 00 00 00 00 00 00 00 00 00 00 00 00 00 00 00 00 00 00 00  

--- 03 02 _Get Configuration

2026/8/12 13:42:19.171 [TX] - 56 69 56 4F 74 65 63 68 32 00 03 02 00 00 5B 91 
2026/8/12 13:42:19.188 [RX] - 56 69 56 4F 74 65 63 68 32 00 03 00 01 57 DF EE 2D 01 00 DF EF 43 04 2D 07 00 01 9A 03 99 12 31  Date 9F 21 03 23 00 01  Time  1999-12-31 23:00 9C 01 00 5F 2A 02 08 40 5F 36 01 02 9F 02 06 00 00 00 00 00 01 9F 03 06 00 00 00 00 00 00 DF EF 59 06 00 00 00 00 04 44 9F 09 02 00 02 9F 15 02 00 00 9F 1A 02 08 40 9F 40 05 60 00 00 30 00 9F 53 01 00 9F 66 04 30 00 40 00 9F 6D 02 00 01 9F 7C 14 00 00 00 00 00 00 00 00 00 00 00 00 00 00 00 00 00 00 00 00 DF EE 28 03 00 08 E8 DF EE 29 03 00 68 E8 DF EE 34 06 00 00 00 01 00 00 DF EE 35 03 00 06 01 DF EE 36 06 00 00 00 00 80 00 DF EE 37 01 03 DF EE 38 01 00 DF 81 22 05 F8 50 AC F8 00 DF 81 20 05 F8 50 AC A0 00 DF 81 21 05 00 00 00 00 00 DF EE 44 02 FD FF DF EC 1B 04 FF FF FF FF DF ED 4A 02 00 06 DF ED 5A 08 00 00 80 00 00 00 00 00 DF EE 5C 04 01 50 00 00 DF EE 6B 08 00 00 00 00 00 00 00 00 DF EE 70 01 00 DF EE 71 02 00 00 DF EE 72 02 00 00 DF EE 73 02 00 00 DF EE 74 01 00 DF ED 18 01 01 DF EE 7E 01 00 DF EE 1C 01 03 DF EF 29 02 00 00 9F 4E 1E 00 00 00 00 00 00 00 00 00 00 00 00 00 00 00 00 00 00 00 00 00 00 00 00 00 00 00 00 00 00 DF EE 7D 01 02 A4 23 00 00 00 00 00 00 00 00 00 00 00 00 00 00 00 00 00 00 00  

///////////////////////////////////////////////////////////////////
 

--- 04-00 -- Set Date & Time = 00-01-01_06:00

2026/8/12 13:42:19.421 [TX] - 56 69 56 4F 74 65 63 68 32 00 04 00 00 13 DF EF 43 04 00 00 00 00 9A 03 00 01 01 9F 21 03 06 00 00 ED B9 
2026/8/12 13:42:19.487 [RX] - 56 69 56 4F 74 65 63 68 32 00 04 00 00 00 AE 16 00 00 00 00 00 00 00 00 00 00 00 00 00 00 00 00 00 00 00 00 00 00 00 00 00 00 00 00 00 00 00 00 00 00 00 00 00 00 00 00 00 00 00 00 00 00 00  

--- 03 02 _Get Configuration

2026/8/12 13:42:19.655 [TX] - 56 69 56 4F 74 65 63 68 32 00 03 02 00 00 5B 91 
2026/8/12 13:42:19.674 [RX] - 56 69 56 4F 74 65 63 68 32 00 03 00 01 57 DF EE 2D 01 00 DF EF 43 04 00 00 00 00 9A 03 00 01 01  Date 9F 21 03 06 00 00  Time  2000-01-01 06:00 9C 01 00 5F 2A 02 08 40 5F 36 01 02 9F 02 06 00 00 00 00 00 01 9F 03 06 00 00 00 00 00 00 DF EF 59 06 00 00 00 00 04 44 9F 09 02 00 02 9F 15 02 00 00 9F 1A 02 08 40 9F 40 05 60 00 00 30 00 9F 53 01 00 9F 66 04 30 00 40 00 9F 6D 02 00 01 9F 7C 14 00 00 00 00 00 00 00 00 00 00 00 00 00 00 00 00 00 00 00 00 DF EE 28 03 00 08 E8 DF EE 29 03 00 68 E8 DF EE 34 06 00 00 00 01 00 00 DF EE 35 03 00 06 01 DF EE 36 06 00 00 00 00 80 00 DF EE 37 01 03 DF EE 38 01 00 DF 81 22 05 F8 50 AC F8 00 DF 81 20 05 F8 50 AC A0 00 DF 81 21 05 00 00 00 00 00 DF EE 44 02 FD FF DF EC 1B 04 FF FF FF FF DF ED 4A 02 00 06 DF ED 5A 08 00 00 80 00 00 00 00 00 DF EE 5C 04 01 50 00 00 DF EE 6B 08 00 00 00 00 00 00 00 00 DF EE 70 01 00 DF EE 71 02 00 00 DF EE 72 02 00 00 DF EE 73 02 00 00 DF EE 74 01 00 DF ED 18 01 01 DF EE 7E 01 00 DF EE 1C 01 03 DF EF 29 02 00 00 9F 4E 1E 00 00 00 00 00 00 00 00 00 00 00 00 00 00 00 00 00 00 00 00 00 00 00 00 00 00 00 00 00 00 DF EE 7D 01 02 60 23 00 00 00 00 00 00 00 00 00 00 00 00 00 00 00 00 00 00 00  

--- 04-00 Set Time zone = - 08 00 01 w/ daylight saving time

2026/8/12 13:42:19.890 [TX] - 56 69 56 4F 74 65 63 68 32 00 04 00 00 08 DF EF 43 04 2D 08 00 01 CA 40 
2026/8/12 13:42:19.953 [RX] - 56 69 56 4F 74 65 63 68 32 00 04 00 00 00 AE 16 00 00 00 00 00 00 00 00 00 00 00 00 00 00 00 00 00 00 00 00 00 00 00 00 00 00 00 00 00 00 00 00 00 00 00 00 00 00 00 00 00 00 00 00 00 00 00  

--- 03 02 _Get Configuration

2026/8/12 13:42:20.125 [TX] - 56 69 56 4F 74 65 63 68 32 00 03 02 00 00 5B 91 
2026/8/12 13:42:20.143 [RX] - 56 69 56 4F 74 65 63 68 32 00 03 00 01 57 DF EE 2D 01 00 DF EF 43 04 2D 08 00 01 9A 03 99 12 31  Date 9F 21 03 23 00 01  Time  1999-12-31 23:00 9C 01 00 5F 2A 02 08 40 5F 36 01 02 9F 02 06 00 00 00 00 00 01 9F 03 06 00 00 00 00 00 00 DF EF 59 06 00 00 00 00 04 44 9F 09 02 00 02 9F 15 02 00 00 9F 1A 02 08 40 9F 40 05 60 00 00 30 00 9F 53 01 00 9F 66 04 30 00 40 00 9F 6D 02 00 01 9F 7C 14 00 00 00 00 00 00 00 00 00 00 00 00 00 00 00 00 00 00 00 00 DF EE 28 03 00 08 E8 DF EE 29 03 00 68 E8 DF EE 34 06 00 00 00 01 00 00 DF EE 35 03 00 06 01 DF EE 36 06 00 00 00 00 80 00 DF EE 37 01 03 DF EE 38 01 00 DF 81 22 05 F8 50 AC F8 00 DF 81 20 05 F8 50 AC A0 00 DF 81 21 05 00 00 00 00 00 DF EE 44 02 FD FF DF EC 1B 04 FF FF FF FF DF ED 4A 02 00 06 DF ED 5A 08 00 00 80 00 00 00 00 00 DF EE 5C 04 01 50 00 00 DF EE 6B 08 00 00 00 00 00 00 00 00 DF EE 70 01 00 DF EE 71 02 00 00 DF EE 72 02 00 00 DF EE 73 02 00 00 DF EE 74 01 00 DF ED 18 01 01 DF EE 7E 01 00 DF EE 1C 01 03 DF EF 29 02 00 00 9F 4E 1E 00 00 00 00 00 00 00 00 00 00 00 00 00 00 00 00 00 00 00 00 00 00 00 00 00 00 00 00 00 00 DF EE 7D 01 02 48 06 00 00 00 00 00 00 00 00 00 00 00 00 00 00 00 00 00 00 00  

///////////////////////////////////////////////////////////////////
 

--- 04-00 -- Set Date & Time = 00-01-01_07:00

2026/8/12 13:42:20.370 [TX] - 56 69 56 4F 74 65 63 68 32 00 04 00 00 13 DF EF 43 04 00 00 00 00 9A 03 00 01 01 9F 21 03 07 00 00 DD 8E 
2026/8/12 13:42:20.436 [RX] - 56 69 56 4F 74 65 63 68 32 00 04 00 00 00 AE 16 00 00 00 00 00 00 00 00 00 00 00 00 00 00 00 00 00 00 00 00 00 00 00 00 00 00 00 00 00 00 00 00 00 00 00 00 00 00 00 00 00 00 00 00 00 00 00  

--- 03 02 _Get Configuration

2026/8/12 13:42:20.597 [TX] - 56 69 56 4F 74 65 63 68 32 00 03 02 00 00 5B 91 
2026/8/12 13:42:20.615 [RX] - 56 69 56 4F 74 65 63 68 32 00 03 00 01 57 DF EE 2D 01 00 DF EF 43 04 00 00 00 00 9A 03 00 01 01  Date 9F 21 03 07 00 00  Time  2000-01-01 07:00 9C 01 00 5F 2A 02 08 40 5F 36 01 02 9F 02 06 00 00 00 00 00 01 9F 03 06 00 00 00 00 00 00 DF EF 59 06 00 00 00 00 04 44 9F 09 02 00 02 9F 15 02 00 00 9F 1A 02 08 40 9F 40 05 60 00 00 30 00 9F 53 01 00 9F 66 04 30 00 40 00 9F 6D 02 00 01 9F 7C 14 00 00 00 00 00 00 00 00 00 00 00 00 00 00 00 00 00 00 00 00 DF EE 28 03 00 08 E8 DF EE 29 03 00 68 E8 DF EE 34 06 00 00 00 01 00 00 DF EE 35 03 00 06 01 DF EE 36 06 00 00 00 00 80 00 DF EE 37 01 03 DF EE 38 01 00 DF 81 22 05 F8 50 AC F8 00 DF 81 20 05 F8 50 AC A0 00 DF 81 21 05 00 00 00 00 00 DF EE 44 02 FD FF DF EC 1B 04 FF FF FF FF DF ED 4A 02 00 06 DF ED 5A 08 00 00 80 00 00 00 00 00 DF EE 5C 04 01 50 00 00 DF EE 6B 08 00 00 00 00 00 00 00 00 DF EE 70 01 00 DF EE 71 02 00 00 DF EE 72 02 00 00 DF EE 73 02 00 00 DF EE 74 01 00 DF ED 18 01 01 DF EE 7E 01 00 DF EE 1C 01 03 DF EF 29 02 00 00 9F 4E 1E 00 00 00 00 00 00 00 00 00 00 00 00 00 00 00 00 00 00 00 00 00 00 00 00 00 00 00 00 00 00 DF EE 7D 01 02 DB C0 00 00 00 00 00 00 00 00 00 00 00 00 00 00 00 00 00 00 00  

--- 04-00 Set Time zone = - 09 00 01 w/ daylight saving time

2026/8/12 13:42:20.833 [TX] - 56 69 56 4F 74 65 63 68 32 00 04 00 00 08 DF EF 43 04 2D 09 00 01 FA 77 
2026/8/12 13:42:20.896 [RX] - 56 69 56 4F 74 65 63 68 32 00 04 00 00 00 AE 16 00 00 00 00 00 00 00 00 00 00 00 00 00 00 00 00 00 00 00 00 00 00 00 00 00 00 00 00 00 00 00 00 00 00 00 00 00 00 00 00 00 00 00 00 00 00 00  

--- 03 02 _Get Configuration

2026/8/12 13:42:21.066 [TX] - 56 69 56 4F 74 65 63 68 32 00 03 02 00 00 5B 91 
2026/8/12 13:42:21.085 [RX] - 56 69 56 4F 74 65 63 68 32 00 03 00 01 57 DF EE 2D 01 00 DF EF 43 04 2D 09 00 01 9A 03 99 12 31  Date 9F 21 03 23 00 01  Time  1999-12-31 23:00 9C 01 00 5F 2A 02 08 40 5F 36 01 02 9F 02 06 00 00 00 00 00 01 9F 03 06 00 00 00 00 00 00 DF EF 59 06 00 00 00 00 04 44 9F 09 02 00 02 9F 15 02 00 00 9F 1A 02 08 40 9F 40 05 60 00 00 30 00 9F 53 01 00 9F 66 04 30 00 40 00 9F 6D 02 00 01 9F 7C 14 00 00 00 00 00 00 00 00 00 00 00 00 00 00 00 00 00 00 00 00 DF EE 28 03 00 08 E8 DF EE 29 03 00 68 E8 DF EE 34 06 00 00 00 01 00 00 DF EE 35 03 00 06 01 DF EE 36 06 00 00 00 00 80 00 DF EE 37 01 03 DF EE 38 01 00 DF 81 22 05 F8 50 AC F8 00 DF 81 20 05 F8 50 AC A0 00 DF 81 21 05 00 00 00 00 00 DF EE 44 02 FD FF DF EC 1B 04 FF FF FF FF DF ED 4A 02 00 06 DF ED 5A 08 00 00 80 00 00 00 00 00 DF EE 5C 04 01 50 00 00 DF EE 6B 08 00 00 00 00 00 00 00 00 DF EE 70 01 00 DF EE 71 02 00 00 DF EE 72 02 00 00 DF EE 73 02 00 00 DF EE 74 01 00 DF ED 18 01 01 DF EE 7E 01 00 DF EE 1C 01 03 DF EF 29 02 00 00 9F 4E 1E 00 00 00 00 00 00 00 00 00 00 00 00 00 00 00 00 00 00 00 00 00 00 00 00 00 00 00 00 00 00 DF EE 7D 01 02 FA 73 00 00 00 00 00 00 00 00 00 00 00 00 00 00 00 00 00 00 00  

///////////////////////////////////////////////////////////////////
 

--- 04-00 -- Set Date & Time = 00-01-01_08:00

2026/8/12 13:42:21.311 [TX] - 56 69 56 4F 74 65 63 68 32 00 04 00 00 13 DF EF 43 04 00 00 00 00 9A 03 00 01 01 9F 21 03 08 00 00 EC A2 
2026/8/12 13:42:21.377 [RX] - 56 69 56 4F 74 65 63 68 32 00 04 00 00 00 AE 16 00 00 00 00 00 00 00 00 00 00 00 00 00 00 00 00 00 00 00 00 00 00 00 00 00 00 00 00 00 00 00 00 00 00 00 00 00 00 00 00 00 00 00 00 00 00 00  

--- 03 02 _Get Configuration

2026/8/12 13:42:21.536 [TX] - 56 69 56 4F 74 65 63 68 32 00 03 02 00 00 5B 91 
2026/8/12 13:42:21.554 [RX] - 56 69 56 4F 74 65 63 68 32 00 03 00 01 57 DF EE 2D 01 00 DF EF 43 04 00 00 00 00 9A 03 00 01 01  Date 9F 21 03 08 00 00  Time  2000-01-01 08:00 9C 01 00 5F 2A 02 08 40 5F 36 01 02 9F 02 06 00 00 00 00 00 01 9F 03 06 00 00 00 00 00 00 DF EF 59 06 00 00 00 00 04 44 9F 09 02 00 02 9F 15 02 00 00 9F 1A 02 08 40 9F 40 05 60 00 00 30 00 9F 53 01 00 9F 66 04 30 00 40 00 9F 6D 02 00 01 9F 7C 14 00 00 00 00 00 00 00 00 00 00 00 00 00 00 00 00 00 00 00 00 DF EE 28 03 00 08 E8 DF EE 29 03 00 68 E8 DF EE 34 06 00 00 00 01 00 00 DF EE 35 03 00 06 01 DF EE 36 06 00 00 00 00 80 00 DF EE 37 01 03 DF EE 38 01 00 DF 81 22 05 F8 50 AC F8 00 DF 81 20 05 F8 50 AC A0 00 DF 81 21 05 00 00 00 00 00 DF EE 44 02 FD FF DF EC 1B 04 FF FF FF FF DF ED 4A 02 00 06 DF ED 5A 08 00 00 80 00 00 00 00 00 DF EE 5C 04 01 50 00 00 DF EE 6B 08 00 00 00 00 00 00 00 00 DF EE 70 01 00 DF EE 71 02 00 00 DF EE 72 02 00 00 DF EE 73 02 00 00 DF EE 74 01 00 DF ED 18 01 01 DF EE 7E 01 00 DF EE 1C 01 03 DF EF 29 02 00 00 9F 4E 1E 00 00 00 00 00 00 00 00 00 00 00 00 00 00 00 00 00 00 00 00 00 00 00 00 00 00 00 00 00 00 DF EE 7D 01 02 47 B7 00 00 00 00 00 00 00 00 00 00 00 00 00 00 00 00 00 00 00  

--- 04-00 Set Time zone = - 10 00 01 w/ daylight saving time

2026/8/12 13:42:21.770 [TX] - 56 69 56 4F 74 65 63 68 32 00 04 00 00 08 DF EF 43 04 2D 0A 00 01 AA 2E 
2026/8/12 13:42:21.918 [RX] - 56 69 56 4F 74 65 63 68 32 00 04 00 00 00 AE 16 00 00 00 00 00 00 00 00 00 00 00 00 00 00 00 00 00 00 00 00 00 00 00 00 00 00 00 00 00 00 00 00 00 00 00 00 00 00 00 00 00 00 00 00 00 00 00  

--- 03 02 _Get Configuration

2026/8/12 13:42:22.004 [TX] - 56 69 56 4F 74 65 63 68 32 00 03 02 00 00 5B 91 
2026/8/12 13:42:22.022 [RX] - 56 69 56 4F 74 65 63 68 32 00 03 00 01 57 DF EE 2D 01 00 DF EF 43 04 2D 0A 00 01 9A 03 99 12 31  Date 9F 21 03 23 00 00  Time  1999-12-31 23:00 9C 01 00 5F 2A 02 08 40 5F 36 01 02 9F 02 06 00 00 00 00 00 01 9F 03 06 00 00 00 00 00 00 DF EF 59 06 00 00 00 00 04 44 9F 09 02 00 02 9F 15 02 00 00 9F 1A 02 08 40 9F 40 05 60 00 00 30 00 9F 53 01 00 9F 66 04 30 00 40 00 9F 6D 02 00 01 9F 7C 14 00 00 00 00 00 00 00 00 00 00 00 00 00 00 00 00 00 00 00 00 DF EE 28 03 00 08 E8 DF EE 29 03 00 68 E8 DF EE 34 06 00 00 00 01 00 00 DF EE 35 03 00 06 01 DF EE 36 06 00 00 00 00 80 00 DF EE 37 01 03 DF EE 38 01 00 DF 81 22 05 F8 50 AC F8 00 DF 81 20 05 F8 50 AC A0 00 DF 81 21 05 00 00 00 00 00 DF EE 44 02 FD FF DF EC 1B 04 FF FF FF FF DF ED 4A 02 00 06 DF ED 5A 08 00 00 80 00 00 00 00 00 DF EE 5C 04 01 50 00 00 DF EE 6B 08 00 00 00 00 00 00 00 00 DF EE 70 01 00 DF EE 71 02 00 00 DF EE 72 02 00 00 DF EE 73 02 00 00 DF EE 74 01 00 DF ED 18 01 01 DF EE 7E 01 00 DF EE 1C 01 03 DF EF 29 02 00 00 9F 4E 1E 00 00 00 00 00 00 00 00 00 00 00 00 00 00 00 00 00 00 00 00 00 00 00 00 00 00 00 00 00 00 DF EE 7D 01 02 C8 E9 00 00 00 00 00 00 00 00 00 00 00 00 00 00 00 00 00 00 00  

///////////////////////////////////////////////////////////////////
 

--- 04-00 -- Set Date & Time = 00-01-01_09:00

2026/8/12 13:42:22.247 [TX] - 56 69 56 4F 74 65 63 68 32 00 04 00 00 13 DF EF 43 04 00 00 00 00 9A 03 00 01 01 9F 21 03 09 00 00 DC 95 
2026/8/12 13:42:22.314 [RX] - 56 69 56 4F 74 65 63 68 32 00 04 00 00 00 AE 16 00 00 00 00 00 00 00 00 00 00 00 00 00 00 00 00 00 00 00 00 00 00 00 00 00 00 00 00 00 00 00 00 00 00 00 00 00 00 00 00 00 00 00 00 00 00 00  

--- 03 02 _Get Configuration

2026/8/12 13:42:22.478 [TX] - 56 69 56 4F 74 65 63 68 32 00 03 02 00 00 5B 91 
2026/8/12 13:42:22.497 [RX] - 56 69 56 4F 74 65 63 68 32 00 03 00 01 57 DF EE 2D 01 00 DF EF 43 04 00 00 00 00 9A 03 00 01 01  Date 9F 21 03 09 00 00  Time  2000-01-01 09:00 9C 01 00 5F 2A 02 08 40 5F 36 01 02 9F 02 06 00 00 00 00 00 01 9F 03 06 00 00 00 00 00 00 DF EF 59 06 00 00 00 00 04 44 9F 09 02 00 02 9F 15 02 00 00 9F 1A 02 08 40 9F 40 05 60 00 00 30 00 9F 53 01 00 9F 66 04 30 00 40 00 9F 6D 02 00 01 9F 7C 14 00 00 00 00 00 00 00 00 00 00 00 00 00 00 00 00 00 00 00 00 DF EE 28 03 00 08 E8 DF EE 29 03 00 68 E8 DF EE 34 06 00 00 00 01 00 00 DF EE 35 03 00 06 01 DF EE 36 06 00 00 00 00 80 00 DF EE 37 01 03 DF EE 38 01 00 DF 81 22 05 F8 50 AC F8 00 DF 81 20 05 F8 50 AC A0 00 DF 81 21 05 00 00 00 00 00 DF EE 44 02 FD FF DF EC 1B 04 FF FF FF FF DF ED 4A 02 00 06 DF ED 5A 08 00 00 80 00 00 00 00 00 DF EE 5C 04 01 50 00 00 DF EE 6B 08 00 00 00 00 00 00 00 00 DF EE 70 01 00 DF EE 71 02 00 00 DF EE 72 02 00 00 DF EE 73 02 00 00 DF EE 74 01 00 DF ED 18 01 01 DF EE 7E 01 00 DF EE 1C 01 03 DF EF 29 02 00 00 9F 4E 1E 00 00 00 00 00 00 00 00 00 00 00 00 00 00 00 00 00 00 00 00 00 00 00 00 00 00 00 00 00 00 DF EE 7D 01 02 FC 54 00 00 00 00 00 00 00 00 00 00 00 00 00 00 00 00 00 00 00  

--- 04-00 Set Time zone = - 11 00 01 w/ daylight saving time

2026/8/12 13:42:22.709 [TX] - 56 69 56 4F 74 65 63 68 32 00 04 00 00 08 DF EF 43 04 2D 0B 00 01 9A 19 
2026/8/12 13:42:22.772 [RX] - 56 69 56 4F 74 65 63 68 32 00 04 00 00 00 AE 16 00 00 00 00 00 00 00 00 00 00 00 00 00 00 00 00 00 00 00 00 00 00 00 00 00 00 00 00 00 00 00 00 00 00 00 00 00 00 00 00 00 00 00 00 00 00 00  

--- 03 02 _Get Configuration

2026/8/12 13:42:22.946 [TX] - 56 69 56 4F 74 65 63 68 32 00 03 02 00 00 5B 91 
2026/8/12 13:42:22.964 [RX] - 56 69 56 4F 74 65 63 68 32 00 03 00 01 57 DF EE 2D 01 00 DF EF 43 04 2D 0B 00 01 9A 03 99 12 31  Date 9F 21 03 23 00 00  Time  1999-12-31 23:00 9C 01 00 5F 2A 02 08 40 5F 36 01 02 9F 02 06 00 00 00 00 00 01 9F 03 06 00 00 00 00 00 00 DF EF 59 06 00 00 00 00 04 44 9F 09 02 00 02 9F 15 02 00 00 9F 1A 02 08 40 9F 40 05 60 00 00 30 00 9F 53 01 00 9F 66 04 30 00 40 00 9F 6D 02 00 01 9F 7C 14 00 00 00 00 00 00 00 00 00 00 00 00 00 00 00 00 00 00 00 00 DF EE 28 03 00 08 E8 DF EE 29 03 00 68 E8 DF EE 34 06 00 00 00 01 00 00 DF EE 35 03 00 06 01 DF EE 36 06 00 00 00 00 80 00 DF EE 37 01 03 DF EE 38 01 00 DF 81 22 05 F8 50 AC F8 00 DF 81 20 05 F8 50 AC A0 00 DF 81 21 05 00 00 00 00 00 DF EE 44 02 FD FF DF EC 1B 04 FF FF FF FF DF ED 4A 02 00 06 DF ED 5A 08 00 00 80 00 00 00 00 00 DF EE 5C 04 01 50 00 00 DF EE 6B 08 00 00 00 00 00 00 00 00 DF EE 70 01 00 DF EE 71 02 00 00 DF EE 72 02 00 00 DF EE 73 02 00 00 DF EE 74 01 00 DF ED 18 01 01 DF EE 7E 01 00 DF EE 1C 01 03 DF EF 29 02 00 00 9F 4E 1E 00 00 00 00 00 00 00 00 00 00 00 00 00 00 00 00 00 00 00 00 00 00 00 00 00 00 00 00 00 00 DF EE 7D 01 02 7A 9C 00 00 00 00 00 00 00 00 00 00 00 00 00 00 00 00 00 00 00  

///////////////////////////////////////////////////////////////////
 

--- 04-00 -- Set Date & Time = 00-01-01_10:00

2026/8/12 13:42:23.190 [TX] - 56 69 56 4F 74 65 63 68 32 00 04 00 00 13 DF EF 43 04 00 00 00 00 9A 03 00 01 01 9F 21 03 10 00 00 2E 48 
2026/8/12 13:42:23.258 [RX] - 56 69 56 4F 74 65 63 68 32 00 04 00 00 00 AE 16 00 00 00 00 00 00 00 00 00 00 00 00 00 00 00 00 00 00 00 00 00 00 00 00 00 00 00 00 00 00 00 00 00 00 00 00 00 00 00 00 00 00 00 00 00 00 00  

--- 03 02 _Get Configuration

2026/8/12 13:42:23.432 [TX] - 56 69 56 4F 74 65 63 68 32 00 03 02 00 00 5B 91 
2026/8/12 13:42:23.450 [RX] - 56 69 56 4F 74 65 63 68 32 00 03 00 01 57 DF EE 2D 01 00 DF EF 43 04 00 00 00 00 9A 03 00 01 01  Date 9F 21 03 10 00 01  Time  2000-01-01 10:00 9C 01 00 5F 2A 02 08 40 5F 36 01 02 9F 02 06 00 00 00 00 00 01 9F 03 06 00 00 00 00 00 00 DF EF 59 06 00 00 00 00 04 44 9F 09 02 00 02 9F 15 02 00 00 9F 1A 02 08 40 9F 40 05 60 00 00 30 00 9F 53 01 00 9F 66 04 30 00 40 00 9F 6D 02 00 01 9F 7C 14 00 00 00 00 00 00 00 00 00 00 00 00 00 00 00 00 00 00 00 00 DF EE 28 03 00 08 E8 DF EE 29 03 00 68 E8 DF EE 34 06 00 00 00 01 00 00 DF EE 35 03 00 06 01 DF EE 36 06 00 00 00 00 80 00 DF EE 37 01 03 DF EE 38 01 00 DF 81 22 05 F8 50 AC F8 00 DF 81 20 05 F8 50 AC A0 00 DF 81 21 05 00 00 00 00 00 DF EE 44 02 FD FF DF EC 1B 04 FF FF FF FF DF ED 4A 02 00 06 DF ED 5A 08 00 00 80 00 00 00 00 00 DF EE 5C 04 01 50 00 00 DF EE 6B 08 00 00 00 00 00 00 00 00 DF EE 70 01 00 DF EE 71 02 00 00 DF EE 72 02 00 00 DF EE 73 02 00 00 DF EE 74 01 00 DF ED 18 01 01 DF EE 7E 01 00 DF EE 1C 01 03 DF EF 29 02 00 00 9F 4E 1E 00 00 00 00 00 00 00 00 00 00 00 00 00 00 00 00 00 00 00 00 00 00 00 00 00 00 00 00 00 00 DF EE 7D 01 02 33 75 00 00 00 00 00 00 00 00 00 00 00 00 00 00 00 00 00 00 00  

--- 04-00 Set Time zone = - 12 00 01 w/ daylight saving time

2026/8/12 13:42:23.667 [TX] - 56 69 56 4F 74 65 63 68 32 00 04 00 00 08 DF EF 43 04 2D 0C 00 01 0A 9C 
2026/8/12 13:42:23.731 [RX] - 56 69 56 4F 74 65 63 68 32 00 04 00 00 00 AE 16 00 00 00 00 00 00 00 00 00 00 00 00 00 00 00 00 00 00 00 00 00 00 00 00 00 00 00 00 00 00 00 00 00 00 00 00 00 00 00 00 00 00 00 00 00 00 00  

--- 03 02 _Get Configuration

2026/8/12 13:42:23.900 [TX] - 56 69 56 4F 74 65 63 68 32 00 03 02 00 00 5B 91 
2026/8/12 13:42:23.919 [RX] - 56 69 56 4F 74 65 63 68 32 00 03 00 01 57 DF EE 2D 01 00 DF EF 43 04 2D 0C 00 01 9A 03 99 12 31  Date 9F 21 03 23 00 01  Time  1999-12-31 23:00 9C 01 00 5F 2A 02 08 40 5F 36 01 02 9F 02 06 00 00 00 00 00 01 9F 03 06 00 00 00 00 00 00 DF EF 59 06 00 00 00 00 04 44 9F 09 02 00 02 9F 15 02 00 00 9F 1A 02 08 40 9F 40 05 60 00 00 30 00 9F 53 01 00 9F 66 04 30 00 40 00 9F 6D 02 00 01 9F 7C 14 00 00 00 00 00 00 00 00 00 00 00 00 00 00 00 00 00 00 00 00 DF EE 28 03 00 08 E8 DF EE 29 03 00 68 E8 DF EE 34 06 00 00 00 01 00 00 DF EE 35 03 00 06 01 DF EE 36 06 00 00 00 00 80 00 DF EE 37 01 03 DF EE 38 01 00 DF 81 22 05 F8 50 AC F8 00 DF 81 20 05 F8 50 AC A0 00 DF 81 21 05 00 00 00 00 00 DF EE 44 02 FD FF DF EC 1B 04 FF FF FF FF DF ED 4A 02 00 06 DF ED 5A 08 00 00 80 00 00 00 00 00 DF EE 5C 04 01 50 00 00 DF EE 6B 08 00 00 00 00 00 00 00 00 DF EE 70 01 00 DF EE 71 02 00 00 DF EE 72 02 00 00 DF EE 73 02 00 00 DF EE 74 01 00 DF ED 18 01 01 DF EE 7E 01 00 DF EE 1C 01 03 DF EF 29 02 00 00 9F 4E 1E 00 00 00 00 00 00 00 00 00 00 00 00 00 00 00 00 00 00 00 00 00 00 00 00 00 00 00 00 00 00 DF EE 7D 01 02 A1 90 00 00 00 00 00 00 00 00 00 00 00 00 00 00 00 00 00 00 00  

///////////////////////////////////////////////////////////////////
 

 Result = PASSED
 ---------- END OF TEST ----------

 

 MASTER RESULT = PASSED


Docklight Log File (HEX) - Stopped 2026/8/12 13:42:25.258 

