Docklight Log File (HEX) - Started 2026/9/30 15:37:11.992 
 TEST CASE: MF000300-4K

 --- Set POS COM PORT Settings
 Set POS COM PORT...
 POS operating on COM90 @ 115200 baud...
 Set POS COM PORT - COMPLETE


2026/9/30 15:37:13.326 [TX] - 56 69 56 4F 74 65 63 68 32 00 2C 01 00 01 00 0D 38 
2026/9/30 15:37:13.332 [RX] - 56 69 56 4F 74 65 63 68 32 00 2C 0C 00 00 69 FA 00 00 00 00 00 00 00 00 00 00 00 00 00 00 00 00 00 00 00 00 00 00 00 00 00 00 00 00 00 00 00 00 00 00 00 00 00 00 00 00 00 00 00 00 00 00 00  
PT Start


2026/9/30 15:37:16.347 [TX] - 56 69 56 4F 74 65 63 68 32 00 2C 01 00 01 01 1D 19 
2026/9/30 15:37:16.395 [RX] - 56 69 56 4F 74 65 63 68 32 00 2C 00 00 00 1C 9B  PT command (OK)

2026/9/30 15:37:16.395 [RX] - 00 00 00 00 00 00 00 00 00 00 00 00 00 00 00 00 00 00 00 00 00 00 00 00 00 00 00 00 00 00 00 00 00 00 00 00 00 00 00 00 00 00 00 00 00 00 00  
Antenna Enable


2026/9/30 15:37:16.417 [TX] - 56 69 56 4F 74 65 63 68 32 00 28 01 00 01 01 94 1F 
2026/9/30 15:37:16.427 [RX] - 56 69 56 4F 74 65 63 68 32 00 28 00 00 00 D6 6A  Antenna Enable (OK)

2026/9/30 15:37:16.427 [RX] - 00 00 00 00 00 00 00 00 00 00 00 00 00 00 00 00 00 00 00 00 00 00 00 00 00 00 00 00 00 00 00 00 00 00 00 00 00 00 00 00 00 00 00 00 00 00 00  
Poll for Token (10 sec)


2026/9/30 15:37:16.972 [TX] - 56 69 56 4F 74 65 63 68 32 00 2C 02 00 02 0A 00 B1 E4 
2026/9/30 15:37:17.110 [RX] - 56 69 56 4F 74 65 63 68 32 00 2C 00 00 05  Poll for Token (OK)

2026/9/30 15:37:17.110 [RX] - 03 E8 C3 E5 95 B8 F7 00 00 00 00 00 00 00 00 00 00 00 00 00 00 00 00 00 00 00 00 00 00 00 00 00 00 00 00 00 00 00 00 00 00 00 00 00 00 00 00 00 00  
Mifare auth - 1

2026/9/30 15:37:17.982 [TX] - 56 69 56 4F 74 65 63 68 32 00 2C 06 00 08 00 01 FF FF FF FF FF FF 0C 1B 
2026/9/30 15:37:17.995 [RX] - 56 69 56 4F 74 65 63 68 32 00 2C 00 00 00 1C 9B  PT command (OK)

2026/9/30 15:37:17.995 [RX] - 00 00 00 00 00 00 00 00 00 00 00 00 00 00 00 00 00 00 00 00 00 00 00 00 00 00 00 00 00 00 00 00 00 00 00 00 00 00 00 00 00 00 00 00 00 00 00  ----- Write Block #1 -----
 i = 001

2026/9/30 15:37:18.030 [TX] - 56 69 56 4F 74 65 63 68 32 00 2C 08 00 12 31 01 00 00 00 00 00 00 00 00 00 00 00 00 00 00 00 00 1F CF 
2026/9/30 15:37:18.042 [RX] - 56 69 56 4F 74 65 63 68 32 00 2C 00 00 00 1C 9B  PT command (OK)

2026/9/30 15:37:18.042 [RX] - 00 00 00 00 00 00 00 00 00 00 00 00 00 00 00 00 00 00 00 00 00 00 00 00 00 00 00 00 00 00 00 00 00 00 00 00 00 00 00 00 00 00 00 00 00 00 00  ----- Write Block #2 -----
 i = 002

2026/9/30 15:37:18.064 [TX] - 56 69 56 4F 74 65 63 68 32 00 2C 08 00 12 31 02 00 00 00 00 00 00 00 00 00 00 00 00 00 00 00 00 2E E9 
2026/9/30 15:37:18.076 [RX] - 56 69 56 4F 74 65 63 68 32 00 2C 00 00 00 1C 9B  PT command (OK)

2026/9/30 15:37:18.076 [RX] - 00 00 00 00 00 00 00 00 00 00 00 00 00 00 00 00 00 00 00 00 00 00 00 00 00 00 00 00 00 00 00 00 00 00 00 00 00 00 00 00 00 00 00 00 00 00 00  ----- #3 was SKIPPED -----
 
Mifare auth - 4

2026/9/30 15:37:18.110 [TX] - 56 69 56 4F 74 65 63 68 32 00 2C 06 00 08 04 01 FF FF FF FF FF FF 03 76 
2026/9/30 15:37:18.122 [RX] - 56 69 56 4F 74 65 63 68 32 00 2C 00 00 00 1C 9B  PT command (OK)

2026/9/30 15:37:18.122 [RX] - 00 00 00 00 00 00 00 00 00 00 00 00 00 00 00 00 00 00 00 00 00 00 00 00 00 00 00 00 00 00 00 00 00 00 00 00 00 00 00 00 00 00 00 00 00 00 00  ----- Write Block #4 -----
 i = 004

2026/9/30 15:37:18.148 [TX] - 56 69 56 4F 74 65 63 68 32 00 2C 08 00 12 31 04 00 00 00 00 00 00 00 00 00 00 00 00 00 00 00 00 4C A5 
2026/9/30 15:37:18.161 [RX] - 56 69 56 4F 74 65 63 68 32 00 2C 00 00 00 1C 9B  PT command (OK)

2026/9/30 15:37:18.161 [RX] - 00 00 00 00 00 00 00 00 00 00 00 00 00 00 00 00 00 00 00 00 00 00 00 00 00 00 00 00 00 00 00 00 00 00 00 00 00 00 00 00 00 00 00 00 00 00 00  ----- Write Block #5 -----
 i = 005

2026/9/30 15:37:18.185 [TX] - 56 69 56 4F 74 65 63 68 32 00 2C 08 00 12 31 05 00 00 00 00 00 00 00 00 00 00 00 00 00 00 00 00 5C 47 
2026/9/30 15:37:18.199 [RX] - 56 69 56 4F 74 65 63 68 32 00 2C 00 00 00 1C 9B  PT command (OK)

2026/9/30 15:37:18.199 [RX] - 00 00 00 00 00 00 00 00 00 00 00 00 00 00 00 00 00 00 00 00 00 00 00 00 00 00 00 00 00 00 00 00 00 00 00 00 00 00 00 00 00 00 00 00 00 00 00  ----- Write Block #6 -----
 i = 006

2026/9/30 15:37:18.243 [TX] - 56 69 56 4F 74 65 63 68 32 00 2C 08 00 12 31 06 00 00 00 00 00 00 00 00 00 00 00 00 00 00 00 00 6D 61 
2026/9/30 15:37:18.256 [RX] - 56 69 56 4F 74 65 63 68 32 00 2C 00 00 00 1C 9B  PT command (OK)

2026/9/30 15:37:18.256 [RX] - 00 00 00 00 00 00 00 00 00 00 00 00 00 00 00 00 00 00 00 00 00 00 00 00 00 00 00 00 00 00 00 00 00 00 00 00 00 00 00 00 00 00 00 00 00 00 00  ----- #7 was SKIPPED -----
 
Mifare auth - 8

2026/9/30 15:37:18.283 [TX] - 56 69 56 4F 74 65 63 68 32 00 2C 06 00 08 08 01 FF FF FF FF FF FF 12 C1 
2026/9/30 15:37:18.294 [RX] - 56 69 56 4F 74 65 63 68 32 00 2C 00 00 00 1C 9B  PT command (OK)

2026/9/30 15:37:18.294 [RX] - 00 00 00 00 00 00 00 00 00 00 00 00 00 00 00 00 00 00 00 00 00 00 00 00 00 00 00 00 00 00 00 00 00 00 00 00 00 00 00 00 00 00 00 00 00 00 00  ----- Write Block #8 -----
 i = 008

2026/9/30 15:37:18.332 [TX] - 56 69 56 4F 74 65 63 68 32 00 2C 08 00 12 31 08 00 00 00 00 00 00 00 00 00 00 00 00 00 00 00 00 88 3D 
2026/9/30 15:37:18.344 [RX] - 56 69 56 4F 74 65 63 68 32 00 2C 00 00 00 1C 9B  PT command (OK)

2026/9/30 15:37:18.344 [RX] - 00 00 00 00 00 00 00 00 00 00 00 00 00 00 00 00 00 00 00 00 00 00 00 00 00 00 00 00 00 00 00 00 00 00 00 00 00 00 00 00 00 00 00 00 00 00 00  ----- Write Block #9 -----
 i = 009

2026/9/30 15:37:18.379 [TX] - 56 69 56 4F 74 65 63 68 32 00 2C 08 00 12 31 09 00 00 00 00 00 00 00 00 00 00 00 00 00 00 00 00 98 DF 
2026/9/30 15:37:18.393 [RX] - 56 69 56 4F 74 65 63 68 32 00 2C 00 00 00 1C 9B  PT command (OK)

2026/9/30 15:37:18.393 [RX] - 00 00 00 00 00 00 00 00 00 00 00 00 00 00 00 00 00 00 00 00 00 00 00 00 00 00 00 00 00 00 00 00 00 00 00 00 00 00 00 00 00 00 00 00 00 00 00  ----- Write Block #10 -----
 i = 010

2026/9/30 15:37:18.426 [TX] - 56 69 56 4F 74 65 63 68 32 00 2C 08 00 12 31 0A 00 00 00 00 00 00 00 00 00 00 00 00 00 00 00 00 A9 F9 
2026/9/30 15:37:18.439 [RX] - 56 69 56 4F 74 65 63 68 32 00 2C 00 00 00 1C 9B  PT command (OK)

2026/9/30 15:37:18.439 [RX] - 00 00 00 00 00 00 00 00 00 00 00 00 00 00 00 00 00 00 00 00 00 00 00 00 00 00 00 00 00 00 00 00 00 00 00 00 00 00 00 00 00 00 00 00 00 00 00  ----- #11 was SKIPPED -----
 
Mifare auth - 12

2026/9/30 15:37:18.470 [TX] - 56 69 56 4F 74 65 63 68 32 00 2C 06 00 08 0C 01 FF FF FF FF FF FF 1D AC 
2026/9/30 15:37:18.481 [RX] - 56 69 56 4F 74 65 63 68 32 00 2C 00 00 00 1C 9B  PT command (OK)

2026/9/30 15:37:18.481 [RX] - 00 00 00 00 00 00 00 00 00 00 00 00 00 00 00 00 00 00 00 00 00 00 00 00 00 00 00 00 00 00 00 00 00 00 00 00 00 00 00 00 00 00 00 00 00 00 00  ----- Write Block #12 -----
 i = 012

2026/9/30 15:37:18.509 [TX] - 56 69 56 4F 74 65 63 68 32 00 2C 08 00 12 31 0C 00 00 00 00 00 00 00 00 00 00 00 00 00 00 00 00 CB B5 
2026/9/30 15:37:18.521 [RX] - 56 69 56 4F 74 65 63 68 32 00 2C 00 00 00 1C 9B  PT command (OK)

2026/9/30 15:37:18.521 [RX] - 00 00 00 00 00 00 00 00 00 00 00 00 00 00 00 00 00 00 00 00 00 00 00 00 00 00 00 00 00 00 00 00 00 00 00 00 00 00 00 00 00 00 00 00 00 00 00  ----- Write Block #13 -----
 i = 013

2026/9/30 15:37:18.548 [TX] - 56 69 56 4F 74 65 63 68 32 00 2C 08 00 12 31 0D 00 00 00 00 00 00 00 00 00 00 00 00 00 00 00 00 DB 57 
2026/9/30 15:37:18.560 [RX] - 56 69 56 4F 74 65 63 68 32 00 2C 00 00 00 1C 9B  PT command (OK)

2026/9/30 15:37:18.560 [RX] - 00 00 00 00 00 00 00 00 00 00 00 00 00 00 00 00 00 00 00 00 00 00 00 00 00 00 00 00 00 00 00 00 00 00 00 00 00 00 00 00 00 00 00 00 00 00 00  ----- Write Block #14 -----
 i = 014

2026/9/30 15:37:18.595 [TX] - 56 69 56 4F 74 65 63 68 32 00 2C 08 00 12 31 0E 00 00 00 00 00 00 00 00 00 00 00 00 00 00 00 00 EA 71 
2026/9/30 15:37:18.609 [RX] - 56 69 56 4F 74 65 63 68 32 00 2C 00 00 00 1C 9B  PT command (OK)

2026/9/30 15:37:18.609 [RX] - 00 00 00 00 00 00 00 00 00 00 00 00 00 00 00 00 00 00 00 00 00 00 00 00 00 00 00 00 00 00 00 00 00 00 00 00 00 00 00 00 00 00 00 00 00 00 00  ----- #15 was SKIPPED -----
 
Mifare auth - 16

2026/9/30 15:37:18.642 [TX] - 56 69 56 4F 74 65 63 68 32 00 2C 06 00 08 10 01 FF FF FF FF FF FF 31 AF 
2026/9/30 15:37:18.653 [RX] - 56 69 56 4F 74 65 63 68 32 00 2C 00 00 00 1C 9B  PT command (OK)

2026/9/30 15:37:18.653 [RX] - 00 00 00 00 00 00 00 00 00 00 00 00 00 00 00 00 00 00 00 00 00 00 00 00 00 00 00 00 00 00 00 00 00 00 00 00 00 00 00 00 00 00 00 00 00 00 00  ----- Write Block #16 -----
 i = 016

2026/9/30 15:37:18.692 [TX] - 56 69 56 4F 74 65 63 68 32 00 2C 08 00 12 31 10 00 00 00 00 00 00 00 00 00 00 00 00 00 00 00 00 11 2C 
2026/9/30 15:37:18.704 [RX] - 56 69 56 4F 74 65 63 68 32 00 2C 00 00 00 1C 9B  PT command (OK)

2026/9/30 15:37:18.704 [RX] - 00 00 00 00 00 00 00 00 00 00 00 00 00 00 00 00 00 00 00 00 00 00 00 00 00 00 00 00 00 00 00 00 00 00 00 00 00 00 00 00 00 00 00 00 00 00 00  ----- Write Block #17 -----
 i = 017

2026/9/30 15:37:18.734 [TX] - 56 69 56 4F 74 65 63 68 32 00 2C 08 00 12 31 11 00 00 00 00 00 00 00 00 00 00 00 00 00 00 00 00 01 CE 
2026/9/30 15:37:18.747 [RX] - 56 69 56 4F 74 65 63 68 32 00 2C 00 00 00 1C 9B  PT command (OK)

2026/9/30 15:37:18.747 [RX] - 00 00 00 00 00 00 00 00 00 00 00 00 00 00 00 00 00 00 00 00 00 00 00 00 00 00 00 00 00 00 00 00 00 00 00 00 00 00 00 00 00 00 00 00 00 00 00  ----- Write Block #18 -----
 i = 018

2026/9/30 15:37:18.782 [TX] - 56 69 56 4F 74 65 63 68 32 00 2C 08 00 12 31 12 00 00 00 00 00 00 00 00 00 00 00 00 00 00 00 00 30 E8 
2026/9/30 15:37:18.795 [RX] - 56 69 56 4F 74 65 63 68 32 00 2C 00 00 00 1C 9B  PT command (OK)

2026/9/30 15:37:18.795 [RX] - 00 00 00 00 00 00 00 00 00 00 00 00 00 00 00 00 00 00 00 00 00 00 00 00 00 00 00 00 00 00 00 00 00 00 00 00 00 00 00 00 00 00 00 00 00 00 00  ----- #19 was SKIPPED -----
 
Mifare auth - 20

2026/9/30 15:37:18.849 [TX] - 56 69 56 4F 74 65 63 68 32 00 2C 06 00 08 14 01 FF FF FF FF FF FF 3E C2 
2026/9/30 15:37:18.861 [RX] - 56 69 56 4F 74 65 63 68 32 00 2C 00 00 00 1C 9B  PT command (OK)

2026/9/30 15:37:18.861 [RX] - 00 00 00 00 00 00 00 00 00 00 00 00 00 00 00 00 00 00 00 00 00 00 00 00 00 00 00 00 00 00 00 00 00 00 00 00 00 00 00 00 00 00 00 00 00 00 00  ----- Write Block #20 -----
 i = 020

2026/9/30 15:37:18.887 [TX] - 56 69 56 4F 74 65 63 68 32 00 2C 08 00 12 31 14 00 00 00 00 00 00 00 00 00 00 00 00 00 00 00 00 52 A4 
2026/9/30 15:37:18.900 [RX] - 56 69 56 4F 74 65 63 68 32 00 2C 00 00 00 1C 9B  PT command (OK)

2026/9/30 15:37:18.900 [RX] - 00 00 00 00 00 00 00 00 00 00 00 00 00 00 00 00 00 00 00 00 00 00 00 00 00 00 00 00 00 00 00 00 00 00 00 00 00 00 00 00 00 00 00 00 00 00 00  ----- Write Block #21 -----
 i = 021

2026/9/30 15:37:18.941 [TX] - 56 69 56 4F 74 65 63 68 32 00 2C 08 00 12 31 15 00 00 00 00 00 00 00 00 00 00 00 00 00 00 00 00 42 46 
2026/9/30 15:37:18.954 [RX] - 56 69 56 4F 74 65 63 68 32 00 2C 00 00 00 1C 9B  PT command (OK)

2026/9/30 15:37:18.954 [RX] - 00 00 00 00 00 00 00 00 00 00 00 00 00 00 00 00 00 00 00 00 00 00 00 00 00 00 00 00 00 00 00 00 00 00 00 00 00 00 00 00 00 00 00 00 00 00 00  ----- Write Block #22 -----
 i = 022

2026/9/30 15:37:19.023 [TX] - 56 69 56 4F 74 65 63 68 32 00 2C 08 00 12 31 16 00 00 00 00 00 00 00 00 00 00 00 00 00 00 00 00 73 60 
2026/9/30 15:37:19.036 [RX] - 56 69 56 4F 74 65 63 68 32 00 2C 00 00 00 1C 9B  PT command (OK)

2026/9/30 15:37:19.036 [RX] - 00 00 00 00 00 00 00 00 00 00 00 00 00 00 00 00 00 00 00 00 00 00 00 00 00 00 00 00 00 00 00 00 00 00 00 00 00 00 00 00 00 00 00 00 00 00 00  ----- #23 was SKIPPED -----
 
Mifare auth - 24

2026/9/30 15:37:19.088 [TX] - 56 69 56 4F 74 65 63 68 32 00 2C 06 00 08 18 01 FF FF FF FF FF FF 2F 75 
2026/9/30 15:37:19.105 [RX] - 56 69 56 4F 74 65 63 68 32 00 2C 00 00 00 1C 9B  PT command (OK)

2026/9/30 15:37:19.105 [RX] - 00 00 00 00 00 00 00 00 00 00 00 00 00 00 00 00 00 00 00 00 00 00 00 00 00 00 00 00 00 00 00 00 00 00 00 00 00 00 00 00 00 00 00 00 00 00 00  ----- Write Block #24 -----
 i = 024

2026/9/30 15:37:19.144 [TX] - 56 69 56 4F 74 65 63 68 32 00 2C 08 00 12 31 18 00 00 00 00 00 00 00 00 00 00 00 00 00 00 00 00 96 3C 
2026/9/30 15:37:19.157 [RX] - 56 69 56 4F 74 65 63 68 32 00 2C 00 00 00 1C 9B  PT command (OK)

2026/9/30 15:37:19.157 [RX] - 00 00 00 00 00 00 00 00 00 00 00 00 00 00 00 00 00 00 00 00 00 00 00 00 00 00 00 00 00 00 00 00 00 00 00 00 00 00 00 00 00 00 00 00 00 00 00  ----- Write Block #25 -----
 i = 025

2026/9/30 15:37:19.193 [TX] - 56 69 56 4F 74 65 63 68 32 00 2C 08 00 12 31 19 00 00 00 00 00 00 00 00 00 00 00 00 00 00 00 00 86 DE 
2026/9/30 15:37:19.205 [RX] - 56 69 56 4F 74 65 63 68 32 00 2C 00 00 00 1C 9B  PT command (OK)

2026/9/30 15:37:19.205 [RX] - 00 00 00 00 00 00 00 00 00 00 00 00 00 00 00 00 00 00 00 00 00 00 00 00 00 00 00 00 00 00 00 00 00 00 00 00 00 00 00 00 00 00 00 00 00 00 00  ----- Write Block #26 -----
 i = 026

2026/9/30 15:37:19.245 [TX] - 56 69 56 4F 74 65 63 68 32 00 2C 08 00 12 31 1A 00 00 00 00 00 00 00 00 00 00 00 00 00 00 00 00 B7 F8 
2026/9/30 15:37:19.260 [RX] - 56 69 56 4F 74 65 63 68 32 00 2C 00 00 00 1C 9B  PT command (OK)

2026/9/30 15:37:19.260 [RX] - 00 00 00 00 00 00 00 00 00 00 00 00 00 00 00 00 00 00 00 00 00 00 00 00 00 00 00 00 00 00 00 00 00 00 00 00 00 00 00 00 00 00 00 00 00 00 00  ----- #27 was SKIPPED -----
 
Mifare auth - 28

2026/9/30 15:37:19.307 [TX] - 56 69 56 4F 74 65 63 68 32 00 2C 06 00 08 1C 01 FF FF FF FF FF FF 20 18 
2026/9/30 15:37:19.324 [RX] - 56 69 56 4F 74 65 63 68 32 00 2C 00 00 00 1C 9B  PT command (OK)

2026/9/30 15:37:19.324 [RX] - 00 00 00 00 00 00 00 00 00 00 00 00 00 00 00 00 00 00 00 00 00 00 00 00 00 00 00 00 00 00 00 00 00 00 00 00 00 00 00 00 00 00 00 00 00 00 00  ----- Write Block #28 -----
 i = 028

2026/9/30 15:37:19.373 [TX] - 56 69 56 4F 74 65 63 68 32 00 2C 08 00 12 31 1C 00 00 00 00 00 00 00 00 00 00 00 00 00 00 00 00 D5 B4 
2026/9/30 15:37:19.386 [RX] - 56 69 56 4F 74 65 63 68 32 00 2C 00 00 00 1C 9B  PT command (OK)

2026/9/30 15:37:19.386 [RX] - 00 00 00 00 00 00 00 00 00 00 00 00 00 00 00 00 00 00 00 00 00 00 00 00 00 00 00 00 00 00 00 00 00 00 00 00 00 00 00 00 00 00 00 00 00 00 00  ----- Write Block #29 -----
 i = 029

2026/9/30 15:37:19.415 [TX] - 56 69 56 4F 74 65 63 68 32 00 2C 08 00 12 31 1D 00 00 00 00 00 00 00 00 00 00 00 00 00 00 00 00 C5 56 
2026/9/30 15:37:19.428 [RX] - 56 69 56 4F 74 65 63 68 32 00 2C 00 00 00 1C 9B  PT command (OK)

2026/9/30 15:37:19.428 [RX] - 00 00 00 00 00 00 00 00 00 00 00 00 00 00 00 00 00 00 00 00 00 00 00 00 00 00 00 00 00 00 00 00 00 00 00 00 00 00 00 00 00 00 00 00 00 00 00  ----- Write Block #30 -----
 i = 030

2026/9/30 15:37:19.467 [TX] - 56 69 56 4F 74 65 63 68 32 00 2C 08 00 12 31 1E 00 00 00 00 00 00 00 00 00 00 00 00 00 00 00 00 F4 70 
2026/9/30 15:37:19.480 [RX] - 56 69 56 4F 74 65 63 68 32 00 2C 00 00 00 1C 9B  PT command (OK)

2026/9/30 15:37:19.480 [RX] - 00 00 00 00 00 00 00 00 00 00 00 00 00 00 00 00 00 00 00 00 00 00 00 00 00 00 00 00 00 00 00 00 00 00 00 00 00 00 00 00 00 00 00 00 00 00 00  ----- #31 was SKIPPED -----
 
Mifare auth - 32

2026/9/30 15:37:19.512 [TX] - 56 69 56 4F 74 65 63 68 32 00 2C 06 00 08 20 01 FF FF FF FF FF FF 77 73 
2026/9/30 15:37:19.526 [RX] - 56 69 56 4F 74 65 63 68 32 00 2C 00 00 00 1C 9B  PT command (OK)

2026/9/30 15:37:19.526 [RX] - 00 00 00 00 00 00 00 00 00 00 00 00 00 00 00 00 00 00 00 00 00 00 00 00 00 00 00 00 00 00 00 00 00 00 00 00 00 00 00 00 00 00 00 00 00 00 00  ----- Write Block #32 -----
 i = 032

2026/9/30 15:37:19.562 [TX] - 56 69 56 4F 74 65 63 68 32 00 2C 08 00 12 31 20 00 00 00 00 00 00 00 00 00 00 00 00 00 00 00 00 33 2F 
2026/9/30 15:37:19.574 [RX] - 56 69 56 4F 74 65 63 68 32 00 2C 00 00 00 1C 9B  PT command (OK)

2026/9/30 15:37:19.574 [RX] - 00 00 00 00 00 00 00 00 00 00 00 00 00 00 00 00 00 00 00 00 00 00 00 00 00 00 00 00 00 00 00 00 00 00 00 00 00 00 00 00 00 00 00 00 00 00 00  ----- Write Block #33 -----
 i = 033

2026/9/30 15:37:19.607 [TX] - 56 69 56 4F 74 65 63 68 32 00 2C 08 00 12 31 21 00 00 00 00 00 00 00 00 00 00 00 00 00 00 00 00 23 CD 
2026/9/30 15:37:19.621 [RX] - 56 69 56 4F 74 65 63 68 32 00 2C 00 00 00 1C 9B  PT command (OK)

2026/9/30 15:37:19.621 [RX] - 00 00 00 00 00 00 00 00 00 00 00 00 00 00 00 00 00 00 00 00 00 00 00 00 00 00 00 00 00 00 00 00 00 00 00 00 00 00 00 00 00 00 00 00 00 00 00  ----- Write Block #34 -----
 i = 034

2026/9/30 15:37:19.670 [TX] - 56 69 56 4F 74 65 63 68 32 00 2C 08 00 12 31 22 00 00 00 00 00 00 00 00 00 00 00 00 00 00 00 00 12 EB 
2026/9/30 15:37:19.683 [RX] - 56 69 56 4F 74 65 63 68 32 00 2C 00 00 00 1C 9B  PT command (OK)

2026/9/30 15:37:19.683 [RX] - 00 00 00 00 00 00 00 00 00 00 00 00 00 00 00 00 00 00 00 00 00 00 00 00 00 00 00 00 00 00 00 00 00 00 00 00 00 00 00 00 00 00 00 00 00 00 00  ----- #35 was SKIPPED -----
 
Mifare auth - 36

2026/9/30 15:37:19.730 [TX] - 56 69 56 4F 74 65 63 68 32 00 2C 06 00 08 24 01 FF FF FF FF FF FF 78 1E 
2026/9/30 15:37:19.746 [RX] - 56 69 56 4F 74 65 63 68 32 00 2C 00 00 00 1C 9B  PT command (OK)

2026/9/30 15:37:19.746 [RX] - 00 00 00 00 00 00 00 00 00 00 00 00 00 00 00 00 00 00 00 00 00 00 00 00 00 00 00 00 00 00 00 00 00 00 00 00 00 00 00 00 00 00 00 00 00 00 00  ----- Write Block #36 -----
 i = 036

2026/9/30 15:37:19.777 [TX] - 56 69 56 4F 74 65 63 68 32 00 2C 08 00 12 31 24 00 00 00 00 00 00 00 00 00 00 00 00 00 00 00 00 70 A7 
2026/9/30 15:37:19.793 [RX] - 56 69 56 4F 74 65 63 68 32 00 2C 00 00 00 1C 9B  PT command (OK)

2026/9/30 15:37:19.793 [RX] - 00 00 00 00 00 00 00 00 00 00 00 00 00 00 00 00 00 00 00 00 00 00 00 00 00 00 00 00 00 00 00 00 00 00 00 00 00 00 00 00 00 00 00 00 00 00 00  ----- Write Block #37 -----
 i = 037

2026/9/30 15:37:19.836 [TX] - 56 69 56 4F 74 65 63 68 32 00 2C 08 00 12 31 25 00 00 00 00 00 00 00 00 00 00 00 00 00 00 00 00 60 45 
2026/9/30 15:37:19.849 [RX] - 56 69 56 4F 74 65 63 68 32 00 2C 00 00 00 1C 9B  PT command (OK)

2026/9/30 15:37:19.849 [RX] - 00 00 00 00 00 00 00 00 00 00 00 00 00 00 00 00 00 00 00 00 00 00 00 00 00 00 00 00 00 00 00 00 00 00 00 00 00 00 00 00 00 00 00 00 00 00 00  ----- Write Block #38 -----
 i = 038

2026/9/30 15:37:19.877 [TX] - 56 69 56 4F 74 65 63 68 32 00 2C 08 00 12 31 26 00 00 00 00 00 00 00 00 00 00 00 00 00 00 00 00 51 63 
2026/9/30 15:37:19.890 [RX] - 56 69 56 4F 74 65 63 68 32 00 2C 00 00 00 1C 9B  PT command (OK)

2026/9/30 15:37:19.890 [RX] - 00 00 00 00 00 00 00 00 00 00 00 00 00 00 00 00 00 00 00 00 00 00 00 00 00 00 00 00 00 00 00 00 00 00 00 00 00 00 00 00 00 00 00 00 00 00 00  ----- #39 was SKIPPED -----
 
Mifare auth - 40

2026/9/30 15:37:19.930 [TX] - 56 69 56 4F 74 65 63 68 32 00 2C 06 00 08 28 01 FF FF FF FF FF FF 69 A9 
2026/9/30 15:37:19.942 [RX] - 56 69 56 4F 74 65 63 68 32 00 2C 00 00 00 1C 9B  PT command (OK)

2026/9/30 15:37:19.942 [RX] - 00 00 00 00 00 00 00 00 00 00 00 00 00 00 00 00 00 00 00 00 00 00 00 00 00 00 00 00 00 00 00 00 00 00 00 00 00 00 00 00 00 00 00 00 00 00 00  ----- Write Block #40 -----
 i = 040

2026/9/30 15:37:19.984 [TX] - 56 69 56 4F 74 65 63 68 32 00 2C 08 00 12 31 28 00 00 00 00 00 00 00 00 00 00 00 00 00 00 00 00 B4 3F 
2026/9/30 15:37:19.997 [RX] - 56 69 56 4F 74 65 63 68 32 00 2C 00 00 00 1C 9B  PT command (OK)

2026/9/30 15:37:19.997 [RX] - 00 00 00 00 00 00 00 00 00 00 00 00 00 00 00 00 00 00 00 00 00 00 00 00 00 00 00 00 00 00 00 00 00 00 00 00 00 00 00 00 00 00 00 00 00 00 00  ----- Write Block #41 -----
 i = 041

2026/9/30 15:37:20.064 [TX] - 56 69 56 4F 74 65 63 68 32 00 2C 08 00 12 31 29 00 00 00 00 00 00 00 00 00 00 00 00 00 00 00 00 A4 DD 
2026/9/30 15:37:20.077 [RX] - 56 69 56 4F 74 65 63 68 32 00 2C 00 00 00 1C 9B  PT command (OK)

2026/9/30 15:37:20.077 [RX] - 00 00 00 00 00 00 00 00 00 00 00 00 00 00 00 00 00 00 00 00 00 00 00 00 00 00 00 00 00 00 00 00 00 00 00 00 00 00 00 00 00 00 00 00 00 00 00  ----- Write Block #42 -----
 i = 042

2026/9/30 15:37:20.115 [TX] - 56 69 56 4F 74 65 63 68 32 00 2C 08 00 12 31 2A 00 00 00 00 00 00 00 00 00 00 00 00 00 00 00 00 95 FB 
2026/9/30 15:37:20.128 [RX] - 56 69 56 4F 74 65 63 68 32 00 2C 00 00 00 1C 9B  PT command (OK)

2026/9/30 15:37:20.128 [RX] - 00 00 00 00 00 00 00 00 00 00 00 00 00 00 00 00 00 00 00 00 00 00 00 00 00 00 00 00 00 00 00 00 00 00 00 00 00 00 00 00 00 00 00 00 00 00 00  ----- #43 was SKIPPED -----
 
Mifare auth - 44

2026/9/30 15:37:20.161 [TX] - 56 69 56 4F 74 65 63 68 32 00 2C 06 00 08 2C 01 FF FF FF FF FF FF 66 C4 
2026/9/30 15:37:20.173 [RX] - 56 69 56 4F 74 65 63 68 32 00 2C 00 00 00 1C 9B  PT command (OK)

2026/9/30 15:37:20.173 [RX] - 00 00 00 00 00 00 00 00 00 00 00 00 00 00 00 00 00 00 00 00 00 00 00 00 00 00 00 00 00 00 00 00 00 00 00 00 00 00 00 00 00 00 00 00 00 00 00  ----- Write Block #44 -----
 i = 044

2026/9/30 15:37:20.209 [TX] - 56 69 56 4F 74 65 63 68 32 00 2C 08 00 12 31 2C 00 00 00 00 00 00 00 00 00 00 00 00 00 00 00 00 F7 B7 
2026/9/30 15:37:20.222 [RX] - 56 69 56 4F 74 65 63 68 32 00 2C 00 00 00 1C 9B  PT command (OK)

2026/9/30 15:37:20.222 [RX] - 00 00 00 00 00 00 00 00 00 00 00 00 00 00 00 00 00 00 00 00 00 00 00 00 00 00 00 00 00 00 00 00 00 00 00 00 00 00 00 00 00 00 00 00 00 00 00  ----- Write Block #45 -----
 i = 045

2026/9/30 15:37:20.263 [TX] - 56 69 56 4F 74 65 63 68 32 00 2C 08 00 12 31 2D 00 00 00 00 00 00 00 00 00 00 00 00 00 00 00 00 E7 55 
2026/9/30 15:37:20.276 [RX] - 56 69 56 4F 74 65 63 68 32 00 2C 00 00 00 1C 9B  PT command (OK)

2026/9/30 15:37:20.276 [RX] - 00 00 00 00 00 00 00 00 00 00 00 00 00 00 00 00 00 00 00 00 00 00 00 00 00 00 00 00 00 00 00 00 00 00 00 00 00 00 00 00 00 00 00 00 00 00 00  ----- Write Block #46 -----
 i = 046

2026/9/30 15:37:20.301 [TX] - 56 69 56 4F 74 65 63 68 32 00 2C 08 00 12 31 2E 00 00 00 00 00 00 00 00 00 00 00 00 00 00 00 00 D6 73 
2026/9/30 15:37:20.314 [RX] - 56 69 56 4F 74 65 63 68 32 00 2C 00 00 00 1C 9B  PT command (OK)

2026/9/30 15:37:20.314 [RX] - 00 00 00 00 00 00 00 00 00 00 00 00 00 00 00 00 00 00 00 00 00 00 00 00 00 00 00 00 00 00 00 00 00 00 00 00 00 00 00 00 00 00 00 00 00 00 00  ----- #47 was SKIPPED -----
 
Mifare auth - 48

2026/9/30 15:37:20.339 [TX] - 56 69 56 4F 74 65 63 68 32 00 2C 06 00 08 30 01 FF FF FF FF FF FF 4A C7 
2026/9/30 15:37:20.352 [RX] - 56 69 56 4F 74 65 63 68 32 00 2C 00 00 00 1C 9B  PT command (OK)

2026/9/30 15:37:20.352 [RX] - 00 00 00 00 00 00 00 00 00 00 00 00 00 00 00 00 00 00 00 00 00 00 00 00 00 00 00 00 00 00 00 00 00 00 00 00 00 00 00 00 00 00 00 00 00 00 00  ----- Write Block #48 -----
 i = 048

2026/9/30 15:37:20.381 [TX] - 56 69 56 4F 74 65 63 68 32 00 2C 08 00 12 31 30 00 00 00 00 00 00 00 00 00 00 00 00 00 00 00 00 2D 2E 
2026/9/30 15:37:20.393 [RX] - 56 69 56 4F 74 65 63 68 32 00 2C 00 00 00 1C 9B  PT command (OK)

2026/9/30 15:37:20.393 [RX] - 00 00 00 00 00 00 00 00 00 00 00 00 00 00 00 00 00 00 00 00 00 00 00 00 00 00 00 00 00 00 00 00 00 00 00 00 00 00 00 00 00 00 00 00 00 00 00  ----- Write Block #49 -----
 i = 049

2026/9/30 15:37:20.418 [TX] - 56 69 56 4F 74 65 63 68 32 00 2C 08 00 12 31 31 00 00 00 00 00 00 00 00 00 00 00 00 00 00 00 00 3D CC 
2026/9/30 15:37:20.431 [RX] - 56 69 56 4F 74 65 63 68 32 00 2C 00 00 00 1C 9B  PT command (OK)

2026/9/30 15:37:20.431 [RX] - 00 00 00 00 00 00 00 00 00 00 00 00 00 00 00 00 00 00 00 00 00 00 00 00 00 00 00 00 00 00 00 00 00 00 00 00 00 00 00 00 00 00 00 00 00 00 00  ----- Write Block #50 -----
 i = 050

2026/9/30 15:37:20.471 [TX] - 56 69 56 4F 74 65 63 68 32 00 2C 08 00 12 31 32 00 00 00 00 00 00 00 00 00 00 00 00 00 00 00 00 0C EA 
2026/9/30 15:37:20.484 [RX] - 56 69 56 4F 74 65 63 68 32 00 2C 00 00 00 1C 9B  PT command (OK)

2026/9/30 15:37:20.484 [RX] - 00 00 00 00 00 00 00 00 00 00 00 00 00 00 00 00 00 00 00 00 00 00 00 00 00 00 00 00 00 00 00 00 00 00 00 00 00 00 00 00 00 00 00 00 00 00 00  ----- #51 was SKIPPED -----
 
Mifare auth - 52

2026/9/30 15:37:20.517 [TX] - 56 69 56 4F 74 65 63 68 32 00 2C 06 00 08 34 01 FF FF FF FF FF FF 45 AA 
2026/9/30 15:37:20.528 [RX] - 56 69 56 4F 74 65 63 68 32 00 2C 00 00 00 1C 9B  PT command (OK)

2026/9/30 15:37:20.528 [RX] - 00 00 00 00 00 00 00 00 00 00 00 00 00 00 00 00 00 00 00 00 00 00 00 00 00 00 00 00 00 00 00 00 00 00 00 00 00 00 00 00 00 00 00 00 00 00 00  ----- Write Block #52 -----
 i = 052

2026/9/30 15:37:20.568 [TX] - 56 69 56 4F 74 65 63 68 32 00 2C 08 00 12 31 34 00 00 00 00 00 00 00 00 00 00 00 00 00 00 00 00 6E A6 
2026/9/30 15:37:20.580 [RX] - 56 69 56 4F 74 65 63 68 32 00 2C 00 00 00 1C 9B  PT command (OK)

2026/9/30 15:37:20.580 [RX] - 00 00 00 00 00 00 00 00 00 00 00 00 00 00 00 00 00 00 00 00 00 00 00 00 00 00 00 00 00 00 00 00 00 00 00 00 00 00 00 00 00 00 00 00 00 00 00  ----- Write Block #53 -----
 i = 053

2026/9/30 15:37:20.614 [TX] - 56 69 56 4F 74 65 63 68 32 00 2C 08 00 12 31 35 00 00 00 00 00 00 00 00 00 00 00 00 00 00 00 00 7E 44 
2026/9/30 15:37:20.627 [RX] - 56 69 56 4F 74 65 63 68 32 00 2C 00 00 00 1C 9B  PT command (OK)

2026/9/30 15:37:20.627 [RX] - 00 00 00 00 00 00 00 00 00 00 00 00 00 00 00 00 00 00 00 00 00 00 00 00 00 00 00 00 00 00 00 00 00 00 00 00 00 00 00 00 00 00 00 00 00 00 00  ----- Write Block #54 -----
 i = 054

2026/9/30 15:37:20.671 [TX] - 56 69 56 4F 74 65 63 68 32 00 2C 08 00 12 31 36 00 00 00 00 00 00 00 00 00 00 00 00 00 00 00 00 4F 62 
2026/9/30 15:37:20.683 [RX] - 56 69 56 4F 74 65 63 68 32 00 2C 00 00 00 1C 9B  PT command (OK)

2026/9/30 15:37:20.683 [RX] - 00 00 00 00 00 00 00 00 00 00 00 00 00 00 00 00 00 00 00 00 00 00 00 00 00 00 00 00 00 00 00 00 00 00 00 00 00 00 00 00 00 00 00 00 00 00 00  ----- #55 was SKIPPED -----
 
Mifare auth - 56

2026/9/30 15:37:20.718 [TX] - 56 69 56 4F 74 65 63 68 32 00 2C 06 00 08 38 01 FF FF FF FF FF FF 54 1D 
2026/9/30 15:37:20.730 [RX] - 56 69 56 4F 74 65 63 68 32 00 2C 00 00 00 1C 9B  PT command (OK)

2026/9/30 15:37:20.730 [RX] - 00 00 00 00 00 00 00 00 00 00 00 00 00 00 00 00 00 00 00 00 00 00 00 00 00 00 00 00 00 00 00 00 00 00 00 00 00 00 00 00 00 00 00 00 00 00 00  ----- Write Block #56 -----
 i = 056

2026/9/30 15:37:20.771 [TX] - 56 69 56 4F 74 65 63 68 32 00 2C 08 00 12 31 38 00 00 00 00 00 00 00 00 00 00 00 00 00 00 00 00 AA 3E 
2026/9/30 15:37:20.784 [RX] - 56 69 56 4F 74 65 63 68 32 00 2C 00 00 00 1C 9B  PT command (OK)

2026/9/30 15:37:20.784 [RX] - 00 00 00 00 00 00 00 00 00 00 00 00 00 00 00 00 00 00 00 00 00 00 00 00 00 00 00 00 00 00 00 00 00 00 00 00 00 00 00 00 00 00 00 00 00 00 00  ----- Write Block #57 -----
 i = 057

2026/9/30 15:37:20.816 [TX] - 56 69 56 4F 74 65 63 68 32 00 2C 08 00 12 31 39 00 00 00 00 00 00 00 00 00 00 00 00 00 00 00 00 BA DC 
2026/9/30 15:37:20.829 [RX] - 56 69 56 4F 74 65 63 68 32 00 2C 00 00 00 1C 9B  PT command (OK)

2026/9/30 15:37:20.829 [RX] - 00 00 00 00 00 00 00 00 00 00 00 00 00 00 00 00 00 00 00 00 00 00 00 00 00 00 00 00 00 00 00 00 00 00 00 00 00 00 00 00 00 00 00 00 00 00 00  ----- Write Block #58 -----
 i = 058

2026/9/30 15:37:20.861 [TX] - 56 69 56 4F 74 65 63 68 32 00 2C 08 00 12 31 3A 00 00 00 00 00 00 00 00 00 00 00 00 00 00 00 00 8B FA 
2026/9/30 15:37:20.874 [RX] - 56 69 56 4F 74 65 63 68 32 00 2C 00 00 00 1C 9B  PT command (OK)

2026/9/30 15:37:20.874 [RX] - 00 00 00 00 00 00 00 00 00 00 00 00 00 00 00 00 00 00 00 00 00 00 00 00 00 00 00 00 00 00 00 00 00 00 00 00 00 00 00 00 00 00 00 00 00 00 00  ----- #59 was SKIPPED -----
 
Mifare auth - 60

2026/9/30 15:37:20.911 [TX] - 56 69 56 4F 74 65 63 68 32 00 2C 06 00 08 3C 01 FF FF FF FF FF FF 5B 70 
2026/9/30 15:37:20.923 [RX] - 56 69 56 4F 74 65 63 68 32 00 2C 00 00 00 1C 9B  PT command (OK)

2026/9/30 15:37:20.923 [RX] - 00 00 00 00 00 00 00 00 00 00 00 00 00 00 00 00 00 00 00 00 00 00 00 00 00 00 00 00 00 00 00 00 00 00 00 00 00 00 00 00 00 00 00 00 00 00 00  ----- Write Block #60 -----
 i = 060

2026/9/30 15:37:20.951 [TX] - 56 69 56 4F 74 65 63 68 32 00 2C 08 00 12 31 3C 00 00 00 00 00 00 00 00 00 00 00 00 00 00 00 00 E9 B6 
2026/9/30 15:37:20.964 [RX] - 56 69 56 4F 74 65 63 68 32 00 2C 00 00 00 1C 9B  PT command (OK)

2026/9/30 15:37:20.964 [RX] - 00 00 00 00 00 00 00 00 00 00 00 00 00 00 00 00 00 00 00 00 00 00 00 00 00 00 00 00 00 00 00 00 00 00 00 00 00 00 00 00 00 00 00 00 00 00 00  ----- Write Block #61 -----
 i = 061

2026/9/30 15:37:20.996 [TX] - 56 69 56 4F 74 65 63 68 32 00 2C 08 00 12 31 3D 00 00 00 00 00 00 00 00 00 00 00 00 00 00 00 00 F9 54 
2026/9/30 15:37:21.009 [RX] - 56 69 56 4F 74 65 63 68 32 00 2C 00 00 00 1C 9B  PT command (OK)

2026/9/30 15:37:21.009 [RX] - 00 00 00 00 00 00 00 00 00 00 00 00 00 00 00 00 00 00 00 00 00 00 00 00 00 00 00 00 00 00 00 00 00 00 00 00 00 00 00 00 00 00 00 00 00 00 00  ----- Write Block #62 -----
 i = 062

2026/9/30 15:37:21.035 [TX] - 56 69 56 4F 74 65 63 68 32 00 2C 08 00 12 31 3E 00 00 00 00 00 00 00 00 00 00 00 00 00 00 00 00 C8 72 
2026/9/30 15:37:21.048 [RX] - 56 69 56 4F 74 65 63 68 32 00 2C 00 00 00 1C 9B  PT command (OK)

2026/9/30 15:37:21.048 [RX] - 00 00 00 00 00 00 00 00 00 00 00 00 00 00 00 00 00 00 00 00 00 00 00 00 00 00 00 00 00 00 00 00 00 00 00 00 00 00 00 00 00 00 00 00 00 00 00  ----- #63 was SKIPPED -----
 
Mifare auth - 64

2026/9/30 15:37:21.080 [TX] - 56 69 56 4F 74 65 63 68 32 00 2C 06 00 08 40 01 FF FF FF FF FF FF FA CB 
2026/9/30 15:37:21.092 [RX] - 56 69 56 4F 74 65 63 68 32 00 2C 00 00 00 1C 9B  PT command (OK)

2026/9/30 15:37:21.092 [RX] - 00 00 00 00 00 00 00 00 00 00 00 00 00 00 00 00 00 00 00 00 00 00 00 00 00 00 00 00 00 00 00 00 00 00 00 00 00 00 00 00 00 00 00 00 00 00 00  ----- Write Block #64 -----
 i = 064

2026/9/30 15:37:21.125 [TX] - 56 69 56 4F 74 65 63 68 32 00 2C 08 00 12 31 40 00 00 00 00 00 00 00 00 00 00 00 00 00 00 00 00 77 29 
2026/9/30 15:37:21.137 [RX] - 56 69 56 4F 74 65 63 68 32 00 2C 00 00 00 1C 9B  PT command (OK)

2026/9/30 15:37:21.137 [RX] - 00 00 00 00 00 00 00 00 00 00 00 00 00 00 00 00 00 00 00 00 00 00 00 00 00 00 00 00 00 00 00 00 00 00 00 00 00 00 00 00 00 00 00 00 00 00 00  ----- Write Block #65 -----
 i = 065

2026/9/30 15:37:21.166 [TX] - 56 69 56 4F 74 65 63 68 32 00 2C 08 00 12 31 41 00 00 00 00 00 00 00 00 00 00 00 00 00 00 00 00 67 CB 
2026/9/30 15:37:21.179 [RX] - 56 69 56 4F 74 65 63 68 32 00 2C 00 00 00 1C 9B  PT command (OK)

2026/9/30 15:37:21.179 [RX] - 00 00 00 00 00 00 00 00 00 00 00 00 00 00 00 00 00 00 00 00 00 00 00 00 00 00 00 00 00 00 00 00 00 00 00 00 00 00 00 00 00 00 00 00 00 00 00  ----- Write Block #66 -----
 i = 066

2026/9/30 15:37:21.203 [TX] - 56 69 56 4F 74 65 63 68 32 00 2C 08 00 12 31 42 00 00 00 00 00 00 00 00 00 00 00 00 00 00 00 00 56 ED 
2026/9/30 15:37:21.215 [RX] - 56 69 56 4F 74 65 63 68 32 00 2C 00 00 00 1C 9B  PT command (OK)

2026/9/30 15:37:21.215 [RX] - 00 00 00 00 00 00 00 00 00 00 00 00 00 00 00 00 00 00 00 00 00 00 00 00 00 00 00 00 00 00 00 00 00 00 00 00 00 00 00 00 00 00 00 00 00 00 00  ----- #67 was SKIPPED -----
 
Mifare auth - 68

2026/9/30 15:37:21.244 [TX] - 56 69 56 4F 74 65 63 68 32 00 2C 06 00 08 44 01 FF FF FF FF FF FF F5 A6 
2026/9/30 15:37:21.256 [RX] - 56 69 56 4F 74 65 63 68 32 00 2C 00 00 00 1C 9B  PT command (OK)

2026/9/30 15:37:21.256 [RX] - 00 00 00 00 00 00 00 00 00 00 00 00 00 00 00 00 00 00 00 00 00 00 00 00 00 00 00 00 00 00 00 00 00 00 00 00 00 00 00 00 00 00 00 00 00 00 00  ----- Write Block #68 -----
 i = 068

2026/9/30 15:37:21.314 [TX] - 56 69 56 4F 74 65 63 68 32 00 2C 08 00 12 31 44 00 00 00 00 00 00 00 00 00 00 00 00 00 00 00 00 34 A1 
2026/9/30 15:37:21.326 [RX] - 56 69 56 4F 74 65 63 68 32 00 2C 00 00 00 1C 9B  PT command (OK)

2026/9/30 15:37:21.326 [RX] - 00 00 00 00 00 00 00 00 00 00 00 00 00 00 00 00 00 00 00 00 00 00 00 00 00 00 00 00 00 00 00 00 00 00 00 00 00 00 00 00 00 00 00 00 00 00 00  ----- Write Block #69 -----
 i = 069

2026/9/30 15:37:21.383 [TX] - 56 69 56 4F 74 65 63 68 32 00 2C 08 00 12 31 45 00 00 00 00 00 00 00 00 00 00 00 00 00 00 00 00 24 43 
2026/9/30 15:37:21.397 [RX] - 56 69 56 4F 74 65 63 68 32 00 2C 00 00 00 1C 9B  PT command (OK)

2026/9/30 15:37:21.397 [RX] - 00 00 00 00 00 00 00 00 00 00 00 00 00 00 00 00 00 00 00 00 00 00 00 00 00 00 00 00 00 00 00 00 00 00 00 00 00 00 00 00 00 00 00 00 00 00 00  ----- Write Block #70 -----
 i = 070

2026/9/30 15:37:21.466 [TX] - 56 69 56 4F 74 65 63 68 32 00 2C 08 00 12 31 46 00 00 00 00 00 00 00 00 00 00 00 00 00 00 00 00 15 65 
2026/9/30 15:37:21.481 [RX] - 56 69 56 4F 74 65 63 68 32 00 2C 00 00 00 1C 9B  PT command (OK)

2026/9/30 15:37:21.481 [RX] - 00 00 00 00 00 00 00 00 00 00 00 00 00 00 00 00 00 00 00 00 00 00 00 00 00 00 00 00 00 00 00 00 00 00 00 00 00 00 00 00 00 00 00 00 00 00 00  ----- #71 was SKIPPED -----
 
Mifare auth - 72

2026/9/30 15:37:21.551 [TX] - 56 69 56 4F 74 65 63 68 32 00 2C 06 00 08 48 01 FF FF FF FF FF FF E4 11 
2026/9/30 15:37:21.564 [RX] - 56 69 56 4F 74 65 63 68 32 00 2C 00 00 00 1C 9B  PT command (OK)

2026/9/30 15:37:21.564 [RX] - 00 00 00 00 00 00 00 00 00 00 00 00 00 00 00 00 00 00 00 00 00 00 00 00 00 00 00 00 00 00 00 00 00 00 00 00 00 00 00 00 00 00 00 00 00 00 00  ----- Write Block #72 -----
 i = 072

2026/9/30 15:37:21.626 [TX] - 56 69 56 4F 74 65 63 68 32 00 2C 08 00 12 31 48 00 00 00 00 00 00 00 00 00 00 00 00 00 00 00 00 F0 39 
2026/9/30 15:37:21.642 [RX] - 56 69 56 4F 74 65 63 68 32 00 2C 00 00 00 1C 9B  PT command (OK)

2026/9/30 15:37:21.642 [RX] - 00 00 00 00 00 00 00 00 00 00 00 00 00 00 00 00 00 00 00 00 00 00 00 00 00 00 00 00 00 00 00 00 00 00 00 00 00 00 00 00 00 00 00 00 00 00 00  ----- Write Block #73 -----
 i = 073

2026/9/30 15:37:21.684 [TX] - 56 69 56 4F 74 65 63 68 32 00 2C 08 00 12 31 49 00 00 00 00 00 00 00 00 00 00 00 00 00 00 00 00 E0 DB 
2026/9/30 15:37:21.696 [RX] - 56 69 56 4F 74 65 63 68 32 00 2C 00 00 00 1C 9B  PT command (OK)

2026/9/30 15:37:21.696 [RX] - 00 00 00 00 00 00 00 00 00 00 00 00 00 00 00 00 00 00 00 00 00 00 00 00 00 00 00 00 00 00 00 00 00 00 00 00 00 00 00 00 00 00 00 00 00 00 00  ----- Write Block #74 -----
 i = 074

2026/9/30 15:37:21.736 [TX] - 56 69 56 4F 74 65 63 68 32 00 2C 08 00 12 31 4A 00 00 00 00 00 00 00 00 00 00 00 00 00 00 00 00 D1 FD 
2026/9/30 15:37:21.751 [RX] - 56 69 56 4F 74 65 63 68 32 00 2C 00 00 00 1C 9B  PT command (OK)

2026/9/30 15:37:21.751 [RX] - 00 00 00 00 00 00 00 00 00 00 00 00 00 00 00 00 00 00 00 00 00 00 00 00 00 00 00 00 00 00 00 00 00 00 00 00 00 00 00 00 00 00 00 00 00 00 00  ----- #75 was SKIPPED -----
 
Mifare auth - 76

2026/9/30 15:37:21.792 [TX] - 56 69 56 4F 74 65 63 68 32 00 2C 06 00 08 4C 01 FF FF FF FF FF FF EB 7C 
2026/9/30 15:37:21.804 [RX] - 56 69 56 4F 74 65 63 68 32 00 2C 00 00 00 1C 9B  PT command (OK)

2026/9/30 15:37:21.804 [RX] - 00 00 00 00 00 00 00 00 00 00 00 00 00 00 00 00 00 00 00 00 00 00 00 00 00 00 00 00 00 00 00 00 00 00 00 00 00 00 00 00 00 00 00 00 00 00 00  ----- Write Block #76 -----
 i = 076

2026/9/30 15:37:21.852 [TX] - 56 69 56 4F 74 65 63 68 32 00 2C 08 00 12 31 4C 00 00 00 00 00 00 00 00 00 00 00 00 00 00 00 00 B3 B1 
2026/9/30 15:37:21.865 [RX] - 56 69 56 4F 74 65 63 68 32 00 2C 00 00 00 1C 9B  PT command (OK)

2026/9/30 15:37:21.865 [RX] - 00 00 00 00 00 00 00 00 00 00 00 00 00 00 00 00 00 00 00 00 00 00 00 00 00 00 00 00 00 00 00 00 00 00 00 00 00 00 00 00 00 00 00 00 00 00 00  ----- Write Block #77 -----
 i = 077

2026/9/30 15:37:21.908 [TX] - 56 69 56 4F 74 65 63 68 32 00 2C 08 00 12 31 4D 00 00 00 00 00 00 00 00 00 00 00 00 00 00 00 00 A3 53 
2026/9/30 15:37:21.922 [RX] - 56 69 56 4F 74 65 63 68 32 00 2C 00 00 00 1C 9B  PT command (OK)

2026/9/30 15:37:21.922 [RX] - 00 00 00 00 00 00 00 00 00 00 00 00 00 00 00 00 00 00 00 00 00 00 00 00 00 00 00 00 00 00 00 00 00 00 00 00 00 00 00 00 00 00 00 00 00 00 00  ----- Write Block #78 -----
 i = 078

2026/9/30 15:37:21.948 [TX] - 56 69 56 4F 74 65 63 68 32 00 2C 08 00 12 31 4E 00 00 00 00 00 00 00 00 00 00 00 00 00 00 00 00 92 75 
2026/9/30 15:37:21.961 [RX] - 56 69 56 4F 74 65 63 68 32 00 2C 00 00 00 1C 9B  PT command (OK)

2026/9/30 15:37:21.961 [RX] - 00 00 00 00 00 00 00 00 00 00 00 00 00 00 00 00 00 00 00 00 00 00 00 00 00 00 00 00 00 00 00 00 00 00 00 00 00 00 00 00 00 00 00 00 00 00 00  ----- #79 was SKIPPED -----
 
Mifare auth - 80

2026/9/30 15:37:21.998 [TX] - 56 69 56 4F 74 65 63 68 32 00 2C 06 00 08 50 01 FF FF FF FF FF FF C7 7F 
2026/9/30 15:37:22.009 [RX] - 56 69 56 4F 74 65 63 68 32 00 2C 00 00 00 1C 9B  PT command (OK)

2026/9/30 15:37:22.009 [RX] - 00 00 00 00 00 00 00 00 00 00 00 00 00 00 00 00 00 00 00 00 00 00 00 00 00 00 00 00 00 00 00 00 00 00 00 00 00 00 00 00 00 00 00 00 00 00 00  ----- Write Block #80 -----
 i = 080

2026/9/30 15:37:22.049 [TX] - 56 69 56 4F 74 65 63 68 32 00 2C 08 00 12 31 50 00 00 00 00 00 00 00 00 00 00 00 00 00 00 00 00 69 28 
2026/9/30 15:37:22.062 [RX] - 56 69 56 4F 74 65 63 68 32 00 2C 00 00 00 1C 9B  PT command (OK)

2026/9/30 15:37:22.062 [RX] - 00 00 00 00 00 00 00 00 00 00 00 00 00 00 00 00 00 00 00 00 00 00 00 00 00 00 00 00 00 00 00 00 00 00 00 00 00 00 00 00 00 00 00 00 00 00 00  ----- Write Block #81 -----
 i = 081

2026/9/30 15:37:22.095 [TX] - 56 69 56 4F 74 65 63 68 32 00 2C 08 00 12 31 51 00 00 00 00 00 00 00 00 00 00 00 00 00 00 00 00 79 CA 
2026/9/30 15:37:22.109 [RX] - 56 69 56 4F 74 65 63 68 32 00 2C 00 00 00 1C 9B  PT command (OK)

2026/9/30 15:37:22.109 [RX] - 00 00 00 00 00 00 00 00 00 00 00 00 00 00 00 00 00 00 00 00 00 00 00 00 00 00 00 00 00 00 00 00 00 00 00 00 00 00 00 00 00 00 00 00 00 00 00  ----- Write Block #82 -----
 i = 082

2026/9/30 15:37:22.142 [TX] - 56 69 56 4F 74 65 63 68 32 00 2C 08 00 12 31 52 00 00 00 00 00 00 00 00 00 00 00 00 00 00 00 00 48 EC 
2026/9/30 15:37:22.155 [RX] - 56 69 56 4F 74 65 63 68 32 00 2C 00 00 00 1C 9B  PT command (OK)

2026/9/30 15:37:22.155 [RX] - 00 00 00 00 00 00 00 00 00 00 00 00 00 00 00 00 00 00 00 00 00 00 00 00 00 00 00 00 00 00 00 00 00 00 00 00 00 00 00 00 00 00 00 00 00 00 00  ----- #83 was SKIPPED -----
 
Mifare auth - 84

2026/9/30 15:37:22.196 [TX] - 56 69 56 4F 74 65 63 68 32 00 2C 06 00 08 54 01 FF FF FF FF FF FF C8 12 
2026/9/30 15:37:22.207 [RX] - 56 69 56 4F 74 65 63 68 32 00 2C 00 00 00 1C 9B  PT command (OK)

2026/9/30 15:37:22.207 [RX] - 00 00 00 00 00 00 00 00 00 00 00 00 00 00 00 00 00 00 00 00 00 00 00 00 00 00 00 00 00 00 00 00 00 00 00 00 00 00 00 00 00 00 00 00 00 00 00  ----- Write Block #84 -----
 i = 084

2026/9/30 15:37:22.245 [TX] - 56 69 56 4F 74 65 63 68 32 00 2C 08 00 12 31 54 00 00 00 00 00 00 00 00 00 00 00 00 00 00 00 00 2A A0 
2026/9/30 15:37:22.258 [RX] - 56 69 56 4F 74 65 63 68 32 00 2C 00 00 00 1C 9B  PT command (OK)

2026/9/30 15:37:22.258 [RX] - 00 00 00 00 00 00 00 00 00 00 00 00 00 00 00 00 00 00 00 00 00 00 00 00 00 00 00 00 00 00 00 00 00 00 00 00 00 00 00 00 00 00 00 00 00 00 00  ----- Write Block #85 -----
 i = 085

2026/9/30 15:37:22.292 [TX] - 56 69 56 4F 74 65 63 68 32 00 2C 08 00 12 31 55 00 00 00 00 00 00 00 00 00 00 00 00 00 00 00 00 3A 42 
2026/9/30 15:37:22.305 [RX] - 56 69 56 4F 74 65 63 68 32 00 2C 00 00 00 1C 9B  PT command (OK)

2026/9/30 15:37:22.305 [RX] - 00 00 00 00 00 00 00 00 00 00 00 00 00 00 00 00 00 00 00 00 00 00 00 00 00 00 00 00 00 00 00 00 00 00 00 00 00 00 00 00 00 00 00 00 00 00 00  ----- Write Block #86 -----
 i = 086

2026/9/30 15:37:22.347 [TX] - 56 69 56 4F 74 65 63 68 32 00 2C 08 00 12 31 56 00 00 00 00 00 00 00 00 00 00 00 00 00 00 00 00 0B 64 
2026/9/30 15:37:22.360 [RX] - 56 69 56 4F 74 65 63 68 32 00 2C 00 00 00 1C 9B  PT command (OK)

2026/9/30 15:37:22.360 [RX] - 00 00 00 00 00 00 00 00 00 00 00 00 00 00 00 00 00 00 00 00 00 00 00 00 00 00 00 00 00 00 00 00 00 00 00 00 00 00 00 00 00 00 00 00 00 00 00  ----- #87 was SKIPPED -----
 
Mifare auth - 88

2026/9/30 15:37:22.400 [TX] - 56 69 56 4F 74 65 63 68 32 00 2C 06 00 08 58 01 FF FF FF FF FF FF D9 A5 
2026/9/30 15:37:22.412 [RX] - 56 69 56 4F 74 65 63 68 32 00 2C 00 00 00 1C 9B  PT command (OK)

2026/9/30 15:37:22.412 [RX] - 00 00 00 00 00 00 00 00 00 00 00 00 00 00 00 00 00 00 00 00 00 00 00 00 00 00 00 00 00 00 00 00 00 00 00 00 00 00 00 00 00 00 00 00 00 00 00  ----- Write Block #88 -----
 i = 088

2026/9/30 15:37:22.443 [TX] - 56 69 56 4F 74 65 63 68 32 00 2C 08 00 12 31 58 00 00 00 00 00 00 00 00 00 00 00 00 00 00 00 00 EE 38 
2026/9/30 15:37:22.456 [RX] - 56 69 56 4F 74 65 63 68 32 00 2C 00 00 00 1C 9B  PT command (OK)

2026/9/30 15:37:22.456 [RX] - 00 00 00 00 00 00 00 00 00 00 00 00 00 00 00 00 00 00 00 00 00 00 00 00 00 00 00 00 00 00 00 00 00 00 00 00 00 00 00 00 00 00 00 00 00 00 00  ----- Write Block #89 -----
 i = 089

2026/9/30 15:37:22.517 [TX] - 56 69 56 4F 74 65 63 68 32 00 2C 08 00 12 31 59 00 00 00 00 00 00 00 00 00 00 00 00 00 00 00 00 FE DA 
2026/9/30 15:37:22.531 [RX] - 56 69 56 4F 74 65 63 68 32 00 2C 00 00 00 1C 9B  PT command (OK)

2026/9/30 15:37:22.531 [RX] - 00 00 00 00 00 00 00 00 00 00 00 00 00 00 00 00 00 00 00 00 00 00 00 00 00 00 00 00 00 00 00 00 00 00 00 00 00 00 00 00 00 00 00 00 00 00 00  ----- Write Block #90 -----
 i = 090

2026/9/30 15:37:22.570 [TX] - 56 69 56 4F 74 65 63 68 32 00 2C 08 00 12 31 5A 00 00 00 00 00 00 00 00 00 00 00 00 00 00 00 00 CF FC 
2026/9/30 15:37:22.583 [RX] - 56 69 56 4F 74 65 63 68 32 00 2C 00 00 00 1C 9B  PT command (OK)

2026/9/30 15:37:22.583 [RX] - 00 00 00 00 00 00 00 00 00 00 00 00 00 00 00 00 00 00 00 00 00 00 00 00 00 00 00 00 00 00 00 00 00 00 00 00 00 00 00 00 00 00 00 00 00 00 00  ----- #91 was SKIPPED -----
 
Mifare auth - 92

2026/9/30 15:37:22.618 [TX] - 56 69 56 4F 74 65 63 68 32 00 2C 06 00 08 5C 01 FF FF FF FF FF FF D6 C8 
2026/9/30 15:37:22.630 [RX] - 56 69 56 4F 74 65 63 68 32 00 2C 00 00 00 1C 9B  PT command (OK)

2026/9/30 15:37:22.630 [RX] - 00 00 00 00 00 00 00 00 00 00 00 00 00 00 00 00 00 00 00 00 00 00 00 00 00 00 00 00 00 00 00 00 00 00 00 00 00 00 00 00 00 00 00 00 00 00 00  ----- Write Block #92 -----
 i = 092

2026/9/30 15:37:22.671 [TX] - 56 69 56 4F 74 65 63 68 32 00 2C 08 00 12 31 5C 00 00 00 00 00 00 00 00 00 00 00 00 00 00 00 00 AD B0 
2026/9/30 15:37:22.686 [RX] - 56 69 56 4F 74 65 63 68 32 00 2C 00 00 00 1C 9B  PT command (OK)

2026/9/30 15:37:22.686 [RX] - 00 00 00 00 00 00 00 00 00 00 00 00 00 00 00 00 00 00 00 00 00 00 00 00 00 00 00 00 00 00 00 00 00 00 00 00 00 00 00 00 00 00 00 00 00 00 00  ----- Write Block #93 -----
 i = 093

2026/9/30 15:37:22.724 [TX] - 56 69 56 4F 74 65 63 68 32 00 2C 08 00 12 31 5D 00 00 00 00 00 00 00 00 00 00 00 00 00 00 00 00 BD 52 
2026/9/30 15:37:22.736 [RX] - 56 69 56 4F 74 65 63 68 32 00 2C 00 00 00 1C 9B  PT command (OK)

2026/9/30 15:37:22.736 [RX] - 00 00 00 00 00 00 00 00 00 00 00 00 00 00 00 00 00 00 00 00 00 00 00 00 00 00 00 00 00 00 00 00 00 00 00 00 00 00 00 00 00 00 00 00 00 00 00  ----- Write Block #94 -----
 i = 094

2026/9/30 15:37:22.763 [TX] - 56 69 56 4F 74 65 63 68 32 00 2C 08 00 12 31 5E 00 00 00 00 00 00 00 00 00 00 00 00 00 00 00 00 8C 74 
2026/9/30 15:37:22.778 [RX] - 56 69 56 4F 74 65 63 68 32 00 2C 00 00 00 1C 9B  PT command (OK)

2026/9/30 15:37:22.778 [RX] - 00 00 00 00 00 00 00 00 00 00 00 00 00 00 00 00 00 00 00 00 00 00 00 00 00 00 00 00 00 00 00 00 00 00 00 00 00 00 00 00 00 00 00 00 00 00 00  ----- #95 was SKIPPED -----
 
Mifare auth - 96

2026/9/30 15:37:22.812 [TX] - 56 69 56 4F 74 65 63 68 32 00 2C 06 00 08 60 01 FF FF FF FF FF FF 81 A3 
2026/9/30 15:37:22.824 [RX] - 56 69 56 4F 74 65 63 68 32 00 2C 00 00 00 1C 9B  PT command (OK)

2026/9/30 15:37:22.824 [RX] - 00 00 00 00 00 00 00 00 00 00 00 00 00 00 00 00 00 00 00 00 00 00 00 00 00 00 00 00 00 00 00 00 00 00 00 00 00 00 00 00 00 00 00 00 00 00 00  ----- Write Block #96 -----
 i = 096

2026/9/30 15:37:22.851 [TX] - 56 69 56 4F 74 65 63 68 32 00 2C 08 00 12 31 60 00 00 00 00 00 00 00 00 00 00 00 00 00 00 00 00 4B 2B 
2026/9/30 15:37:22.864 [RX] - 56 69 56 4F 74 65 63 68 32 00 2C 00 00 00 1C 9B  PT command (OK)

2026/9/30 15:37:22.864 [RX] - 00 00 00 00 00 00 00 00 00 00 00 00 00 00 00 00 00 00 00 00 00 00 00 00 00 00 00 00 00 00 00 00 00 00 00 00 00 00 00 00 00 00 00 00 00 00 00  ----- Write Block #97 -----
 i = 097

2026/9/30 15:37:22.938 [TX] - 56 69 56 4F 74 65 63 68 32 00 2C 08 00 12 31 61 00 00 00 00 00 00 00 00 00 00 00 00 00 00 00 00 5B C9 
2026/9/30 15:37:22.951 [RX] - 56 69 56 4F 74 65 63 68 32 00 2C 00 00 00 1C 9B  PT command (OK)

2026/9/30 15:37:22.951 [RX] - 00 00 00 00 00 00 00 00 00 00 00 00 00 00 00 00 00 00 00 00 00 00 00 00 00 00 00 00 00 00 00 00 00 00 00 00 00 00 00 00 00 00 00 00 00 00 00  ----- Write Block #98 -----
 i = 098

2026/9/30 15:37:22.987 [TX] - 56 69 56 4F 74 65 63 68 32 00 2C 08 00 12 31 62 00 00 00 00 00 00 00 00 00 00 00 00 00 00 00 00 6A EF 
2026/9/30 15:37:23.000 [RX] - 56 69 56 4F 74 65 63 68 32 00 2C 00 00 00 1C 9B  PT command (OK)

2026/9/30 15:37:23.000 [RX] - 00 00 00 00 00 00 00 00 00 00 00 00 00 00 00 00 00 00 00 00 00 00 00 00 00 00 00 00 00 00 00 00 00 00 00 00 00 00 00 00 00 00 00 00 00 00 00  ----- #99 was SKIPPED -----
 
Mifare auth - 100

2026/9/30 15:37:23.033 [TX] - 56 69 56 4F 74 65 63 68 32 00 2C 06 00 08 64 01 FF FF FF FF FF FF 8E CE 
2026/9/30 15:37:23.045 [RX] - 56 69 56 4F 74 65 63 68 32 00 2C 00 00 00 1C 9B  PT command (OK)

2026/9/30 15:37:23.045 [RX] - 00 00 00 00 00 00 00 00 00 00 00 00 00 00 00 00 00 00 00 00 00 00 00 00 00 00 00 00 00 00 00 00 00 00 00 00 00 00 00 00 00 00 00 00 00 00 00  ----- Write Block #100 -----
 i = 100

2026/9/30 15:37:23.091 [TX] - 56 69 56 4F 74 65 63 68 32 00 2C 08 00 12 31 64 00 00 00 00 00 00 00 00 00 00 00 00 00 00 00 00 08 A3 
2026/9/30 15:37:23.105 [RX] - 56 69 56 4F 74 65 63 68 32 00 2C 00 00 00 1C 9B  PT command (OK)

2026/9/30 15:37:23.105 [RX] - 00 00 00 00 00 00 00 00 00 00 00 00 00 00 00 00 00 00 00 00 00 00 00 00 00 00 00 00 00 00 00 00 00 00 00 00 00 00 00 00 00 00 00 00 00 00 00  ----- Write Block #101 -----
 i = 101

2026/9/30 15:37:23.149 [TX] - 56 69 56 4F 74 65 63 68 32 00 2C 08 00 12 31 65 00 00 00 00 00 00 00 00 00 00 00 00 00 00 00 00 18 41 
2026/9/30 15:37:23.162 [RX] - 56 69 56 4F 74 65 63 68 32 00 2C 00 00 00 1C 9B  PT command (OK)

2026/9/30 15:37:23.162 [RX] - 00 00 00 00 00 00 00 00 00 00 00 00 00 00 00 00 00 00 00 00 00 00 00 00 00 00 00 00 00 00 00 00 00 00 00 00 00 00 00 00 00 00 00 00 00 00 00  ----- Write Block #102 -----
 i = 102

2026/9/30 15:37:23.192 [TX] - 56 69 56 4F 74 65 63 68 32 00 2C 08 00 12 31 66 00 00 00 00 00 00 00 00 00 00 00 00 00 00 00 00 29 67 
2026/9/30 15:37:23.205 [RX] - 56 69 56 4F 74 65 63 68 32 00 2C 00 00 00 1C 9B  PT command (OK)

2026/9/30 15:37:23.205 [RX] - 00 00 00 00 00 00 00 00 00 00 00 00 00 00 00 00 00 00 00 00 00 00 00 00 00 00 00 00 00 00 00 00 00 00 00 00 00 00 00 00 00 00 00 00 00 00 00  ----- #103 was SKIPPED -----
 
Mifare auth - 104

2026/9/30 15:37:23.239 [TX] - 56 69 56 4F 74 65 63 68 32 00 2C 06 00 08 68 01 FF FF FF FF FF FF 9F 79 
2026/9/30 15:37:23.251 [RX] - 56 69 56 4F 74 65 63 68 32 00 2C 00 00 00 1C 9B  PT command (OK)

2026/9/30 15:37:23.251 [RX] - 00 00 00 00 00 00 00 00 00 00 00 00 00 00 00 00 00 00 00 00 00 00 00 00 00 00 00 00 00 00 00 00 00 00 00 00 00 00 00 00 00 00 00 00 00 00 00  ----- Write Block #104 -----
 i = 104

2026/9/30 15:37:23.283 [TX] - 56 69 56 4F 74 65 63 68 32 00 2C 08 00 12 31 68 00 00 00 00 00 00 00 00 00 00 00 00 00 00 00 00 CC 3B 
2026/9/30 15:37:23.296 [RX] - 56 69 56 4F 74 65 63 68 32 00 2C 00 00 00 1C 9B  PT command (OK)

2026/9/30 15:37:23.296 [RX] - 00 00 00 00 00 00 00 00 00 00 00 00 00 00 00 00 00 00 00 00 00 00 00 00 00 00 00 00 00 00 00 00 00 00 00 00 00 00 00 00 00 00 00 00 00 00 00  ----- Write Block #105 -----
 i = 105

2026/9/30 15:37:23.327 [TX] - 56 69 56 4F 74 65 63 68 32 00 2C 08 00 12 31 69 00 00 00 00 00 00 00 00 00 00 00 00 00 00 00 00 DC D9 
2026/9/30 15:37:23.339 [RX] - 56 69 56 4F 74 65 63 68 32 00 2C 00 00 00 1C 9B  PT command (OK)

2026/9/30 15:37:23.339 [RX] - 00 00 00 00 00 00 00 00 00 00 00 00 00 00 00 00 00 00 00 00 00 00 00 00 00 00 00 00 00 00 00 00 00 00 00 00 00 00 00 00 00 00 00 00 00 00 00  ----- Write Block #106 -----
 i = 106

2026/9/30 15:37:23.383 [TX] - 56 69 56 4F 74 65 63 68 32 00 2C 08 00 12 31 6A 00 00 00 00 00 00 00 00 00 00 00 00 00 00 00 00 ED FF 
2026/9/30 15:37:23.397 [RX] - 56 69 56 4F 74 65 63 68 32 00 2C 00 00 00 1C 9B  PT command (OK)

2026/9/30 15:37:23.397 [RX] - 00 00 00 00 00 00 00 00 00 00 00 00 00 00 00 00 00 00 00 00 00 00 00 00 00 00 00 00 00 00 00 00 00 00 00 00 00 00 00 00 00 00 00 00 00 00 00  ----- #107 was SKIPPED -----
 
Mifare auth - 108

2026/9/30 15:37:23.437 [TX] - 56 69 56 4F 74 65 63 68 32 00 2C 06 00 08 6C 01 FF FF FF FF FF FF 90 14 
2026/9/30 15:37:23.449 [RX] - 56 69 56 4F 74 65 63 68 32 00 2C 00 00 00 1C 9B  PT command (OK)

2026/9/30 15:37:23.449 [RX] - 00 00 00 00 00 00 00 00 00 00 00 00 00 00 00 00 00 00 00 00 00 00 00 00 00 00 00 00 00 00 00 00 00 00 00 00 00 00 00 00 00 00 00 00 00 00 00  ----- Write Block #108 -----
 i = 108

2026/9/30 15:37:23.481 [TX] - 56 69 56 4F 74 65 63 68 32 00 2C 08 00 12 31 6C 00 00 00 00 00 00 00 00 00 00 00 00 00 00 00 00 8F B3 
2026/9/30 15:37:23.494 [RX] - 56 69 56 4F 74 65 63 68 32 00 2C 00 00 00 1C 9B  PT command (OK)

2026/9/30 15:37:23.494 [RX] - 00 00 00 00 00 00 00 00 00 00 00 00 00 00 00 00 00 00 00 00 00 00 00 00 00 00 00 00 00 00 00 00 00 00 00 00 00 00 00 00 00 00 00 00 00 00 00  ----- Write Block #109 -----
 i = 109

2026/9/30 15:37:23.522 [TX] - 56 69 56 4F 74 65 63 68 32 00 2C 08 00 12 31 6D 00 00 00 00 00 00 00 00 00 00 00 00 00 00 00 00 9F 51 
2026/9/30 15:37:23.538 [RX] - 56 69 56 4F 74 65 63 68 32 00 2C 00 00 00 1C 9B  PT command (OK)

2026/9/30 15:37:23.538 [RX] - 00 00 00 00 00 00 00 00 00 00 00 00 00 00 00 00 00 00 00 00 00 00 00 00 00 00 00 00 00 00 00 00 00 00 00 00 00 00 00 00 00 00 00 00 00 00 00  ----- Write Block #110 -----
 i = 110

2026/9/30 15:37:23.584 [TX] - 56 69 56 4F 74 65 63 68 32 00 2C 08 00 12 31 6E 00 00 00 00 00 00 00 00 00 00 00 00 00 00 00 00 AE 77 
2026/9/30 15:37:23.599 [RX] - 56 69 56 4F 74 65 63 68 32 00 2C 00 00 00 1C 9B  PT command (OK)

2026/9/30 15:37:23.599 [RX] - 00 00 00 00 00 00 00 00 00 00 00 00 00 00 00 00 00 00 00 00 00 00 00 00 00 00 00 00 00 00 00 00 00 00 00 00 00 00 00 00 00 00 00 00 00 00 00  ----- #111 was SKIPPED -----
 
Mifare auth - 112

2026/9/30 15:37:23.629 [TX] - 56 69 56 4F 74 65 63 68 32 00 2C 06 00 08 70 01 FF FF FF FF FF FF BC 17 
2026/9/30 15:37:23.645 [RX] - 56 69 56 4F 74 65 63 68 32 00 2C 00 00 00 1C 9B  PT command (OK)

2026/9/30 15:37:23.645 [RX] - 00 00 00 00 00 00 00 00 00 00 00 00 00 00 00 00 00 00 00 00 00 00 00 00 00 00 00 00 00 00 00 00 00 00 00 00 00 00 00 00 00 00 00 00 00 00 00  ----- Write Block #112 -----
 i = 112

2026/9/30 15:37:23.675 [TX] - 56 69 56 4F 74 65 63 68 32 00 2C 08 00 12 31 70 00 00 00 00 00 00 00 00 00 00 00 00 00 00 00 00 55 2A 
2026/9/30 15:37:23.692 [RX] - 56 69 56 4F 74 65 63 68 32 00 2C 00 00 00 1C 9B  PT command (OK)

2026/9/30 15:37:23.692 [RX] - 00 00 00 00 00 00 00 00 00 00 00 00 00 00 00 00 00 00 00 00 00 00 00 00 00 00 00 00 00 00 00 00 00 00 00 00 00 00 00 00 00 00 00 00 00 00 00  ----- Write Block #113 -----
 i = 113

2026/9/30 15:37:23.720 [TX] - 56 69 56 4F 74 65 63 68 32 00 2C 08 00 12 31 71 00 00 00 00 00 00 00 00 00 00 00 00 00 00 00 00 45 C8 
2026/9/30 15:37:23.733 [RX] - 56 69 56 4F 74 65 63 68 32 00 2C 00 00 00 1C 9B  PT command (OK)

2026/9/30 15:37:23.733 [RX] - 00 00 00 00 00 00 00 00 00 00 00 00 00 00 00 00 00 00 00 00 00 00 00 00 00 00 00 00 00 00 00 00 00 00 00 00 00 00 00 00 00 00 00 00 00 00 00  ----- Write Block #114 -----
 i = 114

2026/9/30 15:37:23.907 [TX] - 56 69 56 4F 74 65 63 68 32 00 2C 08 00 12 31 72 00 00 00 00 00 00 00 00 00 00 00 00 00 00 00 00 74 EE 
2026/9/30 15:37:23.919 [RX] - 56 69 56 4F 74 65 63 68 32 00 2C 00 00 00 1C 9B  PT command (OK)

2026/9/30 15:37:23.919 [RX] - 00 00 00 00 00 00 00 00 00 00 00 00 00 00 00 00 00 00 00 00 00 00 00 00 00 00 00 00 00 00 00 00 00 00 00 00 00 00 00 00 00 00 00 00 00 00 00  ----- #115 was SKIPPED -----
 
Mifare auth - 116

2026/9/30 15:37:23.951 [TX] - 56 69 56 4F 74 65 63 68 32 00 2C 06 00 08 74 01 FF FF FF FF FF FF B3 7A 
2026/9/30 15:37:23.963 [RX] - 56 69 56 4F 74 65 63 68 32 00 2C 00 00 00 1C 9B  PT command (OK)

2026/9/30 15:37:23.963 [RX] - 00 00 00 00 00 00 00 00 00 00 00 00 00 00 00 00 00 00 00 00 00 00 00 00 00 00 00 00 00 00 00 00 00 00 00 00 00 00 00 00 00 00 00 00 00 00 00  ----- Write Block #116 -----
 i = 116

2026/9/30 15:37:24.007 [TX] - 56 69 56 4F 74 65 63 68 32 00 2C 08 00 12 31 74 00 00 00 00 00 00 00 00 00 00 00 00 00 00 00 00 16 A2 
2026/9/30 15:37:24.021 [RX] - 56 69 56 4F 74 65 63 68 32 00 2C 00 00 00 1C 9B  PT command (OK)

2026/9/30 15:37:24.021 [RX] - 00 00 00 00 00 00 00 00 00 00 00 00 00 00 00 00 00 00 00 00 00 00 00 00 00 00 00 00 00 00 00 00 00 00 00 00 00 00 00 00 00 00 00 00 00 00 00  ----- Write Block #117 -----
 i = 117

2026/9/30 15:37:24.049 [TX] - 56 69 56 4F 74 65 63 68 32 00 2C 08 00 12 31 75 00 00 00 00 00 00 00 00 00 00 00 00 00 00 00 00 06 40 
2026/9/30 15:37:24.062 [RX] - 56 69 56 4F 74 65 63 68 32 00 2C 00 00 00 1C 9B  PT command (OK)

2026/9/30 15:37:24.062 [RX] - 00 00 00 00 00 00 00 00 00 00 00 00 00 00 00 00 00 00 00 00 00 00 00 00 00 00 00 00 00 00 00 00 00 00 00 00 00 00 00 00 00 00 00 00 00 00 00  ----- Write Block #118 -----
 i = 118

2026/9/30 15:37:24.094 [TX] - 56 69 56 4F 74 65 63 68 32 00 2C 08 00 12 31 76 00 00 00 00 00 00 00 00 00 00 00 00 00 00 00 00 37 66 
2026/9/30 15:37:24.107 [RX] - 56 69 56 4F 74 65 63 68 32 00 2C 00 00 00 1C 9B  PT command (OK)

2026/9/30 15:37:24.107 [RX] - 00 00 00 00 00 00 00 00 00 00 00 00 00 00 00 00 00 00 00 00 00 00 00 00 00 00 00 00 00 00 00 00 00 00 00 00 00 00 00 00 00 00 00 00 00 00 00  ----- #119 was SKIPPED -----
 
Mifare auth - 120

2026/9/30 15:37:24.138 [TX] - 56 69 56 4F 74 65 63 68 32 00 2C 06 00 08 78 01 FF FF FF FF FF FF A2 CD 
2026/9/30 15:37:24.150 [RX] - 56 69 56 4F 74 65 63 68 32 00 2C 00 00 00 1C 9B  PT command (OK)

2026/9/30 15:37:24.150 [RX] - 00 00 00 00 00 00 00 00 00 00 00 00 00 00 00 00 00 00 00 00 00 00 00 00 00 00 00 00 00 00 00 00 00 00 00 00 00 00 00 00 00 00 00 00 00 00 00  ----- Write Block #120 -----
 i = 120

2026/9/30 15:37:24.193 [TX] - 56 69 56 4F 74 65 63 68 32 00 2C 08 00 12 31 78 00 00 00 00 00 00 00 00 00 00 00 00 00 00 00 00 D2 3A 
2026/9/30 15:37:24.208 [RX] - 56 69 56 4F 74 65 63 68 32 00 2C 00 00 00 1C 9B  PT command (OK)

2026/9/30 15:37:24.208 [RX] - 00 00 00 00 00 00 00 00 00 00 00 00 00 00 00 00 00 00 00 00 00 00 00 00 00 00 00 00 00 00 00 00 00 00 00 00 00 00 00 00 00 00 00 00 00 00 00  ----- Write Block #121 -----
 i = 121

2026/9/30 15:37:24.254 [TX] - 56 69 56 4F 74 65 63 68 32 00 2C 08 00 12 31 79 00 00 00 00 00 00 00 00 00 00 00 00 00 00 00 00 C2 D8 
2026/9/30 15:37:24.270 [RX] - 56 69 56 4F 74 65 63 68 32 00 2C 00 00 00 1C 9B  PT command (OK)

2026/9/30 15:37:24.270 [RX] - 00 00 00 00 00 00 00 00 00 00 00 00 00 00 00 00 00 00 00 00 00 00 00 00 00 00 00 00 00 00 00 00 00 00 00 00 00 00 00 00 00 00 00 00 00 00 00  ----- Write Block #122 -----
 i = 122

2026/9/30 15:37:24.317 [TX] - 56 69 56 4F 74 65 63 68 32 00 2C 08 00 12 31 7A 00 00 00 00 00 00 00 00 00 00 00 00 00 00 00 00 F3 FE 
2026/9/30 15:37:24.333 [RX] - 56 69 56 4F 74 65 63 68 32 00 2C 00 00 00 1C 9B  PT command (OK)

2026/9/30 15:37:24.333 [RX] - 00 00 00 00 00 00 00 00 00 00 00 00 00 00 00 00 00 00 00 00 00 00 00 00 00 00 00 00 00 00 00 00 00 00 00 00 00 00 00 00 00 00 00 00 00 00 00  ----- #123 was SKIPPED -----
 
Mifare auth - 124

2026/9/30 15:37:24.366 [TX] - 56 69 56 4F 74 65 63 68 32 00 2C 06 00 08 7C 01 FF FF FF FF FF FF AD A0 
2026/9/30 15:37:24.381 [RX] - 56 69 56 4F 74 65 63 68 32 00 2C 00 00 00 1C 9B  PT command (OK)

2026/9/30 15:37:24.381 [RX] - 00 00 00 00 00 00 00 00 00 00 00 00 00 00 00 00 00 00 00 00 00 00 00 00 00 00 00 00 00 00 00 00 00 00 00 00 00 00 00 00 00 00 00 00 00 00 00  ----- Write Block #124 -----
 i = 124

2026/9/30 15:37:24.409 [TX] - 56 69 56 4F 74 65 63 68 32 00 2C 08 00 12 31 7C 00 00 00 00 00 00 00 00 00 00 00 00 00 00 00 00 91 B2 
2026/9/30 15:37:24.422 [RX] - 56 69 56 4F 74 65 63 68 32 00 2C 00 00 00 1C 9B  PT command (OK)

2026/9/30 15:37:24.422 [RX] - 00 00 00 00 00 00 00 00 00 00 00 00 00 00 00 00 00 00 00 00 00 00 00 00 00 00 00 00 00 00 00 00 00 00 00 00 00 00 00 00 00 00 00 00 00 00 00  ----- Write Block #125 -----
 i = 125

2026/9/30 15:37:24.449 [TX] - 56 69 56 4F 74 65 63 68 32 00 2C 08 00 12 31 7D 00 00 00 00 00 00 00 00 00 00 00 00 00 00 00 00 81 50 
2026/9/30 15:37:24.462 [RX] - 56 69 56 4F 74 65 63 68 32 00 2C 00 00 00 1C 9B  PT command (OK)

2026/9/30 15:37:24.462 [RX] - 00 00 00 00 00 00 00 00 00 00 00 00 00 00 00 00 00 00 00 00 00 00 00 00 00 00 00 00 00 00 00 00 00 00 00 00 00 00 00 00 00 00 00 00 00 00 00  ----- Write Block #126 -----
 i = 126

2026/9/30 15:37:24.621 [TX] - 56 69 56 4F 74 65 63 68 32 00 2C 08 00 12 31 7E 00 00 00 00 00 00 00 00 00 00 00 00 00 00 00 00 B0 76 
2026/9/30 15:37:24.633 [RX] - 56 69 56 4F 74 65 63 68 32 00 2C 00 00 00 1C 9B  PT command (OK)

2026/9/30 15:37:24.633 [RX] - 00 00 00 00 00 00 00 00 00 00 00 00 00 00 00 00 00 00 00 00 00 00 00 00 00 00 00 00 00 00 00 00 00 00 00 00 00 00 00 00 00 00 00 00 00 00 00  ----- #127 was SKIPPED -----
 
Mifare auth - 128

2026/9/30 15:37:24.664 [TX] - 56 69 56 4F 74 65 63 68 32 00 2C 06 00 08 80 01 FF FF FF FF FF FF F1 9A 
2026/9/30 15:37:24.676 [RX] - 56 69 56 4F 74 65 63 68 32 00 2C 00 00 00 1C 9B  PT command (OK)

2026/9/30 15:37:24.676 [RX] - 00 00 00 00 00 00 00 00 00 00 00 00 00 00 00 00 00 00 00 00 00 00 00 00 00 00 00 00 00 00 00 00 00 00 00 00 00 00 00 00 00 00 00 00 00 00 00  ----- Write Block #128 -----
 i = 128

2026/9/30 15:37:24.704 [TX] - 56 69 56 4F 74 65 63 68 32 00 2C 08 00 12 31 80 00 00 00 00 00 00 00 00 00 00 00 00 00 00 00 00 FF 25 
2026/9/30 15:37:24.719 [RX] - 56 69 56 4F 74 65 63 68 32 00 2C 00 00 00 1C 9B  PT command (OK)

2026/9/30 15:37:24.719 [RX] - 00 00 00 00 00 00 00 00 00 00 00 00 00 00 00 00 00 00 00 00 00 00 00 00 00 00 00 00 00 00 00 00 00 00 00 00 00 00 00 00 00 00 00 00 00 00 00  ----- Write Block #129 -----
 i = 129

2026/9/30 15:37:24.759 [TX] - 56 69 56 4F 74 65 63 68 32 00 2C 08 00 12 31 81 00 00 00 00 00 00 00 00 00 00 00 00 00 00 00 00 EF C7 
2026/9/30 15:37:24.772 [RX] - 56 69 56 4F 74 65 63 68 32 00 2C 00 00 00 1C 9B  PT command (OK)

2026/9/30 15:37:24.772 [RX] - 00 00 00 00 00 00 00 00 00 00 00 00 00 00 00 00 00 00 00 00 00 00 00 00 00 00 00 00 00 00 00 00 00 00 00 00 00 00 00 00 00 00 00 00 00 00 00  ----- Write Block #130 -----
 i = 130

2026/9/30 15:37:24.798 [TX] - 56 69 56 4F 74 65 63 68 32 00 2C 08 00 12 31 82 00 00 00 00 00 00 00 00 00 00 00 00 00 00 00 00 DE E1 
2026/9/30 15:37:24.811 [RX] - 56 69 56 4F 74 65 63 68 32 00 2C 00 00 00 1C 9B  PT command (OK)

2026/9/30 15:37:24.811 [RX] - 00 00 00 00 00 00 00 00 00 00 00 00 00 00 00 00 00 00 00 00 00 00 00 00 00 00 00 00 00 00 00 00 00 00 00 00 00 00 00 00 00 00 00 00 00 00 00  ----- Write Block #131 -----
 i = 131

2026/9/30 15:37:24.837 [TX] - 56 69 56 4F 74 65 63 68 32 00 2C 08 00 12 31 83 00 00 00 00 00 00 00 00 00 00 00 00 00 00 00 00 CE 03 
2026/9/30 15:37:24.849 [RX] - 56 69 56 4F 74 65 63 68 32 00 2C 00 00 00 1C 9B  PT command (OK)

2026/9/30 15:37:24.849 [RX] - 00 00 00 00 00 00 00 00 00 00 00 00 00 00 00 00 00 00 00 00 00 00 00 00 00 00 00 00 00 00 00 00 00 00 00 00 00 00 00 00 00 00 00 00 00 00 00  
Mifare auth - 132

2026/9/30 15:37:24.867 [TX] - 56 69 56 4F 74 65 63 68 32 00 2C 06 00 08 84 01 FF FF FF FF FF FF FE F7 
2026/9/30 15:37:24.879 [RX] - 56 69 56 4F 74 65 63 68 32 00 2C 00 00 00 1C 9B  PT command (OK)

2026/9/30 15:37:24.879 [RX] - 00 00 00 00 00 00 00 00 00 00 00 00 00 00 00 00 00 00 00 00 00 00 00 00 00 00 00 00 00 00 00 00 00 00 00 00 00 00 00 00 00 00 00 00 00 00 00  ----- Write Block #132 -----
 i = 132

2026/9/30 15:37:24.921 [TX] - 56 69 56 4F 74 65 63 68 32 00 2C 08 00 12 31 84 00 00 00 00 00 00 00 00 00 00 00 00 00 00 00 00 BC AD 
2026/9/30 15:37:24.937 [RX] - 56 69 56 4F 74 65 63 68 32 00 2C 00 00 00 1C 9B  PT command (OK)

2026/9/30 15:37:24.937 [RX] - 00 00 00 00 00 00 00 00 00 00 00 00 00 00 00 00 00 00 00 00 00 00 00 00 00 00 00 00 00 00 00 00 00 00 00 00 00 00 00 00 00 00 00 00 00 00 00  ----- Write Block #133 -----
 i = 133

2026/9/30 15:37:24.965 [TX] - 56 69 56 4F 74 65 63 68 32 00 2C 08 00 12 31 85 00 00 00 00 00 00 00 00 00 00 00 00 00 00 00 00 AC 4F 
2026/9/30 15:37:24.978 [RX] - 56 69 56 4F 74 65 63 68 32 00 2C 00 00 00 1C 9B  PT command (OK)

2026/9/30 15:37:24.978 [RX] - 00 00 00 00 00 00 00 00 00 00 00 00 00 00 00 00 00 00 00 00 00 00 00 00 00 00 00 00 00 00 00 00 00 00 00 00 00 00 00 00 00 00 00 00 00 00 00  ----- Write Block #134 -----
 i = 134

2026/9/30 15:37:25.005 [TX] - 56 69 56 4F 74 65 63 68 32 00 2C 08 00 12 31 86 00 00 00 00 00 00 00 00 00 00 00 00 00 00 00 00 9D 69 
2026/9/30 15:37:25.018 [RX] - 56 69 56 4F 74 65 63 68 32 00 2C 00 00 00 1C 9B  PT command (OK)

2026/9/30 15:37:25.018 [RX] - 00 00 00 00 00 00 00 00 00 00 00 00 00 00 00 00 00 00 00 00 00 00 00 00 00 00 00 00 00 00 00 00 00 00 00 00 00 00 00 00 00 00 00 00 00 00 00  ----- Write Block #135 -----
 i = 135

2026/9/30 15:37:25.047 [TX] - 56 69 56 4F 74 65 63 68 32 00 2C 08 00 12 31 87 00 00 00 00 00 00 00 00 00 00 00 00 00 00 00 00 8D 8B 
2026/9/30 15:37:25.061 [RX] - 56 69 56 4F 74 65 63 68 32 00 2C 00 00 00 1C 9B  PT command (OK)

2026/9/30 15:37:25.061 [RX] - 00 00 00 00 00 00 00 00 00 00 00 00 00 00 00 00 00 00 00 00 00 00 00 00 00 00 00 00 00 00 00 00 00 00 00 00 00 00 00 00 00 00 00 00 00 00 00  
Mifare auth - 136

2026/9/30 15:37:25.081 [TX] - 56 69 56 4F 74 65 63 68 32 00 2C 06 00 08 88 01 FF FF FF FF FF FF EF 40 
2026/9/30 15:37:25.092 [RX] - 56 69 56 4F 74 65 63 68 32 00 2C 00 00 00 1C 9B  PT command (OK)

2026/9/30 15:37:25.092 [RX] - 00 00 00 00 00 00 00 00 00 00 00 00 00 00 00 00 00 00 00 00 00 00 00 00 00 00 00 00 00 00 00 00 00 00 00 00 00 00 00 00 00 00 00 00 00 00 00  ----- Write Block #136 -----
 i = 136

2026/9/30 15:37:25.121 [TX] - 56 69 56 4F 74 65 63 68 32 00 2C 08 00 12 31 88 00 00 00 00 00 00 00 00 00 00 00 00 00 00 00 00 78 35 
2026/9/30 15:37:25.134 [RX] - 56 69 56 4F 74 65 63 68 32 00 2C 00 00 00 1C 9B  PT command (OK)

2026/9/30 15:37:25.134 [RX] - 00 00 00 00 00 00 00 00 00 00 00 00 00 00 00 00 00 00 00 00 00 00 00 00 00 00 00 00 00 00 00 00 00 00 00 00 00 00 00 00 00 00 00 00 00 00 00  ----- Write Block #137 -----
 i = 137

2026/9/30 15:37:25.165 [TX] - 56 69 56 4F 74 65 63 68 32 00 2C 08 00 12 31 89 00 00 00 00 00 00 00 00 00 00 00 00 00 00 00 00 68 D7 
2026/9/30 15:37:25.178 [RX] - 56 69 56 4F 74 65 63 68 32 00 2C 00 00 00 1C 9B  PT command (OK)

2026/9/30 15:37:25.178 [RX] - 00 00 00 00 00 00 00 00 00 00 00 00 00 00 00 00 00 00 00 00 00 00 00 00 00 00 00 00 00 00 00 00 00 00 00 00 00 00 00 00 00 00 00 00 00 00 00  ----- Write Block #138 -----
 i = 138

2026/9/30 15:37:25.334 [TX] - 56 69 56 4F 74 65 63 68 32 00 2C 08 00 12 31 8A 00 00 00 00 00 00 00 00 00 00 00 00 00 00 00 00 59 F1 
2026/9/30 15:37:25.347 [RX] - 56 69 56 4F 74 65 63 68 32 00 2C 00 00 00 1C 9B  PT command (OK)

2026/9/30 15:37:25.347 [RX] - 00 00 00 00 00 00 00 00 00 00 00 00 00 00 00 00 00 00 00 00 00 00 00 00 00 00 00 00 00 00 00 00 00 00 00 00 00 00 00 00 00 00 00 00 00 00 00  ----- Write Block #139 -----
 i = 139

2026/9/30 15:37:25.376 [TX] - 56 69 56 4F 74 65 63 68 32 00 2C 08 00 12 31 8B 00 00 00 00 00 00 00 00 00 00 00 00 00 00 00 00 49 13 
2026/9/30 15:37:25.391 [RX] - 56 69 56 4F 74 65 63 68 32 00 2C 00 00 00 1C 9B  PT command (OK)

2026/9/30 15:37:25.391 [RX] - 00 00 00 00 00 00 00 00 00 00 00 00 00 00 00 00 00 00 00 00 00 00 00 00 00 00 00 00 00 00 00 00 00 00 00 00 00 00 00 00 00 00 00 00 00 00 00  
Mifare auth - 140

2026/9/30 15:37:25.415 [TX] - 56 69 56 4F 74 65 63 68 32 00 2C 06 00 08 8C 01 FF FF FF FF FF FF E0 2D 
2026/9/30 15:37:25.427 [RX] - 56 69 56 4F 74 65 63 68 32 00 2C 00 00 00 1C 9B  PT command (OK)

2026/9/30 15:37:25.427 [RX] - 00 00 00 00 00 00 00 00 00 00 00 00 00 00 00 00 00 00 00 00 00 00 00 00 00 00 00 00 00 00 00 00 00 00 00 00 00 00 00 00 00 00 00 00 00 00 00  ----- Write Block #140 -----
 i = 140

2026/9/30 15:37:25.467 [TX] - 56 69 56 4F 74 65 63 68 32 00 2C 08 00 12 31 8C 00 00 00 00 00 00 00 00 00 00 00 00 00 00 00 00 3B BD 
2026/9/30 15:37:25.480 [RX] - 56 69 56 4F 74 65 63 68 32 00 2C 00 00 00 1C 9B  PT command (OK)

2026/9/30 15:37:25.480 [RX] - 00 00 00 00 00 00 00 00 00 00 00 00 00 00 00 00 00 00 00 00 00 00 00 00 00 00 00 00 00 00 00 00 00 00 00 00 00 00 00 00 00 00 00 00 00 00 00  ----- Write Block #141 -----
 i = 141

2026/9/30 15:37:25.509 [TX] - 56 69 56 4F 74 65 63 68 32 00 2C 08 00 12 31 8D 00 00 00 00 00 00 00 00 00 00 00 00 00 00 00 00 2B 5F 
2026/9/30 15:37:25.522 [RX] - 56 69 56 4F 74 65 63 68 32 00 2C 00 00 00 1C 9B  PT command (OK)

2026/9/30 15:37:25.522 [RX] - 00 00 00 00 00 00 00 00 00 00 00 00 00 00 00 00 00 00 00 00 00 00 00 00 00 00 00 00 00 00 00 00 00 00 00 00 00 00 00 00 00 00 00 00 00 00 00  ----- Write Block #142 -----
 i = 142

2026/9/30 15:37:25.548 [TX] - 56 69 56 4F 74 65 63 68 32 00 2C 08 00 12 31 8E 00 00 00 00 00 00 00 00 00 00 00 00 00 00 00 00 1A 79 
2026/9/30 15:37:25.562 [RX] - 56 69 56 4F 74 65 63 68 32 00 2C 00 00 00 1C 9B  PT command (OK)

2026/9/30 15:37:25.562 [RX] - 00 00 00 00 00 00 00 00 00 00 00 00 00 00 00 00 00 00 00 00 00 00 00 00 00 00 00 00 00 00 00 00 00 00 00 00 00 00 00 00 00 00 00 00 00 00 00  ----- #143 was SKIPPED -----
 
Mifare auth - 144

2026/9/30 15:37:25.589 [TX] - 56 69 56 4F 74 65 63 68 32 00 2C 06 00 08 90 01 FF FF FF FF FF FF CC 2E 
2026/9/30 15:37:25.601 [RX] - 56 69 56 4F 74 65 63 68 32 00 2C 00 00 00 1C 9B  PT command (OK)

2026/9/30 15:37:25.601 [RX] - 00 00 00 00 00 00 00 00 00 00 00 00 00 00 00 00 00 00 00 00 00 00 00 00 00 00 00 00 00 00 00 00 00 00 00 00 00 00 00 00 00 00 00 00 00 00 00  ----- Write Block #144 -----
 i = 144

2026/9/30 15:37:25.641 [TX] - 56 69 56 4F 74 65 63 68 32 00 2C 08 00 12 31 90 00 00 00 00 00 00 00 00 00 00 00 00 00 00 00 00 E1 24 
2026/9/30 15:37:25.657 [RX] - 56 69 56 4F 74 65 63 68 32 00 2C 00 00 00 1C 9B  PT command (OK)

2026/9/30 15:37:25.657 [RX] - 00 00 00 00 00 00 00 00 00 00 00 00 00 00 00 00 00 00 00 00 00 00 00 00 00 00 00 00 00 00 00 00 00 00 00 00 00 00 00 00 00 00 00 00 00 00 00  ----- Write Block #145 -----
 i = 145

2026/9/30 15:37:25.698 [TX] - 56 69 56 4F 74 65 63 68 32 00 2C 08 00 12 31 91 00 00 00 00 00 00 00 00 00 00 00 00 00 00 00 00 F1 C6 
2026/9/30 15:37:25.711 [RX] - 56 69 56 4F 74 65 63 68 32 00 2C 00 00 00 1C 9B  PT command (OK)

2026/9/30 15:37:25.711 [RX] - 00 00 00 00 00 00 00 00 00 00 00 00 00 00 00 00 00 00 00 00 00 00 00 00 00 00 00 00 00 00 00 00 00 00 00 00 00 00 00 00 00 00 00 00 00 00 00  ----- Write Block #146 -----
 i = 146

2026/9/30 15:37:25.738 [TX] - 56 69 56 4F 74 65 63 68 32 00 2C 08 00 12 31 92 00 00 00 00 00 00 00 00 00 00 00 00 00 00 00 00 C0 E0 
2026/9/30 15:37:25.751 [RX] - 56 69 56 4F 74 65 63 68 32 00 2C 00 00 00 1C 9B  PT command (OK)

2026/9/30 15:37:25.751 [RX] - 00 00 00 00 00 00 00 00 00 00 00 00 00 00 00 00 00 00 00 00 00 00 00 00 00 00 00 00 00 00 00 00 00 00 00 00 00 00 00 00 00 00 00 00 00 00 00  ----- Write Block #147 -----
 i = 147

2026/9/30 15:37:25.782 [TX] - 56 69 56 4F 74 65 63 68 32 00 2C 08 00 12 31 93 00 00 00 00 00 00 00 00 00 00 00 00 00 00 00 00 D0 02 
2026/9/30 15:37:25.796 [RX] - 56 69 56 4F 74 65 63 68 32 00 2C 00 00 00 1C 9B  PT command (OK)

2026/9/30 15:37:25.796 [RX] - 00 00 00 00 00 00 00 00 00 00 00 00 00 00 00 00 00 00 00 00 00 00 00 00 00 00 00 00 00 00 00 00 00 00 00 00 00 00 00 00 00 00 00 00 00 00 00  
Mifare auth - 148

2026/9/30 15:37:25.815 [TX] - 56 69 56 4F 74 65 63 68 32 00 2C 06 00 08 94 01 FF FF FF FF FF FF C3 43 
2026/9/30 15:37:25.828 [RX] - 56 69 56 4F 74 65 63 68 32 00 2C 00 00 00 1C 9B  PT command (OK)

2026/9/30 15:37:25.828 [RX] - 00 00 00 00 00 00 00 00 00 00 00 00 00 00 00 00 00 00 00 00 00 00 00 00 00 00 00 00 00 00 00 00 00 00 00 00 00 00 00 00 00 00 00 00 00 00 00  ----- Write Block #148 -----
 i = 148

2026/9/30 15:37:25.873 [TX] - 56 69 56 4F 74 65 63 68 32 00 2C 08 00 12 31 94 00 00 00 00 00 00 00 00 00 00 00 00 00 00 00 00 A2 AC 
2026/9/30 15:37:25.885 [RX] - 56 69 56 4F 74 65 63 68 32 00 2C 00 00 00 1C 9B  PT command (OK)

2026/9/30 15:37:25.885 [RX] - 00 00 00 00 00 00 00 00 00 00 00 00 00 00 00 00 00 00 00 00 00 00 00 00 00 00 00 00 00 00 00 00 00 00 00 00 00 00 00 00 00 00 00 00 00 00 00  ----- Write Block #149 -----
 i = 149

2026/9/30 15:37:25.915 [TX] - 56 69 56 4F 74 65 63 68 32 00 2C 08 00 12 31 95 00 00 00 00 00 00 00 00 00 00 00 00 00 00 00 00 B2 4E 
2026/9/30 15:37:25.928 [RX] - 56 69 56 4F 74 65 63 68 32 00 2C 00 00 00 1C 9B  PT command (OK)

2026/9/30 15:37:25.928 [RX] - 00 00 00 00 00 00 00 00 00 00 00 00 00 00 00 00 00 00 00 00 00 00 00 00 00 00 00 00 00 00 00 00 00 00 00 00 00 00 00 00 00 00 00 00 00 00 00  ----- Write Block #150 -----
 i = 150

2026/9/30 15:37:25.967 [TX] - 56 69 56 4F 74 65 63 68 32 00 2C 08 00 12 31 96 00 00 00 00 00 00 00 00 00 00 00 00 00 00 00 00 83 68 
2026/9/30 15:37:25.983 [RX] - 56 69 56 4F 74 65 63 68 32 00 2C 00 00 00 1C 9B  PT command (OK)

2026/9/30 15:37:25.983 [RX] - 00 00 00 00 00 00 00 00 00 00 00 00 00 00 00 00 00 00 00 00 00 00 00 00 00 00 00 00 00 00 00 00 00 00 00 00 00 00 00 00 00 00 00 00 00 00 00  ----- Write Block #151 -----
 i = 151

2026/9/30 15:37:26.011 [TX] - 56 69 56 4F 74 65 63 68 32 00 2C 08 00 12 31 97 00 00 00 00 00 00 00 00 00 00 00 00 00 00 00 00 93 8A 
2026/9/30 15:37:26.023 [RX] - 56 69 56 4F 74 65 63 68 32 00 2C 00 00 00 1C 9B  PT command (OK)

2026/9/30 15:37:26.023 [RX] - 00 00 00 00 00 00 00 00 00 00 00 00 00 00 00 00 00 00 00 00 00 00 00 00 00 00 00 00 00 00 00 00 00 00 00 00 00 00 00 00 00 00 00 00 00 00 00  
Mifare auth - 152

2026/9/30 15:37:26.040 [TX] - 56 69 56 4F 74 65 63 68 32 00 2C 06 00 08 98 01 FF FF FF FF FF FF D2 F4 
2026/9/30 15:37:26.052 [RX] - 56 69 56 4F 74 65 63 68 32 00 2C 00 00 00 1C 9B  PT command (OK)

2026/9/30 15:37:26.052 [RX] - 00 00 00 00 00 00 00 00 00 00 00 00 00 00 00 00 00 00 00 00 00 00 00 00 00 00 00 00 00 00 00 00 00 00 00 00 00 00 00 00 00 00 00 00 00 00 00  ----- Write Block #152 -----
 i = 152

2026/9/30 15:37:26.089 [TX] - 56 69 56 4F 74 65 63 68 32 00 2C 08 00 12 31 98 00 00 00 00 00 00 00 00 00 00 00 00 00 00 00 00 66 34 
2026/9/30 15:37:26.102 [RX] - 56 69 56 4F 74 65 63 68 32 00 2C 00 00 00 1C 9B  PT command (OK)

2026/9/30 15:37:26.102 [RX] - 00 00 00 00 00 00 00 00 00 00 00 00 00 00 00 00 00 00 00 00 00 00 00 00 00 00 00 00 00 00 00 00 00 00 00 00 00 00 00 00 00 00 00 00 00 00 00  ----- Write Block #153 -----
 i = 153

2026/9/30 15:37:26.134 [TX] - 56 69 56 4F 74 65 63 68 32 00 2C 08 00 12 31 99 00 00 00 00 00 00 00 00 00 00 00 00 00 00 00 00 76 D6 
2026/9/30 15:37:26.147 [RX] - 56 69 56 4F 74 65 63 68 32 00 2C 00 00 00 1C 9B  PT command (OK)

2026/9/30 15:37:26.147 [RX] - 00 00 00 00 00 00 00 00 00 00 00 00 00 00 00 00 00 00 00 00 00 00 00 00 00 00 00 00 00 00 00 00 00 00 00 00 00 00 00 00 00 00 00 00 00 00 00  ----- Write Block #154 -----
 i = 154

2026/9/30 15:37:26.173 [TX] - 56 69 56 4F 74 65 63 68 32 00 2C 08 00 12 31 9A 00 00 00 00 00 00 00 00 00 00 00 00 00 00 00 00 47 F0 
2026/9/30 15:37:26.186 [RX] - 56 69 56 4F 74 65 63 68 32 00 2C 00 00 00 1C 9B  PT command (OK)

2026/9/30 15:37:26.186 [RX] - 00 00 00 00 00 00 00 00 00 00 00 00 00 00 00 00 00 00 00 00 00 00 00 00 00 00 00 00 00 00 00 00 00 00 00 00 00 00 00 00 00 00 00 00 00 00 00  ----- Write Block #155 -----
 i = 155

2026/9/30 15:37:26.216 [TX] - 56 69 56 4F 74 65 63 68 32 00 2C 08 00 12 31 9B 00 00 00 00 00 00 00 00 00 00 00 00 00 00 00 00 57 12 
2026/9/30 15:37:26.231 [RX] - 56 69 56 4F 74 65 63 68 32 00 2C 00 00 00 1C 9B  PT command (OK)

2026/9/30 15:37:26.231 [RX] - 00 00 00 00 00 00 00 00 00 00 00 00 00 00 00 00 00 00 00 00 00 00 00 00 00 00 00 00 00 00 00 00 00 00 00 00 00 00 00 00 00 00 00 00 00 00 00  
Mifare auth - 156

2026/9/30 15:37:26.248 [TX] - 56 69 56 4F 74 65 63 68 32 00 2C 06 00 08 9C 01 FF FF FF FF FF FF DD 99 
2026/9/30 15:37:26.263 [RX] - 56 69 56 4F 74 65 63 68 32 00 2C 00 00 00 1C 9B  PT command (OK)

2026/9/30 15:37:26.263 [RX] - 00 00 00 00 00 00 00 00 00 00 00 00 00 00 00 00 00 00 00 00 00 00 00 00 00 00 00 00 00 00 00 00 00 00 00 00 00 00 00 00 00 00 00 00 00 00 00  ----- Write Block #156 -----
 i = 156

2026/9/30 15:37:26.293 [TX] - 56 69 56 4F 74 65 63 68 32 00 2C 08 00 12 31 9C 00 00 00 00 00 00 00 00 00 00 00 00 00 00 00 00 25 BC 
2026/9/30 15:37:26.309 [RX] - 56 69 56 4F 74 65 63 68 32 00 2C 00 00 00 1C 9B  PT command (OK)

2026/9/30 15:37:26.309 [RX] - 00 00 00 00 00 00 00 00 00 00 00 00 00 00 00 00 00 00 00 00 00 00 00 00 00 00 00 00 00 00 00 00 00 00 00 00 00 00 00 00 00 00 00 00 00 00 00  ----- Write Block #157 -----
 i = 157

2026/9/30 15:37:26.339 [TX] - 56 69 56 4F 74 65 63 68 32 00 2C 08 00 12 31 9D 00 00 00 00 00 00 00 00 00 00 00 00 00 00 00 00 35 5E 
2026/9/30 15:37:26.397 [RX] - 56 69 56 4F 74 65 63 68 32 00 2C 00 00 00 1C 9B  PT command (OK)

2026/9/30 15:37:26.397 [RX] - 00 00 00 00 00 00 00 00 00 00 00 00 00 00 00 00 00 00 00 00 00 00 00 00 00 00 00 00 00 00 00 00 00 00 00 00 00 00 00 00 00 00 00 00 00 00 00  ----- Write Block #158 -----
 i = 158

2026/9/30 15:37:26.432 [TX] - 56 69 56 4F 74 65 63 68 32 00 2C 08 00 12 31 9E 00 00 00 00 00 00 00 00 00 00 00 00 00 00 00 00 04 78 
2026/9/30 15:37:26.444 [RX] - 56 69 56 4F 74 65 63 68 32 00 2C 00 00 00 1C 9B  PT command (OK)

2026/9/30 15:37:26.444 [RX] - 00 00 00 00 00 00 00 00 00 00 00 00 00 00 00 00 00 00 00 00 00 00 00 00 00 00 00 00 00 00 00 00 00 00 00 00 00 00 00 00 00 00 00 00 00 00 00  ----- #159 was SKIPPED -----
 
Mifare auth - 160

2026/9/30 15:37:26.474 [TX] - 56 69 56 4F 74 65 63 68 32 00 2C 06 00 08 A0 01 FF FF FF FF FF FF 8A F2 
2026/9/30 15:37:26.485 [RX] - 56 69 56 4F 74 65 63 68 32 00 2C 00 00 00 1C 9B  PT command (OK)

2026/9/30 15:37:26.485 [RX] - 00 00 00 00 00 00 00 00 00 00 00 00 00 00 00 00 00 00 00 00 00 00 00 00 00 00 00 00 00 00 00 00 00 00 00 00 00 00 00 00 00 00 00 00 00 00 00  ----- Write Block #160 -----
 i = 160

2026/9/30 15:37:26.526 [TX] - 56 69 56 4F 74 65 63 68 32 00 2C 08 00 12 31 A0 00 00 00 00 00 00 00 00 00 00 00 00 00 00 00 00 C3 27 
2026/9/30 15:37:26.539 [RX] - 56 69 56 4F 74 65 63 68 32 00 2C 00 00 00 1C 9B  PT command (OK)

2026/9/30 15:37:26.539 [RX] - 00 00 00 00 00 00 00 00 00 00 00 00 00 00 00 00 00 00 00 00 00 00 00 00 00 00 00 00 00 00 00 00 00 00 00 00 00 00 00 00 00 00 00 00 00 00 00  ----- Write Block #161 -----
 i = 161

2026/9/30 15:37:26.575 [TX] - 56 69 56 4F 74 65 63 68 32 00 2C 08 00 12 31 A1 00 00 00 00 00 00 00 00 00 00 00 00 00 00 00 00 D3 C5 
2026/9/30 15:37:26.590 [RX] - 56 69 56 4F 74 65 63 68 32 00 2C 00 00 00 1C 9B  PT command (OK)

2026/9/30 15:37:26.590 [RX] - 00 00 00 00 00 00 00 00 00 00 00 00 00 00 00 00 00 00 00 00 00 00 00 00 00 00 00 00 00 00 00 00 00 00 00 00 00 00 00 00 00 00 00 00 00 00 00  ----- Write Block #162 -----
 i = 162

2026/9/30 15:37:26.632 [TX] - 56 69 56 4F 74 65 63 68 32 00 2C 08 00 12 31 A2 00 00 00 00 00 00 00 00 00 00 00 00 00 00 00 00 E2 E3 
2026/9/30 15:37:26.644 [RX] - 56 69 56 4F 74 65 63 68 32 00 2C 00 00 00 1C 9B  PT command (OK)

2026/9/30 15:37:26.644 [RX] - 00 00 00 00 00 00 00 00 00 00 00 00 00 00 00 00 00 00 00 00 00 00 00 00 00 00 00 00 00 00 00 00 00 00 00 00 00 00 00 00 00 00 00 00 00 00 00  ----- Write Block #163 -----
 i = 163

2026/9/30 15:37:26.673 [TX] - 56 69 56 4F 74 65 63 68 32 00 2C 08 00 12 31 A3 00 00 00 00 00 00 00 00 00 00 00 00 00 00 00 00 F2 01 
2026/9/30 15:37:26.685 [RX] - 56 69 56 4F 74 65 63 68 32 00 2C 00 00 00 1C 9B  PT command (OK)

2026/9/30 15:37:26.685 [RX] - 00 00 00 00 00 00 00 00 00 00 00 00 00 00 00 00 00 00 00 00 00 00 00 00 00 00 00 00 00 00 00 00 00 00 00 00 00 00 00 00 00 00 00 00 00 00 00  
Mifare auth - 164

2026/9/30 15:37:26.702 [TX] - 56 69 56 4F 74 65 63 68 32 00 2C 06 00 08 A4 01 FF FF FF FF FF FF 85 9F 
2026/9/30 15:37:26.714 [RX] - 56 69 56 4F 74 65 63 68 32 00 2C 00 00 00 1C 9B  PT command (OK)

2026/9/30 15:37:26.714 [RX] - 00 00 00 00 00 00 00 00 00 00 00 00 00 00 00 00 00 00 00 00 00 00 00 00 00 00 00 00 00 00 00 00 00 00 00 00 00 00 00 00 00 00 00 00 00 00 00  ----- Write Block #164 -----
 i = 164

2026/9/30 15:37:26.744 [TX] - 56 69 56 4F 74 65 63 68 32 00 2C 08 00 12 31 A4 00 00 00 00 00 00 00 00 00 00 00 00 00 00 00 00 80 AF 
2026/9/30 15:37:26.757 [RX] - 56 69 56 4F 74 65 63 68 32 00 2C 00 00 00 1C 9B  PT command (OK)

2026/9/30 15:37:26.757 [RX] - 00 00 00 00 00 00 00 00 00 00 00 00 00 00 00 00 00 00 00 00 00 00 00 00 00 00 00 00 00 00 00 00 00 00 00 00 00 00 00 00 00 00 00 00 00 00 00  ----- Write Block #165 -----
 i = 165

2026/9/30 15:37:26.787 [TX] - 56 69 56 4F 74 65 63 68 32 00 2C 08 00 12 31 A5 00 00 00 00 00 00 00 00 00 00 00 00 00 00 00 00 90 4D 
2026/9/30 15:37:26.800 [RX] - 56 69 56 4F 74 65 63 68 32 00 2C 00 00 00 1C 9B  PT command (OK)

2026/9/30 15:37:26.800 [RX] - 00 00 00 00 00 00 00 00 00 00 00 00 00 00 00 00 00 00 00 00 00 00 00 00 00 00 00 00 00 00 00 00 00 00 00 00 00 00 00 00 00 00 00 00 00 00 00  ----- Write Block #166 -----
 i = 166

2026/9/30 15:37:26.835 [TX] - 56 69 56 4F 74 65 63 68 32 00 2C 08 00 12 31 A6 00 00 00 00 00 00 00 00 00 00 00 00 00 00 00 00 A1 6B 
2026/9/30 15:37:26.848 [RX] - 56 69 56 4F 74 65 63 68 32 00 2C 00 00 00 1C 9B  PT command (OK)

2026/9/30 15:37:26.848 [RX] - 00 00 00 00 00 00 00 00 00 00 00 00 00 00 00 00 00 00 00 00 00 00 00 00 00 00 00 00 00 00 00 00 00 00 00 00 00 00 00 00 00 00 00 00 00 00 00  ----- Write Block #167 -----
 i = 167

2026/9/30 15:37:26.875 [TX] - 56 69 56 4F 74 65 63 68 32 00 2C 08 00 12 31 A7 00 00 00 00 00 00 00 00 00 00 00 00 00 00 00 00 B1 89 
2026/9/30 15:37:26.888 [RX] - 56 69 56 4F 74 65 63 68 32 00 2C 00 00 00 1C 9B  PT command (OK)

2026/9/30 15:37:26.888 [RX] - 00 00 00 00 00 00 00 00 00 00 00 00 00 00 00 00 00 00 00 00 00 00 00 00 00 00 00 00 00 00 00 00 00 00 00 00 00 00 00 00 00 00 00 00 00 00 00  
Mifare auth - 168

2026/9/30 15:37:26.906 [TX] - 56 69 56 4F 74 65 63 68 32 00 2C 06 00 08 A8 01 FF FF FF FF FF FF 94 28 
2026/9/30 15:37:26.917 [RX] - 56 69 56 4F 74 65 63 68 32 00 2C 00 00 00 1C 9B  PT command (OK)

2026/9/30 15:37:26.917 [RX] - 00 00 00 00 00 00 00 00 00 00 00 00 00 00 00 00 00 00 00 00 00 00 00 00 00 00 00 00 00 00 00 00 00 00 00 00 00 00 00 00 00 00 00 00 00 00 00  ----- Write Block #168 -----
 i = 168

2026/9/30 15:37:26.951 [TX] - 56 69 56 4F 74 65 63 68 32 00 2C 08 00 12 31 A8 00 00 00 00 00 00 00 00 00 00 00 00 00 00 00 00 44 37 
2026/9/30 15:37:26.964 [RX] - 56 69 56 4F 74 65 63 68 32 00 2C 00 00 00 1C 9B  PT command (OK)

2026/9/30 15:37:26.964 [RX] - 00 00 00 00 00 00 00 00 00 00 00 00 00 00 00 00 00 00 00 00 00 00 00 00 00 00 00 00 00 00 00 00 00 00 00 00 00 00 00 00 00 00 00 00 00 00 00  ----- Write Block #169 -----
 i = 169

2026/9/30 15:37:26.993 [TX] - 56 69 56 4F 74 65 63 68 32 00 2C 08 00 12 31 A9 00 00 00 00 00 00 00 00 00 00 00 00 00 00 00 00 54 D5 
2026/9/30 15:37:27.005 [RX] - 56 69 56 4F 74 65 63 68 32 00 2C 00 00 00 1C 9B  PT command (OK)

2026/9/30 15:37:27.005 [RX] - 00 00 00 00 00 00 00 00 00 00 00 00 00 00 00 00 00 00 00 00 00 00 00 00 00 00 00 00 00 00 00 00 00 00 00 00 00 00 00 00 00 00 00 00 00 00 00  ----- Write Block #170 -----
 i = 170

2026/9/30 15:37:27.033 [TX] - 56 69 56 4F 74 65 63 68 32 00 2C 08 00 12 31 AA 00 00 00 00 00 00 00 00 00 00 00 00 00 00 00 00 65 F3 
2026/9/30 15:37:27.046 [RX] - 56 69 56 4F 74 65 63 68 32 00 2C 00 00 00 1C 9B  PT command (OK)

2026/9/30 15:37:27.046 [RX] - 00 00 00 00 00 00 00 00 00 00 00 00 00 00 00 00 00 00 00 00 00 00 00 00 00 00 00 00 00 00 00 00 00 00 00 00 00 00 00 00 00 00 00 00 00 00 00  ----- Write Block #171 -----
 i = 171

2026/9/30 15:37:27.075 [TX] - 56 69 56 4F 74 65 63 68 32 00 2C 08 00 12 31 AB 00 00 00 00 00 00 00 00 00 00 00 00 00 00 00 00 75 11 
2026/9/30 15:37:27.089 [RX] - 56 69 56 4F 74 65 63 68 32 00 2C 00 00 00 1C 9B  PT command (OK)

2026/9/30 15:37:27.089 [RX] - 00 00 00 00 00 00 00 00 00 00 00 00 00 00 00 00 00 00 00 00 00 00 00 00 00 00 00 00 00 00 00 00 00 00 00 00 00 00 00 00 00 00 00 00 00 00 00  
Mifare auth - 172

2026/9/30 15:37:27.121 [TX] - 56 69 56 4F 74 65 63 68 32 00 2C 06 00 08 AC 01 FF FF FF FF FF FF 9B 45 
2026/9/30 15:37:27.135 [RX] - 56 69 56 4F 74 65 63 68 32 00 2C 00 00 00 1C 9B  PT command (OK)

2026/9/30 15:37:27.135 [RX] - 00 00 00 00 00 00 00 00 00 00 00 00 00 00 00 00 00 00 00 00 00 00 00 00 00 00 00 00 00 00 00 00 00 00 00 00 00 00 00 00 00 00 00 00 00 00 00  ----- Write Block #172 -----
 i = 172

2026/9/30 15:37:27.189 [TX] - 56 69 56 4F 74 65 63 68 32 00 2C 08 00 12 31 AC 00 00 00 00 00 00 00 00 00 00 00 00 00 00 00 00 07 BF 
2026/9/30 15:37:27.202 [RX] - 56 69 56 4F 74 65 63 68 32 00 2C 00 00 00 1C 9B  PT command (OK)

2026/9/30 15:37:27.202 [RX] - 00 00 00 00 00 00 00 00 00 00 00 00 00 00 00 00 00 00 00 00 00 00 00 00 00 00 00 00 00 00 00 00 00 00 00 00 00 00 00 00 00 00 00 00 00 00 00  ----- Write Block #173 -----
 i = 173

2026/9/30 15:37:27.234 [TX] - 56 69 56 4F 74 65 63 68 32 00 2C 08 00 12 31 AD 00 00 00 00 00 00 00 00 00 00 00 00 00 00 00 00 17 5D 
2026/9/30 15:37:27.246 [RX] - 56 69 56 4F 74 65 63 68 32 00 2C 00 00 00 1C 9B  PT command (OK)

2026/9/30 15:37:27.246 [RX] - 00 00 00 00 00 00 00 00 00 00 00 00 00 00 00 00 00 00 00 00 00 00 00 00 00 00 00 00 00 00 00 00 00 00 00 00 00 00 00 00 00 00 00 00 00 00 00  ----- Write Block #174 -----
 i = 174

2026/9/30 15:37:27.274 [TX] - 56 69 56 4F 74 65 63 68 32 00 2C 08 00 12 31 AE 00 00 00 00 00 00 00 00 00 00 00 00 00 00 00 00 26 7B 
2026/9/30 15:37:27.291 [RX] - 56 69 56 4F 74 65 63 68 32 00 2C 00 00 00 1C 9B  PT command (OK)

2026/9/30 15:37:27.291 [RX] - 00 00 00 00 00 00 00 00 00 00 00 00 00 00 00 00 00 00 00 00 00 00 00 00 00 00 00 00 00 00 00 00 00 00 00 00 00 00 00 00 00 00 00 00 00 00 00  ----- #175 was SKIPPED -----
 
Mifare auth - 176

2026/9/30 15:37:27.334 [TX] - 56 69 56 4F 74 65 63 68 32 00 2C 06 00 08 B0 01 FF FF FF FF FF FF B7 46 
2026/9/30 15:37:27.345 [RX] - 56 69 56 4F 74 65 63 68 32 00 2C 00 00 00 1C 9B  PT command (OK)

2026/9/30 15:37:27.345 [RX] - 00 00 00 00 00 00 00 00 00 00 00 00 00 00 00 00 00 00 00 00 00 00 00 00 00 00 00 00 00 00 00 00 00 00 00 00 00 00 00 00 00 00 00 00 00 00 00  ----- Write Block #176 -----
 i = 176

2026/9/30 15:37:27.385 [TX] - 56 69 56 4F 74 65 63 68 32 00 2C 08 00 12 31 B0 00 00 00 00 00 00 00 00 00 00 00 00 00 00 00 00 DD 26 
2026/9/30 15:37:27.400 [RX] - 56 69 56 4F 74 65 63 68 32 00 2C 00 00 00 1C 9B  PT command (OK)

2026/9/30 15:37:27.400 [RX] - 00 00 00 00 00 00 00 00 00 00 00 00 00 00 00 00 00 00 00 00 00 00 00 00 00 00 00 00 00 00 00 00 00 00 00 00 00 00 00 00 00 00 00 00 00 00 00  ----- Write Block #177 -----
 i = 177

2026/9/30 15:37:27.441 [TX] - 56 69 56 4F 74 65 63 68 32 00 2C 08 00 12 31 B1 00 00 00 00 00 00 00 00 00 00 00 00 00 00 00 00 CD C4 
2026/9/30 15:37:27.454 [RX] - 56 69 56 4F 74 65 63 68 32 00 2C 00 00 00 1C 9B  PT command (OK)

2026/9/30 15:37:27.454 [RX] - 00 00 00 00 00 00 00 00 00 00 00 00 00 00 00 00 00 00 00 00 00 00 00 00 00 00 00 00 00 00 00 00 00 00 00 00 00 00 00 00 00 00 00 00 00 00 00  ----- Write Block #178 -----
 i = 178

2026/9/30 15:37:27.484 [TX] - 56 69 56 4F 74 65 63 68 32 00 2C 08 00 12 31 B2 00 00 00 00 00 00 00 00 00 00 00 00 00 00 00 00 FC E2 
2026/9/30 15:37:27.497 [RX] - 56 69 56 4F 74 65 63 68 32 00 2C 00 00 00 1C 9B  PT command (OK)

2026/9/30 15:37:27.497 [RX] - 00 00 00 00 00 00 00 00 00 00 00 00 00 00 00 00 00 00 00 00 00 00 00 00 00 00 00 00 00 00 00 00 00 00 00 00 00 00 00 00 00 00 00 00 00 00 00  ----- Write Block #179 -----
 i = 179

2026/9/30 15:37:27.524 [TX] - 56 69 56 4F 74 65 63 68 32 00 2C 08 00 12 31 B3 00 00 00 00 00 00 00 00 00 00 00 00 00 00 00 00 EC 00 
2026/9/30 15:37:27.536 [RX] - 56 69 56 4F 74 65 63 68 32 00 2C 00 00 00 1C 9B  PT command (OK)

2026/9/30 15:37:27.536 [RX] - 00 00 00 00 00 00 00 00 00 00 00 00 00 00 00 00 00 00 00 00 00 00 00 00 00 00 00 00 00 00 00 00 00 00 00 00 00 00 00 00 00 00 00 00 00 00 00  
Mifare auth - 180

2026/9/30 15:37:27.557 [TX] - 56 69 56 4F 74 65 63 68 32 00 2C 06 00 08 B4 01 FF FF FF FF FF FF B8 2B 
2026/9/30 15:37:27.572 [RX] - 56 69 56 4F 74 65 63 68 32 00 2C 00 00 00 1C 9B  PT command (OK)

2026/9/30 15:37:27.572 [RX] - 00 00 00 00 00 00 00 00 00 00 00 00 00 00 00 00 00 00 00 00 00 00 00 00 00 00 00 00 00 00 00 00 00 00 00 00 00 00 00 00 00 00 00 00 00 00 00  ----- Write Block #180 -----
 i = 180

2026/9/30 15:37:27.602 [TX] - 56 69 56 4F 74 65 63 68 32 00 2C 08 00 12 31 B4 00 00 00 00 00 00 00 00 00 00 00 00 00 00 00 00 9E AE 
2026/9/30 15:37:27.615 [RX] - 56 69 56 4F 74 65 63 68 32 00 2C 00 00 00 1C 9B  PT command (OK)

2026/9/30 15:37:27.615 [RX] - 00 00 00 00 00 00 00 00 00 00 00 00 00 00 00 00 00 00 00 00 00 00 00 00 00 00 00 00 00 00 00 00 00 00 00 00 00 00 00 00 00 00 00 00 00 00 00  ----- Write Block #181 -----
 i = 181

2026/9/30 15:37:27.642 [TX] - 56 69 56 4F 74 65 63 68 32 00 2C 08 00 12 31 B5 00 00 00 00 00 00 00 00 00 00 00 00 00 00 00 00 8E 4C 
2026/9/30 15:37:27.655 [RX] - 56 69 56 4F 74 65 63 68 32 00 2C 00 00 00 1C 9B  PT command (OK)

2026/9/30 15:37:27.655 [RX] - 00 00 00 00 00 00 00 00 00 00 00 00 00 00 00 00 00 00 00 00 00 00 00 00 00 00 00 00 00 00 00 00 00 00 00 00 00 00 00 00 00 00 00 00 00 00 00  ----- Write Block #182 -----
 i = 182

2026/9/30 15:37:27.686 [TX] - 56 69 56 4F 74 65 63 68 32 00 2C 08 00 12 31 B6 00 00 00 00 00 00 00 00 00 00 00 00 00 00 00 00 BF 6A 
2026/9/30 15:37:27.699 [RX] - 56 69 56 4F 74 65 63 68 32 00 2C 00 00 00 1C 9B  PT command (OK)

2026/9/30 15:37:27.699 [RX] - 00 00 00 00 00 00 00 00 00 00 00 00 00 00 00 00 00 00 00 00 00 00 00 00 00 00 00 00 00 00 00 00 00 00 00 00 00 00 00 00 00 00 00 00 00 00 00  ----- Write Block #183 -----
 i = 183

2026/9/30 15:37:27.727 [TX] - 56 69 56 4F 74 65 63 68 32 00 2C 08 00 12 31 B7 00 00 00 00 00 00 00 00 00 00 00 00 00 00 00 00 AF 88 
2026/9/30 15:37:27.742 [RX] - 56 69 56 4F 74 65 63 68 32 00 2C 00 00 00 1C 9B  PT command (OK)

2026/9/30 15:37:27.742 [RX] - 00 00 00 00 00 00 00 00 00 00 00 00 00 00 00 00 00 00 00 00 00 00 00 00 00 00 00 00 00 00 00 00 00 00 00 00 00 00 00 00 00 00 00 00 00 00 00  
Mifare auth - 184

2026/9/30 15:37:27.758 [TX] - 56 69 56 4F 74 65 63 68 32 00 2C 06 00 08 B8 01 FF FF FF FF FF FF A9 9C 
2026/9/30 15:37:27.775 [RX] - 56 69 56 4F 74 65 63 68 32 00 2C 00 00 00 1C 9B  PT command (OK)

2026/9/30 15:37:27.775 [RX] - 00 00 00 00 00 00 00 00 00 00 00 00 00 00 00 00 00 00 00 00 00 00 00 00 00 00 00 00 00 00 00 00 00 00 00 00 00 00 00 00 00 00 00 00 00 00 00  ----- Write Block #184 -----
 i = 184

2026/9/30 15:37:27.933 [TX] - 56 69 56 4F 74 65 63 68 32 00 2C 08 00 12 31 B8 00 00 00 00 00 00 00 00 00 00 00 00 00 00 00 00 5A 36 
2026/9/30 15:37:27.946 [RX] - 56 69 56 4F 74 65 63 68 32 00 2C 00 00 00 1C 9B  PT command (OK)

2026/9/30 15:37:27.946 [RX] - 00 00 00 00 00 00 00 00 00 00 00 00 00 00 00 00 00 00 00 00 00 00 00 00 00 00 00 00 00 00 00 00 00 00 00 00 00 00 00 00 00 00 00 00 00 00 00  ----- Write Block #185 -----
 i = 185

2026/9/30 15:37:27.975 [TX] - 56 69 56 4F 74 65 63 68 32 00 2C 08 00 12 31 B9 00 00 00 00 00 00 00 00 00 00 00 00 00 00 00 00 4A D4 
2026/9/30 15:37:27.987 [RX] - 56 69 56 4F 74 65 63 68 32 00 2C 00 00 00 1C 9B  PT command (OK)

2026/9/30 15:37:27.987 [RX] - 00 00 00 00 00 00 00 00 00 00 00 00 00 00 00 00 00 00 00 00 00 00 00 00 00 00 00 00 00 00 00 00 00 00 00 00 00 00 00 00 00 00 00 00 00 00 00  ----- Write Block #186 -----
 i = 186

2026/9/30 15:37:28.018 [TX] - 56 69 56 4F 74 65 63 68 32 00 2C 08 00 12 31 BA 00 00 00 00 00 00 00 00 00 00 00 00 00 00 00 00 7B F2 
2026/9/30 15:37:28.031 [RX] - 56 69 56 4F 74 65 63 68 32 00 2C 00 00 00 1C 9B  PT command (OK)

2026/9/30 15:37:28.031 [RX] - 00 00 00 00 00 00 00 00 00 00 00 00 00 00 00 00 00 00 00 00 00 00 00 00 00 00 00 00 00 00 00 00 00 00 00 00 00 00 00 00 00 00 00 00 00 00 00  ----- Write Block #187 -----
 i = 187

2026/9/30 15:37:28.061 [TX] - 56 69 56 4F 74 65 63 68 32 00 2C 08 00 12 31 BB 00 00 00 00 00 00 00 00 00 00 00 00 00 00 00 00 6B 10 
2026/9/30 15:37:28.074 [RX] - 56 69 56 4F 74 65 63 68 32 00 2C 00 00 00 1C 9B  PT command (OK)

2026/9/30 15:37:28.074 [RX] - 00 00 00 00 00 00 00 00 00 00 00 00 00 00 00 00 00 00 00 00 00 00 00 00 00 00 00 00 00 00 00 00 00 00 00 00 00 00 00 00 00 00 00 00 00 00 00  
Mifare auth - 188

2026/9/30 15:37:28.091 [TX] - 56 69 56 4F 74 65 63 68 32 00 2C 06 00 08 BC 01 FF FF FF FF FF FF A6 F1 
2026/9/30 15:37:28.104 [RX] - 56 69 56 4F 74 65 63 68 32 00 2C 00 00 00 1C 9B  PT command (OK)

2026/9/30 15:37:28.104 [RX] - 00 00 00 00 00 00 00 00 00 00 00 00 00 00 00 00 00 00 00 00 00 00 00 00 00 00 00 00 00 00 00 00 00 00 00 00 00 00 00 00 00 00 00 00 00 00 00  ----- Write Block #188 -----
 i = 188

2026/9/30 15:37:28.139 [TX] - 56 69 56 4F 74 65 63 68 32 00 2C 08 00 12 31 BC 00 00 00 00 00 00 00 00 00 00 00 00 00 00 00 00 19 BE 
2026/9/30 15:37:28.152 [RX] - 56 69 56 4F 74 65 63 68 32 00 2C 00 00 00 1C 9B  PT command (OK)

2026/9/30 15:37:28.152 [RX] - 00 00 00 00 00 00 00 00 00 00 00 00 00 00 00 00 00 00 00 00 00 00 00 00 00 00 00 00 00 00 00 00 00 00 00 00 00 00 00 00 00 00 00 00 00 00 00  ----- Write Block #189 -----
 i = 189

2026/9/30 15:37:28.184 [TX] - 56 69 56 4F 74 65 63 68 32 00 2C 08 00 12 31 BD 00 00 00 00 00 00 00 00 00 00 00 00 00 00 00 00 09 5C 
2026/9/30 15:37:28.197 [RX] - 56 69 56 4F 74 65 63 68 32 00 2C 00 00 00 1C 9B  PT command (OK)

2026/9/30 15:37:28.197 [RX] - 00 00 00 00 00 00 00 00 00 00 00 00 00 00 00 00 00 00 00 00 00 00 00 00 00 00 00 00 00 00 00 00 00 00 00 00 00 00 00 00 00 00 00 00 00 00 00  ----- Write Block #190 -----
 i = 190

2026/9/30 15:37:28.225 [TX] - 56 69 56 4F 74 65 63 68 32 00 2C 08 00 12 31 BE 00 00 00 00 00 00 00 00 00 00 00 00 00 00 00 00 38 7A 
2026/9/30 15:37:28.238 [RX] - 56 69 56 4F 74 65 63 68 32 00 2C 00 00 00 1C 9B  PT command (OK)

2026/9/30 15:37:28.238 [RX] - 00 00 00 00 00 00 00 00 00 00 00 00 00 00 00 00 00 00 00 00 00 00 00 00 00 00 00 00 00 00 00 00 00 00 00 00 00 00 00 00 00 00 00 00 00 00 00  ----- #191 was SKIPPED -----
 
Mifare auth - 192

2026/9/30 15:37:28.274 [TX] - 56 69 56 4F 74 65 63 68 32 00 2C 06 00 08 C0 01 FF FF FF FF FF FF 07 4A 
2026/9/30 15:37:28.290 [RX] - 56 69 56 4F 74 65 63 68 32 00 2C 00 00 00 1C 9B  PT command (OK)

2026/9/30 15:37:28.290 [RX] - 00 00 00 00 00 00 00 00 00 00 00 00 00 00 00 00 00 00 00 00 00 00 00 00 00 00 00 00 00 00 00 00 00 00 00 00 00 00 00 00 00 00 00 00 00 00 00  ----- Write Block #192 -----
 i = 192

2026/9/30 15:37:28.320 [TX] - 56 69 56 4F 74 65 63 68 32 00 2C 08 00 12 31 C0 00 00 00 00 00 00 00 00 00 00 00 00 00 00 00 00 87 21 
2026/9/30 15:37:28.332 [RX] - 56 69 56 4F 74 65 63 68 32 00 2C 00 00 00 1C 9B  PT command (OK)

2026/9/30 15:37:28.332 [RX] - 00 00 00 00 00 00 00 00 00 00 00 00 00 00 00 00 00 00 00 00 00 00 00 00 00 00 00 00 00 00 00 00 00 00 00 00 00 00 00 00 00 00 00 00 00 00 00  ----- Write Block #193 -----
 i = 193

2026/9/30 15:37:28.363 [TX] - 56 69 56 4F 74 65 63 68 32 00 2C 08 00 12 31 C1 00 00 00 00 00 00 00 00 00 00 00 00 00 00 00 00 97 C3 
2026/9/30 15:37:28.376 [RX] - 56 69 56 4F 74 65 63 68 32 00 2C 00 00 00 1C 9B  PT command (OK)

2026/9/30 15:37:28.376 [RX] - 00 00 00 00 00 00 00 00 00 00 00 00 00 00 00 00 00 00 00 00 00 00 00 00 00 00 00 00 00 00 00 00 00 00 00 00 00 00 00 00 00 00 00 00 00 00 00  ----- Write Block #194 -----
 i = 194

2026/9/30 15:37:28.411 [TX] - 56 69 56 4F 74 65 63 68 32 00 2C 08 00 12 31 C2 00 00 00 00 00 00 00 00 00 00 00 00 00 00 00 00 A6 E5 
2026/9/30 15:37:28.424 [RX] - 56 69 56 4F 74 65 63 68 32 00 2C 00 00 00 1C 9B  PT command (OK)

2026/9/30 15:37:28.424 [RX] - 00 00 00 00 00 00 00 00 00 00 00 00 00 00 00 00 00 00 00 00 00 00 00 00 00 00 00 00 00 00 00 00 00 00 00 00 00 00 00 00 00 00 00 00 00 00 00  ----- Write Block #195 -----
 i = 195

2026/9/30 15:37:28.452 [TX] - 56 69 56 4F 74 65 63 68 32 00 2C 08 00 12 31 C3 00 00 00 00 00 00 00 00 00 00 00 00 00 00 00 00 B6 07 
2026/9/30 15:37:28.465 [RX] - 56 69 56 4F 74 65 63 68 32 00 2C 00 00 00 1C 9B  PT command (OK)

2026/9/30 15:37:28.465 [RX] - 00 00 00 00 00 00 00 00 00 00 00 00 00 00 00 00 00 00 00 00 00 00 00 00 00 00 00 00 00 00 00 00 00 00 00 00 00 00 00 00 00 00 00 00 00 00 00  
Mifare auth - 196

2026/9/30 15:37:28.484 [TX] - 56 69 56 4F 74 65 63 68 32 00 2C 06 00 08 C4 01 FF FF FF FF FF FF 08 27 
2026/9/30 15:37:28.495 [RX] - 56 69 56 4F 74 65 63 68 32 00 2C 00 00 00 1C 9B  PT command (OK)

2026/9/30 15:37:28.495 [RX] - 00 00 00 00 00 00 00 00 00 00 00 00 00 00 00 00 00 00 00 00 00 00 00 00 00 00 00 00 00 00 00 00 00 00 00 00 00 00 00 00 00 00 00 00 00 00 00  ----- Write Block #196 -----
 i = 196

2026/9/30 15:37:28.527 [TX] - 56 69 56 4F 74 65 63 68 32 00 2C 08 00 12 31 C4 00 00 00 00 00 00 00 00 00 00 00 00 00 00 00 00 C4 A9 
2026/9/30 15:37:28.541 [RX] - 56 69 56 4F 74 65 63 68 32 00 2C 00 00 00 1C 9B  PT command (OK)

2026/9/30 15:37:28.541 [RX] - 00 00 00 00 00 00 00 00 00 00 00 00 00 00 00 00 00 00 00 00 00 00 00 00 00 00 00 00 00 00 00 00 00 00 00 00 00 00 00 00 00 00 00 00 00 00 00  ----- Write Block #197 -----
 i = 197

2026/9/30 15:37:28.585 [TX] - 56 69 56 4F 74 65 63 68 32 00 2C 08 00 12 31 C5 00 00 00 00 00 00 00 00 00 00 00 00 00 00 00 00 D4 4B 
2026/9/30 15:37:28.597 [RX] - 56 69 56 4F 74 65 63 68 32 00 2C 00 00 00 1C 9B  PT command (OK)

2026/9/30 15:37:28.597 [RX] - 00 00 00 00 00 00 00 00 00 00 00 00 00 00 00 00 00 00 00 00 00 00 00 00 00 00 00 00 00 00 00 00 00 00 00 00 00 00 00 00 00 00 00 00 00 00 00  ----- Write Block #198 -----
 i = 198

2026/9/30 15:37:28.626 [TX] - 56 69 56 4F 74 65 63 68 32 00 2C 08 00 12 31 C6 00 00 00 00 00 00 00 00 00 00 00 00 00 00 00 00 E5 6D 
2026/9/30 15:37:28.639 [RX] - 56 69 56 4F 74 65 63 68 32 00 2C 00 00 00 1C 9B  PT command (OK)

2026/9/30 15:37:28.639 [RX] - 00 00 00 00 00 00 00 00 00 00 00 00 00 00 00 00 00 00 00 00 00 00 00 00 00 00 00 00 00 00 00 00 00 00 00 00 00 00 00 00 00 00 00 00 00 00 00  ----- Write Block #199 -----
 i = 199

2026/9/30 15:37:28.670 [TX] - 56 69 56 4F 74 65 63 68 32 00 2C 08 00 12 31 C7 00 00 00 00 00 00 00 00 00 00 00 00 00 00 00 00 F5 8F 
2026/9/30 15:37:28.682 [RX] - 56 69 56 4F 74 65 63 68 32 00 2C 00 00 00 1C 9B  PT command (OK)

2026/9/30 15:37:28.682 [RX] - 00 00 00 00 00 00 00 00 00 00 00 00 00 00 00 00 00 00 00 00 00 00 00 00 00 00 00 00 00 00 00 00 00 00 00 00 00 00 00 00 00 00 00 00 00 00 00  
Mifare auth - 200

2026/9/30 15:37:28.700 [TX] - 56 69 56 4F 74 65 63 68 32 00 2C 06 00 08 C8 01 FF FF FF FF FF FF 19 90 
2026/9/30 15:37:28.712 [RX] - 56 69 56 4F 74 65 63 68 32 00 2C 00 00 00 1C 9B  PT command (OK)

2026/9/30 15:37:28.712 [RX] - 00 00 00 00 00 00 00 00 00 00 00 00 00 00 00 00 00 00 00 00 00 00 00 00 00 00 00 00 00 00 00 00 00 00 00 00 00 00 00 00 00 00 00 00 00 00 00  ----- Write Block #200 -----
 i = 200

2026/9/30 15:37:28.744 [TX] - 56 69 56 4F 74 65 63 68 32 00 2C 08 00 12 31 C8 00 00 00 00 00 00 00 00 00 00 00 00 00 00 00 00 00 31 
2026/9/30 15:37:28.758 [RX] - 56 69 56 4F 74 65 63 68 32 00 2C 00 00 00 1C 9B  PT command (OK)

2026/9/30 15:37:28.758 [RX] - 00 00 00 00 00 00 00 00 00 00 00 00 00 00 00 00 00 00 00 00 00 00 00 00 00 00 00 00 00 00 00 00 00 00 00 00 00 00 00 00 00 00 00 00 00 00 00  ----- Write Block #201 -----
 i = 201

2026/9/30 15:37:28.785 [TX] - 56 69 56 4F 74 65 63 68 32 00 2C 08 00 12 31 C9 00 00 00 00 00 00 00 00 00 00 00 00 00 00 00 00 10 D3 
2026/9/30 15:37:28.798 [RX] - 56 69 56 4F 74 65 63 68 32 00 2C 00 00 00 1C 9B  PT command (OK)

2026/9/30 15:37:28.798 [RX] - 00 00 00 00 00 00 00 00 00 00 00 00 00 00 00 00 00 00 00 00 00 00 00 00 00 00 00 00 00 00 00 00 00 00 00 00 00 00 00 00 00 00 00 00 00 00 00  ----- Write Block #202 -----
 i = 202

2026/9/30 15:37:28.827 [TX] - 56 69 56 4F 74 65 63 68 32 00 2C 08 00 12 31 CA 00 00 00 00 00 00 00 00 00 00 00 00 00 00 00 00 21 F5 
2026/9/30 15:37:28.840 [RX] - 56 69 56 4F 74 65 63 68 32 00 2C 00 00 00 1C 9B  PT command (OK)

2026/9/30 15:37:28.840 [RX] - 00 00 00 00 00 00 00 00 00 00 00 00 00 00 00 00 00 00 00 00 00 00 00 00 00 00 00 00 00 00 00 00 00 00 00 00 00 00 00 00 00 00 00 00 00 00 00  ----- Write Block #203 -----
 i = 203

2026/9/30 15:37:28.879 [TX] - 56 69 56 4F 74 65 63 68 32 00 2C 08 00 12 31 CB 00 00 00 00 00 00 00 00 00 00 00 00 00 00 00 00 31 17 
2026/9/30 15:37:28.892 [RX] - 56 69 56 4F 74 65 63 68 32 00 2C 00 00 00 1C 9B  PT command (OK)

2026/9/30 15:37:28.892 [RX] - 00 00 00 00 00 00 00 00 00 00 00 00 00 00 00 00 00 00 00 00 00 00 00 00 00 00 00 00 00 00 00 00 00 00 00 00 00 00 00 00 00 00 00 00 00 00 00  
Mifare auth - 204

2026/9/30 15:37:28.910 [TX] - 56 69 56 4F 74 65 63 68 32 00 2C 06 00 08 CC 01 FF FF FF FF FF FF 16 FD 
2026/9/30 15:37:28.922 [RX] - 56 69 56 4F 74 65 63 68 32 00 2C 00 00 00 1C 9B  PT command (OK)

2026/9/30 15:37:28.922 [RX] - 00 00 00 00 00 00 00 00 00 00 00 00 00 00 00 00 00 00 00 00 00 00 00 00 00 00 00 00 00 00 00 00 00 00 00 00 00 00 00 00 00 00 00 00 00 00 00  ----- Write Block #204 -----
 i = 204

2026/9/30 15:37:28.960 [TX] - 56 69 56 4F 74 65 63 68 32 00 2C 08 00 12 31 CC 00 00 00 00 00 00 00 00 00 00 00 00 00 00 00 00 43 B9 
2026/9/30 15:37:28.973 [RX] - 56 69 56 4F 74 65 63 68 32 00 2C 00 00 00 1C 9B  PT command (OK)

2026/9/30 15:37:28.973 [RX] - 00 00 00 00 00 00 00 00 00 00 00 00 00 00 00 00 00 00 00 00 00 00 00 00 00 00 00 00 00 00 00 00 00 00 00 00 00 00 00 00 00 00 00 00 00 00 00  ----- Write Block #205 -----
 i = 205

2026/9/30 15:37:29.009 [TX] - 56 69 56 4F 74 65 63 68 32 00 2C 08 00 12 31 CD 00 00 00 00 00 00 00 00 00 00 00 00 00 00 00 00 53 5B 
2026/9/30 15:37:29.023 [RX] - 56 69 56 4F 74 65 63 68 32 00 2C 00 00 00 1C 9B  PT command (OK)

2026/9/30 15:37:29.023 [RX] - 00 00 00 00 00 00 00 00 00 00 00 00 00 00 00 00 00 00 00 00 00 00 00 00 00 00 00 00 00 00 00 00 00 00 00 00 00 00 00 00 00 00 00 00 00 00 00  ----- Write Block #206 -----
 i = 206

2026/9/30 15:37:29.052 [TX] - 56 69 56 4F 74 65 63 68 32 00 2C 08 00 12 31 CE 00 00 00 00 00 00 00 00 00 00 00 00 00 00 00 00 62 7D 
2026/9/30 15:37:29.065 [RX] - 56 69 56 4F 74 65 63 68 32 00 2C 00 00 00 1C 9B  PT command (OK)

2026/9/30 15:37:29.065 [RX] - 00 00 00 00 00 00 00 00 00 00 00 00 00 00 00 00 00 00 00 00 00 00 00 00 00 00 00 00 00 00 00 00 00 00 00 00 00 00 00 00 00 00 00 00 00 00 00  ----- #207 was SKIPPED -----
 
Mifare auth - 208

2026/9/30 15:37:29.095 [TX] - 56 69 56 4F 74 65 63 68 32 00 2C 06 00 08 D0 01 FF FF FF FF FF FF 3A FE 
2026/9/30 15:37:29.107 [RX] - 56 69 56 4F 74 65 63 68 32 00 2C 00 00 00 1C 9B  PT command (OK)

2026/9/30 15:37:29.107 [RX] - 00 00 00 00 00 00 00 00 00 00 00 00 00 00 00 00 00 00 00 00 00 00 00 00 00 00 00 00 00 00 00 00 00 00 00 00 00 00 00 00 00 00 00 00 00 00 00  ----- Write Block #208 -----
 i = 208

2026/9/30 15:37:29.147 [TX] - 56 69 56 4F 74 65 63 68 32 00 2C 08 00 12 31 D0 00 00 00 00 00 00 00 00 00 00 00 00 00 00 00 00 99 20 
2026/9/30 15:37:29.159 [RX] - 56 69 56 4F 74 65 63 68 32 00 2C 00 00 00 1C 9B  PT command (OK)

2026/9/30 15:37:29.159 [RX] - 00 00 00 00 00 00 00 00 00 00 00 00 00 00 00 00 00 00 00 00 00 00 00 00 00 00 00 00 00 00 00 00 00 00 00 00 00 00 00 00 00 00 00 00 00 00 00  ----- Write Block #209 -----
 i = 209

2026/9/30 15:37:29.191 [TX] - 56 69 56 4F 74 65 63 68 32 00 2C 08 00 12 31 D1 00 00 00 00 00 00 00 00 00 00 00 00 00 00 00 00 89 C2 
2026/9/30 15:37:29.204 [RX] - 56 69 56 4F 74 65 63 68 32 00 2C 00 00 00 1C 9B  PT command (OK)

2026/9/30 15:37:29.204 [RX] - 00 00 00 00 00 00 00 00 00 00 00 00 00 00 00 00 00 00 00 00 00 00 00 00 00 00 00 00 00 00 00 00 00 00 00 00 00 00 00 00 00 00 00 00 00 00 00  ----- Write Block #210 -----
 i = 210

2026/9/30 15:37:29.236 [TX] - 56 69 56 4F 74 65 63 68 32 00 2C 08 00 12 31 D2 00 00 00 00 00 00 00 00 00 00 00 00 00 00 00 00 B8 E4 
2026/9/30 15:37:29.248 [RX] - 56 69 56 4F 74 65 63 68 32 00 2C 00 00 00 1C 9B  PT command (OK)

2026/9/30 15:37:29.248 [RX] - 00 00 00 00 00 00 00 00 00 00 00 00 00 00 00 00 00 00 00 00 00 00 00 00 00 00 00 00 00 00 00 00 00 00 00 00 00 00 00 00 00 00 00 00 00 00 00  ----- Write Block #211 -----
 i = 211

2026/9/30 15:37:29.277 [TX] - 56 69 56 4F 74 65 63 68 32 00 2C 08 00 12 31 D3 00 00 00 00 00 00 00 00 00 00 00 00 00 00 00 00 A8 06 
2026/9/30 15:37:29.290 [RX] - 56 69 56 4F 74 65 63 68 32 00 2C 00 00 00 1C 9B  PT command (OK)

2026/9/30 15:37:29.290 [RX] - 00 00 00 00 00 00 00 00 00 00 00 00 00 00 00 00 00 00 00 00 00 00 00 00 00 00 00 00 00 00 00 00 00 00 00 00 00 00 00 00 00 00 00 00 00 00 00  
Mifare auth - 212

2026/9/30 15:37:29.308 [TX] - 56 69 56 4F 74 65 63 68 32 00 2C 06 00 08 D4 01 FF FF FF FF FF FF 35 93 
2026/9/30 15:37:29.320 [RX] - 56 69 56 4F 74 65 63 68 32 00 2C 00 00 00 1C 9B  PT command (OK)

2026/9/30 15:37:29.320 [RX] - 00 00 00 00 00 00 00 00 00 00 00 00 00 00 00 00 00 00 00 00 00 00 00 00 00 00 00 00 00 00 00 00 00 00 00 00 00 00 00 00 00 00 00 00 00 00 00  ----- Write Block #212 -----
 i = 212

2026/9/30 15:37:29.352 [TX] - 56 69 56 4F 74 65 63 68 32 00 2C 08 00 12 31 D4 00 00 00 00 00 00 00 00 00 00 00 00 00 00 00 00 DA A8 
2026/9/30 15:37:29.366 [RX] - 56 69 56 4F 74 65 63 68 32 00 2C 00 00 00 1C 9B  PT command (OK)

2026/9/30 15:37:29.366 [RX] - 00 00 00 00 00 00 00 00 00 00 00 00 00 00 00 00 00 00 00 00 00 00 00 00 00 00 00 00 00 00 00 00 00 00 00 00 00 00 00 00 00 00 00 00 00 00 00  ----- Write Block #213 -----
 i = 213

2026/9/30 15:37:29.396 [TX] - 56 69 56 4F 74 65 63 68 32 00 2C 08 00 12 31 D5 00 00 00 00 00 00 00 00 00 00 00 00 00 00 00 00 CA 4A 
2026/9/30 15:37:29.412 [RX] - 56 69 56 4F 74 65 63 68 32 00 2C 00 00 00 1C 9B  PT command (OK)

2026/9/30 15:37:29.412 [RX] - 00 00 00 00 00 00 00 00 00 00 00 00 00 00 00 00 00 00 00 00 00 00 00 00 00 00 00 00 00 00 00 00 00 00 00 00 00 00 00 00 00 00 00 00 00 00 00  ----- Write Block #214 -----
 i = 214

2026/9/30 15:37:29.454 [TX] - 56 69 56 4F 74 65 63 68 32 00 2C 08 00 12 31 D6 00 00 00 00 00 00 00 00 00 00 00 00 00 00 00 00 FB 6C 
2026/9/30 15:37:29.467 [RX] - 56 69 56 4F 74 65 63 68 32 00 2C 00 00 00 1C 9B  PT command (OK)

2026/9/30 15:37:29.467 [RX] - 00 00 00 00 00 00 00 00 00 00 00 00 00 00 00 00 00 00 00 00 00 00 00 00 00 00 00 00 00 00 00 00 00 00 00 00 00 00 00 00 00 00 00 00 00 00 00  ----- Write Block #215 -----
 i = 215

2026/9/30 15:37:29.496 [TX] - 56 69 56 4F 74 65 63 68 32 00 2C 08 00 12 31 D7 00 00 00 00 00 00 00 00 00 00 00 00 00 00 00 00 EB 8E 
2026/9/30 15:37:29.509 [RX] - 56 69 56 4F 74 65 63 68 32 00 2C 00 00 00 1C 9B  PT command (OK)

2026/9/30 15:37:29.509 [RX] - 00 00 00 00 00 00 00 00 00 00 00 00 00 00 00 00 00 00 00 00 00 00 00 00 00 00 00 00 00 00 00 00 00 00 00 00 00 00 00 00 00 00 00 00 00 00 00  
Mifare auth - 216

2026/9/30 15:37:29.527 [TX] - 56 69 56 4F 74 65 63 68 32 00 2C 06 00 08 D8 01 FF FF FF FF FF FF 24 24 
2026/9/30 15:37:29.539 [RX] - 56 69 56 4F 74 65 63 68 32 00 2C 00 00 00 1C 9B  PT command (OK)

2026/9/30 15:37:29.539 [RX] - 00 00 00 00 00 00 00 00 00 00 00 00 00 00 00 00 00 00 00 00 00 00 00 00 00 00 00 00 00 00 00 00 00 00 00 00 00 00 00 00 00 00 00 00 00 00 00  ----- Write Block #216 -----
 i = 216

2026/9/30 15:37:29.569 [TX] - 56 69 56 4F 74 65 63 68 32 00 2C 08 00 12 31 D8 00 00 00 00 00 00 00 00 00 00 00 00 00 00 00 00 1E 30 
2026/9/30 15:37:29.583 [RX] - 56 69 56 4F 74 65 63 68 32 00 2C 00 00 00 1C 9B  PT command (OK)

2026/9/30 15:37:29.583 [RX] - 00 00 00 00 00 00 00 00 00 00 00 00 00 00 00 00 00 00 00 00 00 00 00 00 00 00 00 00 00 00 00 00 00 00 00 00 00 00 00 00 00 00 00 00 00 00 00  ----- Write Block #217 -----
 i = 217

2026/9/30 15:37:29.619 [TX] - 56 69 56 4F 74 65 63 68 32 00 2C 08 00 12 31 D9 00 00 00 00 00 00 00 00 00 00 00 00 00 00 00 00 0E D2 
2026/9/30 15:37:29.631 [RX] - 56 69 56 4F 74 65 63 68 32 00 2C 00 00 00 1C 9B  PT command (OK)

2026/9/30 15:37:29.631 [RX] - 00 00 00 00 00 00 00 00 00 00 00 00 00 00 00 00 00 00 00 00 00 00 00 00 00 00 00 00 00 00 00 00 00 00 00 00 00 00 00 00 00 00 00 00 00 00 00  ----- Write Block #218 -----
 i = 218

2026/9/30 15:37:29.663 [TX] - 56 69 56 4F 74 65 63 68 32 00 2C 08 00 12 31 DA 00 00 00 00 00 00 00 00 00 00 00 00 00 00 00 00 3F F4 
2026/9/30 15:37:29.677 [RX] - 56 69 56 4F 74 65 63 68 32 00 2C 00 00 00 1C 9B  PT command (OK)

2026/9/30 15:37:29.677 [RX] - 00 00 00 00 00 00 00 00 00 00 00 00 00 00 00 00 00 00 00 00 00 00 00 00 00 00 00 00 00 00 00 00 00 00 00 00 00 00 00 00 00 00 00 00 00 00 00  ----- Write Block #219 -----
 i = 219

2026/9/30 15:37:29.710 [TX] - 56 69 56 4F 74 65 63 68 32 00 2C 08 00 12 31 DB 00 00 00 00 00 00 00 00 00 00 00 00 00 00 00 00 2F 16 
2026/9/30 15:37:29.723 [RX] - 56 69 56 4F 74 65 63 68 32 00 2C 00 00 00 1C 9B  PT command (OK)

2026/9/30 15:37:29.723 [RX] - 00 00 00 00 00 00 00 00 00 00 00 00 00 00 00 00 00 00 00 00 00 00 00 00 00 00 00 00 00 00 00 00 00 00 00 00 00 00 00 00 00 00 00 00 00 00 00  
Mifare auth - 220

2026/9/30 15:37:29.745 [TX] - 56 69 56 4F 74 65 63 68 32 00 2C 06 00 08 DC 01 FF FF FF FF FF FF 2B 49 
2026/9/30 15:37:29.757 [RX] - 56 69 56 4F 74 65 63 68 32 00 2C 00 00 00 1C 9B  PT command (OK)

2026/9/30 15:37:29.757 [RX] - 00 00 00 00 00 00 00 00 00 00 00 00 00 00 00 00 00 00 00 00 00 00 00 00 00 00 00 00 00 00 00 00 00 00 00 00 00 00 00 00 00 00 00 00 00 00 00  ----- Write Block #220 -----
 i = 220

2026/9/30 15:37:29.789 [TX] - 56 69 56 4F 74 65 63 68 32 00 2C 08 00 12 31 DC 00 00 00 00 00 00 00 00 00 00 00 00 00 00 00 00 5D B8 
2026/9/30 15:37:29.802 [RX] - 56 69 56 4F 74 65 63 68 32 00 2C 00 00 00 1C 9B  PT command (OK)

2026/9/30 15:37:29.802 [RX] - 00 00 00 00 00 00 00 00 00 00 00 00 00 00 00 00 00 00 00 00 00 00 00 00 00 00 00 00 00 00 00 00 00 00 00 00 00 00 00 00 00 00 00 00 00 00 00  ----- Write Block #221 -----
 i = 221

2026/9/30 15:37:29.836 [TX] - 56 69 56 4F 74 65 63 68 32 00 2C 08 00 12 31 DD 00 00 00 00 00 00 00 00 00 00 00 00 00 00 00 00 4D 5A 
2026/9/30 15:37:29.849 [RX] - 56 69 56 4F 74 65 63 68 32 00 2C 00 00 00 1C 9B  PT command (OK)

2026/9/30 15:37:29.849 [RX] - 00 00 00 00 00 00 00 00 00 00 00 00 00 00 00 00 00 00 00 00 00 00 00 00 00 00 00 00 00 00 00 00 00 00 00 00 00 00 00 00 00 00 00 00 00 00 00  ----- Write Block #222 -----
 i = 222

2026/9/30 15:37:29.880 [TX] - 56 69 56 4F 74 65 63 68 32 00 2C 08 00 12 31 DE 00 00 00 00 00 00 00 00 00 00 00 00 00 00 00 00 7C 7C 
2026/9/30 15:37:29.896 [RX] - 56 69 56 4F 74 65 63 68 32 00 2C 00 00 00 1C 9B  PT command (OK)

2026/9/30 15:37:29.896 [RX] - 00 00 00 00 00 00 00 00 00 00 00 00 00 00 00 00 00 00 00 00 00 00 00 00 00 00 00 00 00 00 00 00 00 00 00 00 00 00 00 00 00 00 00 00 00 00 00  ----- #223 was SKIPPED -----
 
Mifare auth - 224

2026/9/30 15:37:29.942 [TX] - 56 69 56 4F 74 65 63 68 32 00 2C 06 00 08 E0 01 FF FF FF FF FF FF 7C 22 
2026/9/30 15:37:29.954 [RX] - 56 69 56 4F 74 65 63 68 32 00 2C 00 00 00 1C 9B  PT command (OK)

2026/9/30 15:37:29.954 [RX] - 00 00 00 00 00 00 00 00 00 00 00 00 00 00 00 00 00 00 00 00 00 00 00 00 00 00 00 00 00 00 00 00 00 00 00 00 00 00 00 00 00 00 00 00 00 00 00  ----- Write Block #224 -----
 i = 224

2026/9/30 15:37:29.994 [TX] - 56 69 56 4F 74 65 63 68 32 00 2C 08 00 12 31 E0 00 00 00 00 00 00 00 00 00 00 00 00 00 00 00 00 BB 23 
2026/9/30 15:37:30.006 [RX] - 56 69 56 4F 74 65 63 68 32 00 2C 00 00 00 1C 9B  PT command (OK)

2026/9/30 15:37:30.006 [RX] - 00 00 00 00 00 00 00 00 00 00 00 00 00 00 00 00 00 00 00 00 00 00 00 00 00 00 00 00 00 00 00 00 00 00 00 00 00 00 00 00 00 00 00 00 00 00 00  ----- Write Block #225 -----
 i = 225

2026/9/30 15:37:30.038 [TX] - 56 69 56 4F 74 65 63 68 32 00 2C 08 00 12 31 E1 00 00 00 00 00 00 00 00 00 00 00 00 00 00 00 00 AB C1 
2026/9/30 15:37:30.052 [RX] - 56 69 56 4F 74 65 63 68 32 00 2C 00 00 00 1C 9B  PT command (OK)

2026/9/30 15:37:30.052 [RX] - 00 00 00 00 00 00 00 00 00 00 00 00 00 00 00 00 00 00 00 00 00 00 00 00 00 00 00 00 00 00 00 00 00 00 00 00 00 00 00 00 00 00 00 00 00 00 00  ----- Write Block #226 -----
 i = 226

2026/9/30 15:37:30.085 [TX] - 56 69 56 4F 74 65 63 68 32 00 2C 08 00 12 31 E2 00 00 00 00 00 00 00 00 00 00 00 00 00 00 00 00 9A E7 
2026/9/30 15:37:30.100 [RX] - 56 69 56 4F 74 65 63 68 32 00 2C 00 00 00 1C 9B  PT command (OK)

2026/9/30 15:37:30.100 [RX] - 00 00 00 00 00 00 00 00 00 00 00 00 00 00 00 00 00 00 00 00 00 00 00 00 00 00 00 00 00 00 00 00 00 00 00 00 00 00 00 00 00 00 00 00 00 00 00  ----- Write Block #227 -----
 i = 227

2026/9/30 15:37:30.144 [TX] - 56 69 56 4F 74 65 63 68 32 00 2C 08 00 12 31 E3 00 00 00 00 00 00 00 00 00 00 00 00 00 00 00 00 8A 05 
2026/9/30 15:37:30.157 [RX] - 56 69 56 4F 74 65 63 68 32 00 2C 00 00 00 1C 9B  PT command (OK)

2026/9/30 15:37:30.157 [RX] - 00 00 00 00 00 00 00 00 00 00 00 00 00 00 00 00 00 00 00 00 00 00 00 00 00 00 00 00 00 00 00 00 00 00 00 00 00 00 00 00 00 00 00 00 00 00 00  
Mifare auth - 228

2026/9/30 15:37:30.177 [TX] - 56 69 56 4F 74 65 63 68 32 00 2C 06 00 08 E4 01 FF FF FF FF FF FF 73 4F 
2026/9/30 15:37:30.189 [RX] - 56 69 56 4F 74 65 63 68 32 00 2C 00 00 00 1C 9B  PT command (OK)

2026/9/30 15:37:30.189 [RX] - 00 00 00 00 00 00 00 00 00 00 00 00 00 00 00 00 00 00 00 00 00 00 00 00 00 00 00 00 00 00 00 00 00 00 00 00 00 00 00 00 00 00 00 00 00 00 00  ----- Write Block #228 -----
 i = 228

2026/9/30 15:37:30.229 [TX] - 56 69 56 4F 74 65 63 68 32 00 2C 08 00 12 31 E4 00 00 00 00 00 00 00 00 00 00 00 00 00 00 00 00 F8 AB 
2026/9/30 15:37:30.242 [RX] - 56 69 56 4F 74 65 63 68 32 00 2C 00 00 00 1C 9B  PT command (OK)

2026/9/30 15:37:30.242 [RX] - 00 00 00 00 00 00 00 00 00 00 00 00 00 00 00 00 00 00 00 00 00 00 00 00 00 00 00 00 00 00 00 00 00 00 00 00 00 00 00 00 00 00 00 00 00 00 00  ----- Write Block #229 -----
 i = 229

2026/9/30 15:37:30.276 [TX] - 56 69 56 4F 74 65 63 68 32 00 2C 08 00 12 31 E5 00 00 00 00 00 00 00 00 00 00 00 00 00 00 00 00 E8 49 
2026/9/30 15:37:30.289 [RX] - 56 69 56 4F 74 65 63 68 32 00 2C 00 00 00 1C 9B  PT command (OK)

2026/9/30 15:37:30.289 [RX] - 00 00 00 00 00 00 00 00 00 00 00 00 00 00 00 00 00 00 00 00 00 00 00 00 00 00 00 00 00 00 00 00 00 00 00 00 00 00 00 00 00 00 00 00 00 00 00  ----- Write Block #230 -----
 i = 230

2026/9/30 15:37:30.321 [TX] - 56 69 56 4F 74 65 63 68 32 00 2C 08 00 12 31 E6 00 00 00 00 00 00 00 00 00 00 00 00 00 00 00 00 D9 6F 
2026/9/30 15:37:30.336 [RX] - 56 69 56 4F 74 65 63 68 32 00 2C 00 00 00 1C 9B  PT command (OK)

2026/9/30 15:37:30.336 [RX] - 00 00 00 00 00 00 00 00 00 00 00 00 00 00 00 00 00 00 00 00 00 00 00 00 00 00 00 00 00 00 00 00 00 00 00 00 00 00 00 00 00 00 00 00 00 00 00  ----- Write Block #231 -----
 i = 231

2026/9/30 15:37:30.368 [TX] - 56 69 56 4F 74 65 63 68 32 00 2C 08 00 12 31 E7 00 00 00 00 00 00 00 00 00 00 00 00 00 00 00 00 C9 8D 
2026/9/30 15:37:30.382 [RX] - 56 69 56 4F 74 65 63 68 32 00 2C 00 00 00 1C 9B  PT command (OK)

2026/9/30 15:37:30.382 [RX] - 00 00 00 00 00 00 00 00 00 00 00 00 00 00 00 00 00 00 00 00 00 00 00 00 00 00 00 00 00 00 00 00 00 00 00 00 00 00 00 00 00 00 00 00 00 00 00  
Mifare auth - 232

2026/9/30 15:37:30.400 [TX] - 56 69 56 4F 74 65 63 68 32 00 2C 06 00 08 E8 01 FF FF FF FF FF FF 62 F8 
2026/9/30 15:37:30.414 [RX] - 56 69 56 4F 74 65 63 68 32 00 2C 00 00 00 1C 9B  PT command (OK)

2026/9/30 15:37:30.414 [RX] - 00 00 00 00 00 00 00 00 00 00 00 00 00 00 00 00 00 00 00 00 00 00 00 00 00 00 00 00 00 00 00 00 00 00 00 00 00 00 00 00 00 00 00 00 00 00 00  ----- Write Block #232 -----
 i = 232

2026/9/30 15:37:30.461 [TX] - 56 69 56 4F 74 65 63 68 32 00 2C 08 00 12 31 E8 00 00 00 00 00 00 00 00 00 00 00 00 00 00 00 00 3C 33 
2026/9/30 15:37:30.477 [RX] - 56 69 56 4F 74 65 63 68 32 00 2C 00 00 00 1C 9B  PT command (OK)

2026/9/30 15:37:30.477 [RX] - 00 00 00 00 00 00 00 00 00 00 00 00 00 00 00 00 00 00 00 00 00 00 00 00 00 00 00 00 00 00 00 00 00 00 00 00 00 00 00 00 00 00 00 00 00 00 00  ----- Write Block #233 -----
 i = 233

2026/9/30 15:37:30.509 [TX] - 56 69 56 4F 74 65 63 68 32 00 2C 08 00 12 31 E9 00 00 00 00 00 00 00 00 00 00 00 00 00 00 00 00 2C D1 
2026/9/30 15:37:30.524 [RX] - 56 69 56 4F 74 65 63 68 32 00 2C 00 00 00 1C 9B  PT command (OK)

2026/9/30 15:37:30.524 [RX] - 00 00 00 00 00 00 00 00 00 00 00 00 00 00 00 00 00 00 00 00 00 00 00 00 00 00 00 00 00 00 00 00 00 00 00 00 00 00 00 00 00 00 00 00 00 00 00  ----- Write Block #234 -----
 i = 234

2026/9/30 15:37:30.553 [TX] - 56 69 56 4F 74 65 63 68 32 00 2C 08 00 12 31 EA 00 00 00 00 00 00 00 00 00 00 00 00 00 00 00 00 1D F7 
2026/9/30 15:37:30.566 [RX] - 56 69 56 4F 74 65 63 68 32 00 2C 00 00 00 1C 9B  PT command (OK)

2026/9/30 15:37:30.566 [RX] - 00 00 00 00 00 00 00 00 00 00 00 00 00 00 00 00 00 00 00 00 00 00 00 00 00 00 00 00 00 00 00 00 00 00 00 00 00 00 00 00 00 00 00 00 00 00 00  ----- Write Block #235 -----
 i = 235

2026/9/30 15:37:30.597 [TX] - 56 69 56 4F 74 65 63 68 32 00 2C 08 00 12 31 EB 00 00 00 00 00 00 00 00 00 00 00 00 00 00 00 00 0D 15 
2026/9/30 15:37:30.609 [RX] - 56 69 56 4F 74 65 63 68 32 00 2C 00 00 00 1C 9B  PT command (OK)

2026/9/30 15:37:30.609 [RX] - 00 00 00 00 00 00 00 00 00 00 00 00 00 00 00 00 00 00 00 00 00 00 00 00 00 00 00 00 00 00 00 00 00 00 00 00 00 00 00 00 00 00 00 00 00 00 00  
Mifare auth - 236

2026/9/30 15:37:30.628 [TX] - 56 69 56 4F 74 65 63 68 32 00 2C 06 00 08 EC 01 FF FF FF FF FF FF 6D 95 
2026/9/30 15:37:30.640 [RX] - 56 69 56 4F 74 65 63 68 32 00 2C 00 00 00 1C 9B  PT command (OK)

2026/9/30 15:37:30.640 [RX] - 00 00 00 00 00 00 00 00 00 00 00 00 00 00 00 00 00 00 00 00 00 00 00 00 00 00 00 00 00 00 00 00 00 00 00 00 00 00 00 00 00 00 00 00 00 00 00  ----- Write Block #236 -----
 i = 236

2026/9/30 15:37:30.671 [TX] - 56 69 56 4F 74 65 63 68 32 00 2C 08 00 12 31 EC 00 00 00 00 00 00 00 00 00 00 00 00 00 00 00 00 7F BB 
2026/9/30 15:37:30.684 [RX] - 56 69 56 4F 74 65 63 68 32 00 2C 00 00 00 1C 9B  PT command (OK)

2026/9/30 15:37:30.684 [RX] - 00 00 00 00 00 00 00 00 00 00 00 00 00 00 00 00 00 00 00 00 00 00 00 00 00 00 00 00 00 00 00 00 00 00 00 00 00 00 00 00 00 00 00 00 00 00 00  ----- Write Block #237 -----
 i = 237

2026/9/30 15:37:30.718 [TX] - 56 69 56 4F 74 65 63 68 32 00 2C 08 00 12 31 ED 00 00 00 00 00 00 00 00 00 00 00 00 00 00 00 00 6F 59 
2026/9/30 15:37:30.731 [RX] - 56 69 56 4F 74 65 63 68 32 00 2C 00 00 00 1C 9B  PT command (OK)

2026/9/30 15:37:30.731 [RX] - 00 00 00 00 00 00 00 00 00 00 00 00 00 00 00 00 00 00 00 00 00 00 00 00 00 00 00 00 00 00 00 00 00 00 00 00 00 00 00 00 00 00 00 00 00 00 00  ----- Write Block #238 -----
 i = 238

2026/9/30 15:37:30.762 [TX] - 56 69 56 4F 74 65 63 68 32 00 2C 08 00 12 31 EE 00 00 00 00 00 00 00 00 00 00 00 00 00 00 00 00 5E 7F 
2026/9/30 15:37:30.774 [RX] - 56 69 56 4F 74 65 63 68 32 00 2C 00 00 00 1C 9B  PT command (OK)

2026/9/30 15:37:30.774 [RX] - 00 00 00 00 00 00 00 00 00 00 00 00 00 00 00 00 00 00 00 00 00 00 00 00 00 00 00 00 00 00 00 00 00 00 00 00 00 00 00 00 00 00 00 00 00 00 00  ----- #239 was SKIPPED -----
 
Mifare auth - 240

2026/9/30 15:37:30.805 [TX] - 56 69 56 4F 74 65 63 68 32 00 2C 06 00 08 F0 01 FF FF FF FF FF FF 41 96 
2026/9/30 15:37:30.821 [RX] - 56 69 56 4F 74 65 63 68 32 00 2C 00 00 00 1C 9B  PT command (OK)

2026/9/30 15:37:30.821 [RX] - 00 00 00 00 00 00 00 00 00 00 00 00 00 00 00 00 00 00 00 00 00 00 00 00 00 00 00 00 00 00 00 00 00 00 00 00 00 00 00 00 00 00 00 00 00 00 00  ----- Write Block #240 -----
 i = 240

2026/9/30 15:37:30.854 [TX] - 56 69 56 4F 74 65 63 68 32 00 2C 08 00 12 31 F0 00 00 00 00 00 00 00 00 00 00 00 00 00 00 00 00 A5 22 
2026/9/30 15:37:30.868 [RX] - 56 69 56 4F 74 65 63 68 32 00 2C 00 00 00 1C 9B  PT command (OK)

2026/9/30 15:37:30.868 [RX] - 00 00 00 00 00 00 00 00 00 00 00 00 00 00 00 00 00 00 00 00 00 00 00 00 00 00 00 00 00 00 00 00 00 00 00 00 00 00 00 00 00 00 00 00 00 00 00  ----- Write Block #241 -----
 i = 241

2026/9/30 15:37:30.898 [TX] - 56 69 56 4F 74 65 63 68 32 00 2C 08 00 12 31 F1 00 00 00 00 00 00 00 00 00 00 00 00 00 00 00 00 B5 C0 
2026/9/30 15:37:30.911 [RX] - 56 69 56 4F 74 65 63 68 32 00 2C 00 00 00 1C 9B  PT command (OK)

2026/9/30 15:37:30.911 [RX] - 00 00 00 00 00 00 00 00 00 00 00 00 00 00 00 00 00 00 00 00 00 00 00 00 00 00 00 00 00 00 00 00 00 00 00 00 00 00 00 00 00 00 00 00 00 00 00  ----- Write Block #242 -----
 i = 242

2026/9/30 15:37:30.943 [TX] - 56 69 56 4F 74 65 63 68 32 00 2C 08 00 12 31 F2 00 00 00 00 00 00 00 00 00 00 00 00 00 00 00 00 84 E6 
2026/9/30 15:37:30.955 [RX] - 56 69 56 4F 74 65 63 68 32 00 2C 00 00 00 1C 9B  PT command (OK)

2026/9/30 15:37:30.955 [RX] - 00 00 00 00 00 00 00 00 00 00 00 00 00 00 00 00 00 00 00 00 00 00 00 00 00 00 00 00 00 00 00 00 00 00 00 00 00 00 00 00 00 00 00 00 00 00 00  ----- Write Block #243 -----
 i = 243

2026/9/30 15:37:30.988 [TX] - 56 69 56 4F 74 65 63 68 32 00 2C 08 00 12 31 F3 00 00 00 00 00 00 00 00 00 00 00 00 00 00 00 00 94 04 
2026/9/30 15:37:31.001 [RX] - 56 69 56 4F 74 65 63 68 32 00 2C 00 00 00 1C 9B  PT command (OK)

2026/9/30 15:37:31.001 [RX] - 00 00 00 00 00 00 00 00 00 00 00 00 00 00 00 00 00 00 00 00 00 00 00 00 00 00 00 00 00 00 00 00 00 00 00 00 00 00 00 00 00 00 00 00 00 00 00  
Mifare auth - 244

2026/9/30 15:37:31.021 [TX] - 56 69 56 4F 74 65 63 68 32 00 2C 06 00 08 F4 01 FF FF FF FF FF FF 4E FB 
2026/9/30 15:37:31.033 [RX] - 56 69 56 4F 74 65 63 68 32 00 2C 00 00 00 1C 9B  PT command (OK)

2026/9/30 15:37:31.033 [RX] - 00 00 00 00 00 00 00 00 00 00 00 00 00 00 00 00 00 00 00 00 00 00 00 00 00 00 00 00 00 00 00 00 00 00 00 00 00 00 00 00 00 00 00 00 00 00 00  ----- Write Block #244 -----
 i = 244

2026/9/30 15:37:31.065 [TX] - 56 69 56 4F 74 65 63 68 32 00 2C 08 00 12 31 F4 00 00 00 00 00 00 00 00 00 00 00 00 00 00 00 00 E6 AA 
2026/9/30 15:37:31.078 [RX] - 56 69 56 4F 74 65 63 68 32 00 2C 00 00 00 1C 9B  PT command (OK)

2026/9/30 15:37:31.078 [RX] - 00 00 00 00 00 00 00 00 00 00 00 00 00 00 00 00 00 00 00 00 00 00 00 00 00 00 00 00 00 00 00 00 00 00 00 00 00 00 00 00 00 00 00 00 00 00 00  ----- Write Block #245 -----
 i = 245

2026/9/30 15:37:31.109 [TX] - 56 69 56 4F 74 65 63 68 32 00 2C 08 00 12 31 F5 00 00 00 00 00 00 00 00 00 00 00 00 00 00 00 00 F6 48 
2026/9/30 15:37:31.121 [RX] - 56 69 56 4F 74 65 63 68 32 00 2C 00 00 00 1C 9B  PT command (OK)

2026/9/30 15:37:31.121 [RX] - 00 00 00 00 00 00 00 00 00 00 00 00 00 00 00 00 00 00 00 00 00 00 00 00 00 00 00 00 00 00 00 00 00 00 00 00 00 00 00 00 00 00 00 00 00 00 00  ----- Write Block #246 -----
 i = 246

2026/9/30 15:37:31.155 [TX] - 56 69 56 4F 74 65 63 68 32 00 2C 08 00 12 31 F6 00 00 00 00 00 00 00 00 00 00 00 00 00 00 00 00 C7 6E 
2026/9/30 15:37:31.167 [RX] - 56 69 56 4F 74 65 63 68 32 00 2C 00 00 00 1C 9B  PT command (OK)

2026/9/30 15:37:31.167 [RX] - 00 00 00 00 00 00 00 00 00 00 00 00 00 00 00 00 00 00 00 00 00 00 00 00 00 00 00 00 00 00 00 00 00 00 00 00 00 00 00 00 00 00 00 00 00 00 00  ----- Write Block #247 -----
 i = 247

2026/9/30 15:37:31.202 [TX] - 56 69 56 4F 74 65 63 68 32 00 2C 08 00 12 31 F7 00 00 00 00 00 00 00 00 00 00 00 00 00 00 00 00 D7 8C 
2026/9/30 15:37:31.215 [RX] - 56 69 56 4F 74 65 63 68 32 00 2C 00 00 00 1C 9B  PT command (OK)

2026/9/30 15:37:31.215 [RX] - 00 00 00 00 00 00 00 00 00 00 00 00 00 00 00 00 00 00 00 00 00 00 00 00 00 00 00 00 00 00 00 00 00 00 00 00 00 00 00 00 00 00 00 00 00 00 00  
Mifare auth - 248

2026/9/30 15:37:31.236 [TX] - 56 69 56 4F 74 65 63 68 32 00 2C 06 00 08 F8 01 FF FF FF FF FF FF 5F 4C 
2026/9/30 15:37:31.248 [RX] - 56 69 56 4F 74 65 63 68 32 00 2C 00 00 00 1C 9B  PT command (OK)

2026/9/30 15:37:31.248 [RX] - 00 00 00 00 00 00 00 00 00 00 00 00 00 00 00 00 00 00 00 00 00 00 00 00 00 00 00 00 00 00 00 00 00 00 00 00 00 00 00 00 00 00 00 00 00 00 00  ----- Write Block #248 -----
 i = 248

2026/9/30 15:37:31.279 [TX] - 56 69 56 4F 74 65 63 68 32 00 2C 08 00 12 31 F8 00 00 00 00 00 00 00 00 00 00 00 00 00 00 00 00 22 32 
2026/9/30 15:37:31.292 [RX] - 56 69 56 4F 74 65 63 68 32 00 2C 00 00 00 1C 9B  PT command (OK)

2026/9/30 15:37:31.292 [RX] - 00 00 00 00 00 00 00 00 00 00 00 00 00 00 00 00 00 00 00 00 00 00 00 00 00 00 00 00 00 00 00 00 00 00 00 00 00 00 00 00 00 00 00 00 00 00 00  ----- Write Block #249 -----
 i = 249

2026/9/30 15:37:31.327 [TX] - 56 69 56 4F 74 65 63 68 32 00 2C 08 00 12 31 F9 00 00 00 00 00 00 00 00 00 00 00 00 00 00 00 00 32 D0 
2026/9/30 15:37:31.387 [RX] - 56 69 56 4F 74 65 63 68 32 00 2C 00 00 00 1C 9B  PT command (OK)

2026/9/30 15:37:31.387 [RX] - 00 00 00 00 00 00 00 00 00 00 00 00 00 00 00 00 00 00 00 00 00 00 00 00 00 00 00 00 00 00 00 00 00 00 00 00 00 00 00 00 00 00 00 00 00 00 00  ----- Write Block #250 -----
 i = 250

2026/9/30 15:37:31.440 [TX] - 56 69 56 4F 74 65 63 68 32 00 2C 08 00 12 31 FA 00 00 00 00 00 00 00 00 00 00 00 00 00 00 00 00 03 F6 
2026/9/30 15:37:31.452 [RX] - 56 69 56 4F 74 65 63 68 32 00 2C 00 00 00 1C 9B  PT command (OK)

2026/9/30 15:37:31.452 [RX] - 00 00 00 00 00 00 00 00 00 00 00 00 00 00 00 00 00 00 00 00 00 00 00 00 00 00 00 00 00 00 00 00 00 00 00 00 00 00 00 00 00 00 00 00 00 00 00  ----- Write Block #251 -----
 i = 251

2026/9/30 15:37:31.489 [TX] - 56 69 56 4F 74 65 63 68 32 00 2C 08 00 12 31 FB 00 00 00 00 00 00 00 00 00 00 00 00 00 00 00 00 13 14 
2026/9/30 15:37:31.501 [RX] - 56 69 56 4F 74 65 63 68 32 00 2C 00 00 00 1C 9B  PT command (OK)

2026/9/30 15:37:31.501 [RX] - 00 00 00 00 00 00 00 00 00 00 00 00 00 00 00 00 00 00 00 00 00 00 00 00 00 00 00 00 00 00 00 00 00 00 00 00 00 00 00 00 00 00 00 00 00 00 00  
Mifare auth - 252

2026/9/30 15:37:31.523 [TX] - 56 69 56 4F 74 65 63 68 32 00 2C 06 00 08 FC 01 FF FF FF FF FF FF 50 21 
2026/9/30 15:37:31.534 [RX] - 56 69 56 4F 74 65 63 68 32 00 2C 00 00 00 1C 9B  PT command (OK)

2026/9/30 15:37:31.534 [RX] - 00 00 00 00 00 00 00 00 00 00 00 00 00 00 00 00 00 00 00 00 00 00 00 00 00 00 00 00 00 00 00 00 00 00 00 00 00 00 00 00 00 00 00 00 00 00 00  ----- Write Block #252 -----
 i = 252

2026/9/30 15:37:31.568 [TX] - 56 69 56 4F 74 65 63 68 32 00 2C 08 00 12 31 FC 00 00 00 00 00 00 00 00 00 00 00 00 00 00 00 00 61 BA 
2026/9/30 15:37:31.581 [RX] - 56 69 56 4F 74 65 63 68 32 00 2C 00 00 00 1C 9B  PT command (OK)

2026/9/30 15:37:31.581 [RX] - 00 00 00 00 00 00 00 00 00 00 00 00 00 00 00 00 00 00 00 00 00 00 00 00 00 00 00 00 00 00 00 00 00 00 00 00 00 00 00 00 00 00 00 00 00 00 00  ----- Write Block #253 -----
 i = 253

2026/9/30 15:37:31.614 [TX] - 56 69 56 4F 74 65 63 68 32 00 2C 08 00 12 31 FD 00 00 00 00 00 00 00 00 00 00 00 00 00 00 00 00 71 58 
2026/9/30 15:37:31.627 [RX] - 56 69 56 4F 74 65 63 68 32 00 2C 00 00 00 1C 9B  PT command (OK)

2026/9/30 15:37:31.627 [RX] - 00 00 00 00 00 00 00 00 00 00 00 00 00 00 00 00 00 00 00 00 00 00 00 00 00 00 00 00 00 00 00 00 00 00 00 00 00 00 00 00 00 00 00 00 00 00 00  ----- Write Block #254 -----
 i = 254

2026/9/30 15:37:31.660 [TX] - 56 69 56 4F 74 65 63 68 32 00 2C 08 00 12 31 FE 00 00 00 00 00 00 00 00 00 00 00 00 00 00 00 00 40 7E 
2026/9/30 15:37:31.673 [RX] - 56 69 56 4F 74 65 63 68 32 00 2C 00 00 00 1C 9B  PT command (OK)

2026/9/30 15:37:31.673 [RX] - 00 00 00 00 00 00 00 00 00 00 00 00 00 00 00 00 00 00 00 00 00 00 00 00 00 00 00 00 00 00 00 00 00 00 00 00 00 00 00 00 00 00 00 00 00 00 00  ----- #255 was SKIPPED -----
 
Skipped = 40
Written = 215
 
PASSED = 215
FAILED = 0

2026/9/30 15:37:31.714 [TX] - 56 69 56 4F 74 65 63 68 32 00 2C 01 00 01 00 0D 38 
2026/9/30 15:37:31.730 [RX] - 56 69 56 4F 74 65 63 68 32 00 2C 00 00 00 1C 9B  PT command (OK)

2026/9/30 15:37:31.730 [RX] - 00 00 00 00 00 00 00 00 00 00 00 00 00 00 00 00 00 00 00 00 00 00 00 00 00 00 00 00 00 00 00 00 00 00 00 00 00 00 00 00 00 00 00 00 00 00 00  ---------- END OF TEST ----------

 Result = PASSED


Docklight Log File (HEX) - Stopped 2026/9/30 15:37:32.828 

