Docklight Log File (HEX) - Started 2026/9/14 15:12:08.707 
 TEST CASE: MF000400-4K

 --- Set POS COM PORT Settings
 Set POS COM PORT...
 POS operating on COM90 @ 115200 baud...
 Set POS COM PORT - COMPLETE


2026/9/14 15:12:10.038 [TX] - 56 69 56 4F 74 65 63 68 32 00 2C 01 00 01 00 0D 38 
2026/9/14 15:12:10.043 [RX] - 56 69 56 4F 74 65 63 68 32 00 2C 0C 00 00 69 FA 00 00 00 00 00 00 00 00 00 00 00 00 00 00 00 00 00 00 00 00 00 00 00 00 00 00 00 00 00 00 00 00 00 00 00 00 00 00 00 00 00 00 00 00 00 00 00  
PT Start


2026/9/14 15:12:13.055 [TX] - 56 69 56 4F 74 65 63 68 32 00 2C 01 00 01 01 1D 19 
2026/9/14 15:12:13.068 [RX] - 56 69 56 4F 74 65 63 68 32 00 2C 00 00 00 1C 9B  PT command (OK)

2026/9/14 15:12:13.068 [RX] - 00 00 00 00 00 00 00 00 00 00 00 00 00 00 00 00 00 00 00 00 00 00 00 00 00 00 00 00 00 00 00 00 00 00 00 00 00 00 00 00 00 00 00 00 00 00 00  
Antenna Enable


2026/9/14 15:12:13.078 [TX] - 56 69 56 4F 74 65 63 68 32 00 28 01 00 01 01 94 1F 
2026/9/14 15:12:13.083 [RX] - 56 69 56 4F 74 65 63 68 32 00 28 00 00 00 D6 6A  Antenna Enable (OK)

2026/9/14 15:12:13.083 [RX] - 00 00 00 00 00 00 00 00 00 00 00 00 00 00 00 00 00 00 00 00 00 00 00 00 00 00 00 00 00 00 00 00 00 00 00 00 00 00 00 00 00 00 00 00 00 00 00  
Poll for Token (10 sec)


2026/9/14 15:12:15.294 [TX] - 56 69 56 4F 74 65 63 68 32 00 2C 02 00 02 0A 00 B1 E4 
2026/9/14 15:12:15.351 [RX] - 56 69 56 4F 74 65 63 68 32 00 2C 00 00 05  Poll for Token (OK)

2026/9/14 15:12:15.351 [RX] - 03 E8 C3 E5 95 B8 F7 00 00 00 00 00 00 00 00 00 00 00 00 00 00 00 00 00 00 00 00 00 00 00 00 00 00 00 00 00 00 00 00 00 00 00 00 00 00 00 00 00 00  
Mifare auth - Sector 1


2026/9/14 15:12:15.367 [TX] - 56 69 56 4F 74 65 63 68 32 00 2C 06 00 08 01 01 FF FF FF FF FF FF 4B C8 
2026/9/14 15:12:15.374 [RX] - 56 69 56 4F 74 65 63 68 32 00 2C 00 00 00 1C 9B  PT command (OK)

2026/9/14 15:12:15.374 [RX] - 00 00 00 00 00 00 00 00 00 00 00 00 00 00 00 00 00 00 00 00 00 00 00 00 00 00 00 00 00 00 00 00 00 00 00 00 00 00 00 00 00 00 00 00 00 00 00  
Mifare auth - 1

2026/9/14 15:12:16.433 [TX] - 56 69 56 4F 74 65 63 68 32 00 2C 06 00 08 00 01 FF FF FF FF FF FF 0C 1B 
2026/9/14 15:12:16.441 [RX] - 56 69 56 4F 74 65 63 68 32 00 2C 00 00 00 1C 9B  PT command (OK)

2026/9/14 15:12:16.441 [RX] - 00 00 00 00 00 00 00 00 00 00 00 00 00 00 00 00 00 00 00 00 00 00 00 00 00 00 00 00 00 00 00 00 00 00 00 00 00 00 00 00 00 00 00 00 00 00 00  ----- Write Block #1 -----
 i = 001

2026/9/14 15:12:16.472 [TX] - 56 69 56 4F 74 65 63 68 32 00 2C 08 00 12 31 01 02 00 00 00 00 00 00 00 00 00 00 00 00 00 00 00 5F A6 
2026/9/14 15:12:16.484 [RX] - 56 69 56 4F 74 65 63 68 32 00 2C 00 00 00 1C 9B  PT command (OK)

2026/9/14 15:12:16.484 [RX] - 00 00 00 00 00 00 00 00 00 00 00 00 00 00 00 00 00 00 00 00 00 00 00 00 00 00 00 00 00 00 00 00 00 00 00 00 00 00 00 00 00 00 00 00 00 00 00  ----- Write Block #2 -----
 i = 002

2026/9/14 15:12:16.513 [TX] - 56 69 56 4F 74 65 63 68 32 00 2C 08 00 12 31 02 03 00 00 00 00 00 00 00 00 00 00 00 00 00 00 00 C6 A4 
2026/9/14 15:12:16.523 [RX] - 56 69 56 4F 74 65 63 68 32 00 2C 00 00 00 1C 9B  PT command (OK)

2026/9/14 15:12:16.523 [RX] - 00 00 00 00 00 00 00 00 00 00 00 00 00 00 00 00 00 00 00 00 00 00 00 00 00 00 00 00 00 00 00 00 00 00 00 00 00 00 00 00 00 00 00 00 00 00 00  ----- #3 was SKIPPED -----
 
Mifare auth - 4

2026/9/14 15:12:16.568 [TX] - 56 69 56 4F 74 65 63 68 32 00 2C 06 00 08 04 01 FF FF FF FF FF FF 03 76 
2026/9/14 15:12:16.578 [RX] - 56 69 56 4F 74 65 63 68 32 00 2C 00 00 00 1C 9B  PT command (OK)

2026/9/14 15:12:16.578 [RX] - 00 00 00 00 00 00 00 00 00 00 00 00 00 00 00 00 00 00 00 00 00 00 00 00 00 00 00 00 00 00 00 00 00 00 00 00 00 00 00 00 00 00 00 00 00 00 00  ----- Write Block #4 -----
 i = 004

2026/9/14 15:12:16.609 [TX] - 56 69 56 4F 74 65 63 68 32 00 2C 08 00 12 31 04 05 00 00 00 00 00 00 00 00 00 00 00 00 00 00 00 64 53 
2026/9/14 15:12:16.626 [RX] - 56 69 56 4F 74 65 63 68 32 00 2C 00 00 00 1C 9B  PT command (OK)

2026/9/14 15:12:16.626 [RX] - 00 00 00 00 00 00 00 00 00 00 00 00 00 00 00 00 00 00 00 00 00 00 00 00 00 00 00 00 00 00 00 00 00 00 00 00 00 00 00 00 00 00 00 00 00 00 00  ----- Write Block #5 -----
 i = 005

2026/9/14 15:12:16.664 [TX] - 56 69 56 4F 74 65 63 68 32 00 2C 08 00 12 31 05 06 00 00 00 00 00 00 00 00 00 00 00 00 00 00 00 9C FC 
2026/9/14 15:12:16.675 [RX] - 56 69 56 4F 74 65 63 68 32 00 2C 00 00 00 1C 9B  PT command (OK)

2026/9/14 15:12:16.675 [RX] - 00 00 00 00 00 00 00 00 00 00 00 00 00 00 00 00 00 00 00 00 00 00 00 00 00 00 00 00 00 00 00 00 00 00 00 00 00 00 00 00 00 00 00 00 00 00 00  ----- Write Block #6 -----
 i = 006

2026/9/14 15:12:16.715 [TX] - 56 69 56 4F 74 65 63 68 32 00 2C 08 00 12 31 06 07 00 00 00 00 00 00 00 00 00 00 00 00 00 00 00 05 FE 
2026/9/14 15:12:16.726 [RX] - 56 69 56 4F 74 65 63 68 32 00 2C 00 00 00 1C 9B  PT command (OK)

2026/9/14 15:12:16.726 [RX] - 00 00 00 00 00 00 00 00 00 00 00 00 00 00 00 00 00 00 00 00 00 00 00 00 00 00 00 00 00 00 00 00 00 00 00 00 00 00 00 00 00 00 00 00 00 00 00  ----- #7 was SKIPPED -----
 
Mifare auth - 8

2026/9/14 15:12:16.760 [TX] - 56 69 56 4F 74 65 63 68 32 00 2C 06 00 08 08 01 FF FF FF FF FF FF 12 C1 
2026/9/14 15:12:16.769 [RX] - 56 69 56 4F 74 65 63 68 32 00 2C 00 00 00 1C 9B  PT command (OK)

2026/9/14 15:12:16.769 [RX] - 00 00 00 00 00 00 00 00 00 00 00 00 00 00 00 00 00 00 00 00 00 00 00 00 00 00 00 00 00 00 00 00 00 00 00 00 00 00 00 00 00 00 00 00 00 00 00  ----- Write Block #8 -----
 i = 008

2026/9/14 15:12:16.795 [TX] - 56 69 56 4F 74 65 63 68 32 00 2C 08 00 12 31 08 09 00 00 00 00 00 00 00 00 00 00 00 00 00 00 00 31 9C 
2026/9/14 15:12:16.807 [RX] - 56 69 56 4F 74 65 63 68 32 00 2C 00 00 00 1C 9B  PT command (OK)

2026/9/14 15:12:16.807 [RX] - 00 00 00 00 00 00 00 00 00 00 00 00 00 00 00 00 00 00 00 00 00 00 00 00 00 00 00 00 00 00 00 00 00 00 00 00 00 00 00 00 00 00 00 00 00 00 00  ----- Write Block #9 -----
 i = 009

2026/9/14 15:12:16.842 [TX] - 56 69 56 4F 74 65 63 68 32 00 2C 08 00 12 31 09 0A 00 00 00 00 00 00 00 00 00 00 00 00 00 00 00 C9 33 
2026/9/14 15:12:16.853 [RX] - 56 69 56 4F 74 65 63 68 32 00 2C 00 00 00 1C 9B  PT command (OK)

2026/9/14 15:12:16.853 [RX] - 00 00 00 00 00 00 00 00 00 00 00 00 00 00 00 00 00 00 00 00 00 00 00 00 00 00 00 00 00 00 00 00 00 00 00 00 00 00 00 00 00 00 00 00 00 00 00  ----- Write Block #10 -----
 i = 010

2026/9/14 15:12:16.875 [TX] - 56 69 56 4F 74 65 63 68 32 00 2C 08 00 12 31 0A 0B 00 00 00 00 00 00 00 00 00 00 00 00 00 00 00 50 31 
2026/9/14 15:12:16.886 [RX] - 56 69 56 4F 74 65 63 68 32 00 2C 00 00 00 1C 9B  PT command (OK)

2026/9/14 15:12:16.886 [RX] - 00 00 00 00 00 00 00 00 00 00 00 00 00 00 00 00 00 00 00 00 00 00 00 00 00 00 00 00 00 00 00 00 00 00 00 00 00 00 00 00 00 00 00 00 00 00 00  ----- #11 was SKIPPED -----
 
Mifare auth - 12

2026/9/14 15:12:16.915 [TX] - 56 69 56 4F 74 65 63 68 32 00 2C 06 00 08 0C 01 FF FF FF FF FF FF 1D AC 
2026/9/14 15:12:16.925 [RX] - 56 69 56 4F 74 65 63 68 32 00 2C 00 00 00 1C 9B  PT command (OK)

2026/9/14 15:12:16.925 [RX] - 00 00 00 00 00 00 00 00 00 00 00 00 00 00 00 00 00 00 00 00 00 00 00 00 00 00 00 00 00 00 00 00 00 00 00 00 00 00 00 00 00 00 00 00 00 00 00  ----- Write Block #12 -----
 i = 012

2026/9/14 15:12:16.953 [TX] - 56 69 56 4F 74 65 63 68 32 00 2C 08 00 12 31 0C 0D 00 00 00 00 00 00 00 00 00 00 00 00 00 00 00 F2 C6 
2026/9/14 15:12:16.964 [RX] - 56 69 56 4F 74 65 63 68 32 00 2C 00 00 00 1C 9B  PT command (OK)

2026/9/14 15:12:16.964 [RX] - 00 00 00 00 00 00 00 00 00 00 00 00 00 00 00 00 00 00 00 00 00 00 00 00 00 00 00 00 00 00 00 00 00 00 00 00 00 00 00 00 00 00 00 00 00 00 00  ----- Write Block #13 -----
 i = 013

2026/9/14 15:12:16.994 [TX] - 56 69 56 4F 74 65 63 68 32 00 2C 08 00 12 31 0D 0E 00 00 00 00 00 00 00 00 00 00 00 00 00 00 00 0A 69 
2026/9/14 15:12:17.005 [RX] - 56 69 56 4F 74 65 63 68 32 00 2C 00 00 00 1C 9B  PT command (OK)

2026/9/14 15:12:17.005 [RX] - 00 00 00 00 00 00 00 00 00 00 00 00 00 00 00 00 00 00 00 00 00 00 00 00 00 00 00 00 00 00 00 00 00 00 00 00 00 00 00 00 00 00 00 00 00 00 00  ----- Write Block #14 -----
 i = 014

2026/9/14 15:12:17.032 [TX] - 56 69 56 4F 74 65 63 68 32 00 2C 08 00 12 31 0E 0F 00 00 00 00 00 00 00 00 00 00 00 00 00 00 00 93 6B 
2026/9/14 15:12:17.043 [RX] - 56 69 56 4F 74 65 63 68 32 00 2C 00 00 00 1C 9B  PT command (OK)

2026/9/14 15:12:17.043 [RX] - 00 00 00 00 00 00 00 00 00 00 00 00 00 00 00 00 00 00 00 00 00 00 00 00 00 00 00 00 00 00 00 00 00 00 00 00 00 00 00 00 00 00 00 00 00 00 00  ----- #15 was SKIPPED -----
 
Mifare auth - 16

2026/9/14 15:12:17.077 [TX] - 56 69 56 4F 74 65 63 68 32 00 2C 06 00 08 10 01 FF FF FF FF FF FF 31 AF 
2026/9/14 15:12:17.084 [RX] - 56 69 56 4F 74 65 63 68 32 00 2C 00 00 00 1C 9B  PT command (OK)

2026/9/14 15:12:17.084 [RX] - 00 00 00 00 00 00 00 00 00 00 00 00 00 00 00 00 00 00 00 00 00 00 00 00 00 00 00 00 00 00 00 00 00 00 00 00 00 00 00 00 00 00 00 00 00 00 00  ----- Write Block #16 -----
 i = 016

2026/9/14 15:12:17.116 [TX] - 56 69 56 4F 74 65 63 68 32 00 2C 08 00 12 31 10 11 00 00 00 00 00 00 00 00 00 00 00 00 00 00 00 9A 02 
2026/9/14 15:12:17.128 [RX] - 56 69 56 4F 74 65 63 68 32 00 2C 00 00 00 1C 9B  PT command (OK)

2026/9/14 15:12:17.128 [RX] - 00 00 00 00 00 00 00 00 00 00 00 00 00 00 00 00 00 00 00 00 00 00 00 00 00 00 00 00 00 00 00 00 00 00 00 00 00 00 00 00 00 00 00 00 00 00 00  ----- Write Block #17 -----
 i = 017

2026/9/14 15:12:17.171 [TX] - 56 69 56 4F 74 65 63 68 32 00 2C 08 00 12 31 11 12 00 00 00 00 00 00 00 00 00 00 00 00 00 00 00 62 AD 
2026/9/14 15:12:17.181 [RX] - 56 69 56 4F 74 65 63 68 32 00 2C 00 00 00 1C 9B  PT command (OK)

2026/9/14 15:12:17.181 [RX] - 00 00 00 00 00 00 00 00 00 00 00 00 00 00 00 00 00 00 00 00 00 00 00 00 00 00 00 00 00 00 00 00 00 00 00 00 00 00 00 00 00 00 00 00 00 00 00  ----- Write Block #18 -----
 i = 018

2026/9/14 15:12:17.203 [TX] - 56 69 56 4F 74 65 63 68 32 00 2C 08 00 12 31 12 13 00 00 00 00 00 00 00 00 00 00 00 00 00 00 00 FB AF 
2026/9/14 15:12:17.214 [RX] - 56 69 56 4F 74 65 63 68 32 00 2C 00 00 00 1C 9B  PT command (OK)

2026/9/14 15:12:17.214 [RX] - 00 00 00 00 00 00 00 00 00 00 00 00 00 00 00 00 00 00 00 00 00 00 00 00 00 00 00 00 00 00 00 00 00 00 00 00 00 00 00 00 00 00 00 00 00 00 00  ----- #19 was SKIPPED -----
 
Mifare auth - 20

2026/9/14 15:12:17.245 [TX] - 56 69 56 4F 74 65 63 68 32 00 2C 06 00 08 14 01 FF FF FF FF FF FF 3E C2 
2026/9/14 15:12:17.253 [RX] - 56 69 56 4F 74 65 63 68 32 00 2C 00 00 00 1C 9B  PT command (OK)

2026/9/14 15:12:17.253 [RX] - 00 00 00 00 00 00 00 00 00 00 00 00 00 00 00 00 00 00 00 00 00 00 00 00 00 00 00 00 00 00 00 00 00 00 00 00 00 00 00 00 00 00 00 00 00 00 00  ----- Write Block #20 -----
 i = 020

2026/9/14 15:12:17.281 [TX] - 56 69 56 4F 74 65 63 68 32 00 2C 08 00 12 31 14 15 00 00 00 00 00 00 00 00 00 00 00 00 00 00 00 59 58 
2026/9/14 15:12:17.292 [RX] - 56 69 56 4F 74 65 63 68 32 00 2C 00 00 00 1C 9B  PT command (OK)

2026/9/14 15:12:17.292 [RX] - 00 00 00 00 00 00 00 00 00 00 00 00 00 00 00 00 00 00 00 00 00 00 00 00 00 00 00 00 00 00 00 00 00 00 00 00 00 00 00 00 00 00 00 00 00 00 00  ----- Write Block #21 -----
 i = 021

2026/9/14 15:12:17.327 [TX] - 56 69 56 4F 74 65 63 68 32 00 2C 08 00 12 31 15 16 00 00 00 00 00 00 00 00 00 00 00 00 00 00 00 A1 F7 
2026/9/14 15:12:17.338 [RX] - 56 69 56 4F 74 65 63 68 32 00 2C 00 00 00 1C 9B  PT command (OK)

2026/9/14 15:12:17.338 [RX] - 00 00 00 00 00 00 00 00 00 00 00 00 00 00 00 00 00 00 00 00 00 00 00 00 00 00 00 00 00 00 00 00 00 00 00 00 00 00 00 00 00 00 00 00 00 00 00  ----- Write Block #22 -----
 i = 022

2026/9/14 15:12:17.366 [TX] - 56 69 56 4F 74 65 63 68 32 00 2C 08 00 12 31 16 17 00 00 00 00 00 00 00 00 00 00 00 00 00 00 00 38 F5 
2026/9/14 15:12:17.377 [RX] - 56 69 56 4F 74 65 63 68 32 00 2C 00 00 00 1C 9B  PT command (OK)

2026/9/14 15:12:17.377 [RX] - 00 00 00 00 00 00 00 00 00 00 00 00 00 00 00 00 00 00 00 00 00 00 00 00 00 00 00 00 00 00 00 00 00 00 00 00 00 00 00 00 00 00 00 00 00 00 00  ----- #23 was SKIPPED -----
 
Mifare auth - 24

2026/9/14 15:12:17.417 [TX] - 56 69 56 4F 74 65 63 68 32 00 2C 06 00 08 18 01 FF FF FF FF FF FF 2F 75 
2026/9/14 15:12:17.425 [RX] - 56 69 56 4F 74 65 63 68 32 00 2C 00 00 00 1C 9B  PT command (OK)

2026/9/14 15:12:17.425 [RX] - 00 00 00 00 00 00 00 00 00 00 00 00 00 00 00 00 00 00 00 00 00 00 00 00 00 00 00 00 00 00 00 00 00 00 00 00 00 00 00 00 00 00 00 00 00 00 00  ----- Write Block #24 -----
 i = 024

2026/9/14 15:12:17.453 [TX] - 56 69 56 4F 74 65 63 68 32 00 2C 08 00 12 31 18 19 00 00 00 00 00 00 00 00 00 00 00 00 00 00 00 0C 97 
2026/9/14 15:12:17.463 [RX] - 56 69 56 4F 74 65 63 68 32 00 2C 00 00 00 1C 9B  PT command (OK)

2026/9/14 15:12:17.463 [RX] - 00 00 00 00 00 00 00 00 00 00 00 00 00 00 00 00 00 00 00 00 00 00 00 00 00 00 00 00 00 00 00 00 00 00 00 00 00 00 00 00 00 00 00 00 00 00 00  ----- Write Block #25 -----
 i = 025

2026/9/14 15:12:17.487 [TX] - 56 69 56 4F 74 65 63 68 32 00 2C 08 00 12 31 19 1A 00 00 00 00 00 00 00 00 00 00 00 00 00 00 00 F4 38 
2026/9/14 15:12:17.498 [RX] - 56 69 56 4F 74 65 63 68 32 00 2C 00 00 00 1C 9B  PT command (OK)

2026/9/14 15:12:17.498 [RX] - 00 00 00 00 00 00 00 00 00 00 00 00 00 00 00 00 00 00 00 00 00 00 00 00 00 00 00 00 00 00 00 00 00 00 00 00 00 00 00 00 00 00 00 00 00 00 00  ----- Write Block #26 -----
 i = 026

2026/9/14 15:12:17.531 [TX] - 56 69 56 4F 74 65 63 68 32 00 2C 08 00 12 31 1A 1B 00 00 00 00 00 00 00 00 00 00 00 00 00 00 00 6D 3A 
2026/9/14 15:12:17.542 [RX] - 56 69 56 4F 74 65 63 68 32 00 2C 00 00 00 1C 9B  PT command (OK)

2026/9/14 15:12:17.542 [RX] - 00 00 00 00 00 00 00 00 00 00 00 00 00 00 00 00 00 00 00 00 00 00 00 00 00 00 00 00 00 00 00 00 00 00 00 00 00 00 00 00 00 00 00 00 00 00 00  ----- #27 was SKIPPED -----
 
Mifare auth - 28

2026/9/14 15:12:17.576 [TX] - 56 69 56 4F 74 65 63 68 32 00 2C 06 00 08 1C 01 FF FF FF FF FF FF 20 18 
2026/9/14 15:12:17.584 [RX] - 56 69 56 4F 74 65 63 68 32 00 2C 00 00 00 1C 9B  PT command (OK)

2026/9/14 15:12:17.584 [RX] - 00 00 00 00 00 00 00 00 00 00 00 00 00 00 00 00 00 00 00 00 00 00 00 00 00 00 00 00 00 00 00 00 00 00 00 00 00 00 00 00 00 00 00 00 00 00 00  ----- Write Block #28 -----
 i = 028

2026/9/14 15:12:17.626 [TX] - 56 69 56 4F 74 65 63 68 32 00 2C 08 00 12 31 1C 1D 00 00 00 00 00 00 00 00 00 00 00 00 00 00 00 CF CD 
2026/9/14 15:12:17.637 [RX] - 56 69 56 4F 74 65 63 68 32 00 2C 00 00 00 1C 9B  PT command (OK)

2026/9/14 15:12:17.637 [RX] - 00 00 00 00 00 00 00 00 00 00 00 00 00 00 00 00 00 00 00 00 00 00 00 00 00 00 00 00 00 00 00 00 00 00 00 00 00 00 00 00 00 00 00 00 00 00 00  ----- Write Block #29 -----
 i = 029

2026/9/14 15:12:17.661 [TX] - 56 69 56 4F 74 65 63 68 32 00 2C 08 00 12 31 1D 1E 00 00 00 00 00 00 00 00 00 00 00 00 00 00 00 37 62 
2026/9/14 15:12:17.676 [RX] - 56 69 56 4F 74 65 63 68 32 00 2C 00 00 00 1C 9B  PT command (OK)

2026/9/14 15:12:17.676 [RX] - 00 00 00 00 00 00 00 00 00 00 00 00 00 00 00 00 00 00 00 00 00 00 00 00 00 00 00 00 00 00 00 00 00 00 00 00 00 00 00 00 00 00 00 00 00 00 00  ----- Write Block #30 -----
 i = 030

2026/9/14 15:12:17.718 [TX] - 56 69 56 4F 74 65 63 68 32 00 2C 08 00 12 31 1E 1F 00 00 00 00 00 00 00 00 00 00 00 00 00 00 00 AE 60 
2026/9/14 15:12:17.728 [RX] - 56 69 56 4F 74 65 63 68 32 00 2C 00 00 00 1C 9B  PT command (OK)

2026/9/14 15:12:17.728 [RX] - 00 00 00 00 00 00 00 00 00 00 00 00 00 00 00 00 00 00 00 00 00 00 00 00 00 00 00 00 00 00 00 00 00 00 00 00 00 00 00 00 00 00 00 00 00 00 00  ----- #31 was SKIPPED -----
 
Mifare auth - 32

2026/9/14 15:12:17.760 [TX] - 56 69 56 4F 74 65 63 68 32 00 2C 06 00 08 20 01 FF FF FF FF FF FF 77 73 
2026/9/14 15:12:17.770 [RX] - 56 69 56 4F 74 65 63 68 32 00 2C 00 00 00 1C 9B  PT command (OK)

2026/9/14 15:12:17.770 [RX] - 00 00 00 00 00 00 00 00 00 00 00 00 00 00 00 00 00 00 00 00 00 00 00 00 00 00 00 00 00 00 00 00 00 00 00 00 00 00 00 00 00 00 00 00 00 00 00  ----- Write Block #32 -----
 i = 032

2026/9/14 15:12:17.800 [TX] - 56 69 56 4F 74 65 63 68 32 00 2C 08 00 12 31 20 21 00 00 00 00 00 00 00 00 00 00 00 00 00 00 00 DD 1F 
2026/9/14 15:12:17.811 [RX] - 56 69 56 4F 74 65 63 68 32 00 2C 00 00 00 1C 9B  PT command (OK)

2026/9/14 15:12:17.811 [RX] - 00 00 00 00 00 00 00 00 00 00 00 00 00 00 00 00 00 00 00 00 00 00 00 00 00 00 00 00 00 00 00 00 00 00 00 00 00 00 00 00 00 00 00 00 00 00 00  ----- Write Block #33 -----
 i = 033

2026/9/14 15:12:17.843 [TX] - 56 69 56 4F 74 65 63 68 32 00 2C 08 00 12 31 21 22 00 00 00 00 00 00 00 00 00 00 00 00 00 00 00 25 B0 
2026/9/14 15:12:17.854 [RX] - 56 69 56 4F 74 65 63 68 32 00 2C 00 00 00 1C 9B  PT command (OK)

2026/9/14 15:12:17.854 [RX] - 00 00 00 00 00 00 00 00 00 00 00 00 00 00 00 00 00 00 00 00 00 00 00 00 00 00 00 00 00 00 00 00 00 00 00 00 00 00 00 00 00 00 00 00 00 00 00  ----- Write Block #34 -----
 i = 034

2026/9/14 15:12:17.880 [TX] - 56 69 56 4F 74 65 63 68 32 00 2C 08 00 12 31 22 23 00 00 00 00 00 00 00 00 00 00 00 00 00 00 00 BC B2 
2026/9/14 15:12:17.897 [RX] - 56 69 56 4F 74 65 63 68 32 00 2C 00 00 00 1C 9B  PT command (OK)

2026/9/14 15:12:17.897 [RX] - 00 00 00 00 00 00 00 00 00 00 00 00 00 00 00 00 00 00 00 00 00 00 00 00 00 00 00 00 00 00 00 00 00 00 00 00 00 00 00 00 00 00 00 00 00 00 00  ----- #35 was SKIPPED -----
 
Mifare auth - 36

2026/9/14 15:12:17.943 [TX] - 56 69 56 4F 74 65 63 68 32 00 2C 06 00 08 24 01 FF FF FF FF FF FF 78 1E 
2026/9/14 15:12:17.951 [RX] - 56 69 56 4F 74 65 63 68 32 00 2C 00 00 00 1C 9B  PT command (OK)

2026/9/14 15:12:17.951 [RX] - 00 00 00 00 00 00 00 00 00 00 00 00 00 00 00 00 00 00 00 00 00 00 00 00 00 00 00 00 00 00 00 00 00 00 00 00 00 00 00 00 00 00 00 00 00 00 00  ----- Write Block #36 -----
 i = 036

2026/9/14 15:12:17.979 [TX] - 56 69 56 4F 74 65 63 68 32 00 2C 08 00 12 31 24 25 00 00 00 00 00 00 00 00 00 00 00 00 00 00 00 1E 45 
2026/9/14 15:12:17.992 [RX] - 56 69 56 4F 74 65 63 68 32 00 2C 00 00 00 1C 9B  PT command (OK)

2026/9/14 15:12:17.992 [RX] - 00 00 00 00 00 00 00 00 00 00 00 00 00 00 00 00 00 00 00 00 00 00 00 00 00 00 00 00 00 00 00 00 00 00 00 00 00 00 00 00 00 00 00 00 00 00 00  ----- Write Block #37 -----
 i = 037

2026/9/14 15:12:18.021 [TX] - 56 69 56 4F 74 65 63 68 32 00 2C 08 00 12 31 25 26 00 00 00 00 00 00 00 00 00 00 00 00 00 00 00 E6 EA 
2026/9/14 15:12:18.032 [RX] - 56 69 56 4F 74 65 63 68 32 00 2C 00 00 00 1C 9B  PT command (OK)

2026/9/14 15:12:18.032 [RX] - 00 00 00 00 00 00 00 00 00 00 00 00 00 00 00 00 00 00 00 00 00 00 00 00 00 00 00 00 00 00 00 00 00 00 00 00 00 00 00 00 00 00 00 00 00 00 00  ----- Write Block #38 -----
 i = 038

2026/9/14 15:12:18.055 [TX] - 56 69 56 4F 74 65 63 68 32 00 2C 08 00 12 31 26 27 00 00 00 00 00 00 00 00 00 00 00 00 00 00 00 7F E8 
2026/9/14 15:12:18.071 [RX] - 56 69 56 4F 74 65 63 68 32 00 2C 00 00 00 1C 9B  PT command (OK)

2026/9/14 15:12:18.071 [RX] - 00 00 00 00 00 00 00 00 00 00 00 00 00 00 00 00 00 00 00 00 00 00 00 00 00 00 00 00 00 00 00 00 00 00 00 00 00 00 00 00 00 00 00 00 00 00 00  ----- #39 was SKIPPED -----
 
Mifare auth - 40

2026/9/14 15:12:18.121 [TX] - 56 69 56 4F 74 65 63 68 32 00 2C 06 00 08 28 01 FF FF FF FF FF FF 69 A9 
2026/9/14 15:12:18.133 [RX] - 56 69 56 4F 74 65 63 68 32 00 2C 00 00 00 1C 9B  PT command (OK)

2026/9/14 15:12:18.133 [RX] - 00 00 00 00 00 00 00 00 00 00 00 00 00 00 00 00 00 00 00 00 00 00 00 00 00 00 00 00 00 00 00 00 00 00 00 00 00 00 00 00 00 00 00 00 00 00 00  ----- Write Block #40 -----
 i = 040

2026/9/14 15:12:18.162 [TX] - 56 69 56 4F 74 65 63 68 32 00 2C 08 00 12 31 28 29 00 00 00 00 00 00 00 00 00 00 00 00 00 00 00 4B 8A 
2026/9/14 15:12:18.174 [RX] - 56 69 56 4F 74 65 63 68 32 00 2C 00 00 00 1C 9B  PT command (OK)

2026/9/14 15:12:18.174 [RX] - 00 00 00 00 00 00 00 00 00 00 00 00 00 00 00 00 00 00 00 00 00 00 00 00 00 00 00 00 00 00 00 00 00 00 00 00 00 00 00 00 00 00 00 00 00 00 00  ----- Write Block #41 -----
 i = 041

2026/9/14 15:12:18.200 [TX] - 56 69 56 4F 74 65 63 68 32 00 2C 08 00 12 31 29 2A 00 00 00 00 00 00 00 00 00 00 00 00 00 00 00 B3 25 
2026/9/14 15:12:18.211 [RX] - 56 69 56 4F 74 65 63 68 32 00 2C 00 00 00 1C 9B  PT command (OK)

2026/9/14 15:12:18.211 [RX] - 00 00 00 00 00 00 00 00 00 00 00 00 00 00 00 00 00 00 00 00 00 00 00 00 00 00 00 00 00 00 00 00 00 00 00 00 00 00 00 00 00 00 00 00 00 00 00  ----- Write Block #42 -----
 i = 042

2026/9/14 15:12:18.250 [TX] - 56 69 56 4F 74 65 63 68 32 00 2C 08 00 12 31 2A 2B 00 00 00 00 00 00 00 00 00 00 00 00 00 00 00 2A 27 
2026/9/14 15:12:18.261 [RX] - 56 69 56 4F 74 65 63 68 32 00 2C 00 00 00 1C 9B  PT command (OK)

2026/9/14 15:12:18.261 [RX] - 00 00 00 00 00 00 00 00 00 00 00 00 00 00 00 00 00 00 00 00 00 00 00 00 00 00 00 00 00 00 00 00 00 00 00 00 00 00 00 00 00 00 00 00 00 00 00  ----- #43 was SKIPPED -----
 
Mifare auth - 44

2026/9/14 15:12:18.295 [TX] - 56 69 56 4F 74 65 63 68 32 00 2C 06 00 08 2C 01 FF FF FF FF FF FF 66 C4 
2026/9/14 15:12:18.305 [RX] - 56 69 56 4F 74 65 63 68 32 00 2C 00 00 00 1C 9B  PT command (OK)

2026/9/14 15:12:18.305 [RX] - 00 00 00 00 00 00 00 00 00 00 00 00 00 00 00 00 00 00 00 00 00 00 00 00 00 00 00 00 00 00 00 00 00 00 00 00 00 00 00 00 00 00 00 00 00 00 00  ----- Write Block #44 -----
 i = 044

2026/9/14 15:12:18.340 [TX] - 56 69 56 4F 74 65 63 68 32 00 2C 08 00 12 31 2C 2D 00 00 00 00 00 00 00 00 00 00 00 00 00 00 00 88 D0 
2026/9/14 15:12:18.351 [RX] - 56 69 56 4F 74 65 63 68 32 00 2C 00 00 00 1C 9B  PT command (OK)

2026/9/14 15:12:18.351 [RX] - 00 00 00 00 00 00 00 00 00 00 00 00 00 00 00 00 00 00 00 00 00 00 00 00 00 00 00 00 00 00 00 00 00 00 00 00 00 00 00 00 00 00 00 00 00 00 00  ----- Write Block #45 -----
 i = 045

2026/9/14 15:12:18.376 [TX] - 56 69 56 4F 74 65 63 68 32 00 2C 08 00 12 31 2D 2E 00 00 00 00 00 00 00 00 00 00 00 00 00 00 00 70 7F 
2026/9/14 15:12:18.387 [RX] - 56 69 56 4F 74 65 63 68 32 00 2C 00 00 00 1C 9B  PT command (OK)

2026/9/14 15:12:18.387 [RX] - 00 00 00 00 00 00 00 00 00 00 00 00 00 00 00 00 00 00 00 00 00 00 00 00 00 00 00 00 00 00 00 00 00 00 00 00 00 00 00 00 00 00 00 00 00 00 00  ----- Write Block #46 -----
 i = 046

2026/9/14 15:12:18.411 [TX] - 56 69 56 4F 74 65 63 68 32 00 2C 08 00 12 31 2E 2F 00 00 00 00 00 00 00 00 00 00 00 00 00 00 00 E9 7D 
2026/9/14 15:12:18.423 [RX] - 56 69 56 4F 74 65 63 68 32 00 2C 00 00 00 1C 9B  PT command (OK)

2026/9/14 15:12:18.423 [RX] - 00 00 00 00 00 00 00 00 00 00 00 00 00 00 00 00 00 00 00 00 00 00 00 00 00 00 00 00 00 00 00 00 00 00 00 00 00 00 00 00 00 00 00 00 00 00 00  ----- #47 was SKIPPED -----
 
Mifare auth - 48

2026/9/14 15:12:18.449 [TX] - 56 69 56 4F 74 65 63 68 32 00 2C 06 00 08 30 01 FF FF FF FF FF FF 4A C7 
2026/9/14 15:12:18.460 [RX] - 56 69 56 4F 74 65 63 68 32 00 2C 00 00 00 1C 9B  PT command (OK)

2026/9/14 15:12:18.460 [RX] - 00 00 00 00 00 00 00 00 00 00 00 00 00 00 00 00 00 00 00 00 00 00 00 00 00 00 00 00 00 00 00 00 00 00 00 00 00 00 00 00 00 00 00 00 00 00 00  ----- Write Block #48 -----
 i = 048

2026/9/14 15:12:18.488 [TX] - 56 69 56 4F 74 65 63 68 32 00 2C 08 00 12 31 30 31 00 00 00 00 00 00 00 00 00 00 00 00 00 00 00 E0 14 
2026/9/14 15:12:18.500 [RX] - 56 69 56 4F 74 65 63 68 32 00 2C 00 00 00 1C 9B  PT command (OK)

2026/9/14 15:12:18.500 [RX] - 00 00 00 00 00 00 00 00 00 00 00 00 00 00 00 00 00 00 00 00 00 00 00 00 00 00 00 00 00 00 00 00 00 00 00 00 00 00 00 00 00 00 00 00 00 00 00  ----- Write Block #49 -----
 i = 049

2026/9/14 15:12:18.530 [TX] - 56 69 56 4F 74 65 63 68 32 00 2C 08 00 12 31 31 32 00 00 00 00 00 00 00 00 00 00 00 00 00 00 00 18 BB 
2026/9/14 15:12:18.540 [RX] - 56 69 56 4F 74 65 63 68 32 00 2C 00 00 00 1C 9B  PT command (OK)

2026/9/14 15:12:18.540 [RX] - 00 00 00 00 00 00 00 00 00 00 00 00 00 00 00 00 00 00 00 00 00 00 00 00 00 00 00 00 00 00 00 00 00 00 00 00 00 00 00 00 00 00 00 00 00 00 00  ----- Write Block #50 -----
 i = 050

2026/9/14 15:12:18.565 [TX] - 56 69 56 4F 74 65 63 68 32 00 2C 08 00 12 31 32 33 00 00 00 00 00 00 00 00 00 00 00 00 00 00 00 81 B9 
2026/9/14 15:12:18.575 [RX] - 56 69 56 4F 74 65 63 68 32 00 2C 00 00 00 1C 9B  PT command (OK)

2026/9/14 15:12:18.575 [RX] - 00 00 00 00 00 00 00 00 00 00 00 00 00 00 00 00 00 00 00 00 00 00 00 00 00 00 00 00 00 00 00 00 00 00 00 00 00 00 00 00 00 00 00 00 00 00 00  ----- #51 was SKIPPED -----
 
Mifare auth - 52

2026/9/14 15:12:18.600 [TX] - 56 69 56 4F 74 65 63 68 32 00 2C 06 00 08 34 01 FF FF FF FF FF FF 45 AA 
2026/9/14 15:12:18.616 [RX] - 56 69 56 4F 74 65 63 68 32 00 2C 00 00 00 1C 9B  PT command (OK)

2026/9/14 15:12:18.616 [RX] - 00 00 00 00 00 00 00 00 00 00 00 00 00 00 00 00 00 00 00 00 00 00 00 00 00 00 00 00 00 00 00 00 00 00 00 00 00 00 00 00 00 00 00 00 00 00 00  ----- Write Block #52 -----
 i = 052

2026/9/14 15:12:18.644 [TX] - 56 69 56 4F 74 65 63 68 32 00 2C 08 00 12 31 34 35 00 00 00 00 00 00 00 00 00 00 00 00 00 00 00 23 4E 
2026/9/14 15:12:18.654 [RX] - 56 69 56 4F 74 65 63 68 32 00 2C 00 00 00 1C 9B  PT command (OK)

2026/9/14 15:12:18.654 [RX] - 00 00 00 00 00 00 00 00 00 00 00 00 00 00 00 00 00 00 00 00 00 00 00 00 00 00 00 00 00 00 00 00 00 00 00 00 00 00 00 00 00 00 00 00 00 00 00  ----- Write Block #53 -----
 i = 053

2026/9/14 15:12:18.679 [TX] - 56 69 56 4F 74 65 63 68 32 00 2C 08 00 12 31 35 36 00 00 00 00 00 00 00 00 00 00 00 00 00 00 00 DB E1 
2026/9/14 15:12:18.694 [RX] - 56 69 56 4F 74 65 63 68 32 00 2C 00 00 00 1C 9B  PT command (OK)

2026/9/14 15:12:18.694 [RX] - 00 00 00 00 00 00 00 00 00 00 00 00 00 00 00 00 00 00 00 00 00 00 00 00 00 00 00 00 00 00 00 00 00 00 00 00 00 00 00 00 00 00 00 00 00 00 00  ----- Write Block #54 -----
 i = 054

2026/9/14 15:12:18.744 [TX] - 56 69 56 4F 74 65 63 68 32 00 2C 08 00 12 31 36 37 00 00 00 00 00 00 00 00 00 00 00 00 00 00 00 42 E3 
2026/9/14 15:12:18.756 [RX] - 56 69 56 4F 74 65 63 68 32 00 2C 00 00 00 1C 9B  PT command (OK)

2026/9/14 15:12:18.756 [RX] - 00 00 00 00 00 00 00 00 00 00 00 00 00 00 00 00 00 00 00 00 00 00 00 00 00 00 00 00 00 00 00 00 00 00 00 00 00 00 00 00 00 00 00 00 00 00 00  ----- #55 was SKIPPED -----
 
Mifare auth - 56

2026/9/14 15:12:18.801 [TX] - 56 69 56 4F 74 65 63 68 32 00 2C 06 00 08 38 01 FF FF FF FF FF FF 54 1D 
2026/9/14 15:12:18.808 [RX] - 56 69 56 4F 74 65 63 68 32 00 2C 00 00 00 1C 9B  PT command (OK)

2026/9/14 15:12:18.808 [RX] - 00 00 00 00 00 00 00 00 00 00 00 00 00 00 00 00 00 00 00 00 00 00 00 00 00 00 00 00 00 00 00 00 00 00 00 00 00 00 00 00 00 00 00 00 00 00 00  ----- Write Block #56 -----
 i = 056

2026/9/14 15:12:18.839 [TX] - 56 69 56 4F 74 65 63 68 32 00 2C 08 00 12 31 38 39 00 00 00 00 00 00 00 00 00 00 00 00 00 00 00 76 81 
2026/9/14 15:12:18.851 [RX] - 56 69 56 4F 74 65 63 68 32 00 2C 00 00 00 1C 9B  PT command (OK)

2026/9/14 15:12:18.851 [RX] - 00 00 00 00 00 00 00 00 00 00 00 00 00 00 00 00 00 00 00 00 00 00 00 00 00 00 00 00 00 00 00 00 00 00 00 00 00 00 00 00 00 00 00 00 00 00 00  ----- Write Block #57 -----
 i = 057

2026/9/14 15:12:18.891 [TX] - 56 69 56 4F 74 65 63 68 32 00 2C 08 00 12 31 39 3A 00 00 00 00 00 00 00 00 00 00 00 00 00 00 00 8E 2E 
2026/9/14 15:12:18.901 [RX] - 56 69 56 4F 74 65 63 68 32 00 2C 00 00 00 1C 9B  PT command (OK)

2026/9/14 15:12:18.901 [RX] - 00 00 00 00 00 00 00 00 00 00 00 00 00 00 00 00 00 00 00 00 00 00 00 00 00 00 00 00 00 00 00 00 00 00 00 00 00 00 00 00 00 00 00 00 00 00 00  ----- Write Block #58 -----
 i = 058

2026/9/14 15:12:18.929 [TX] - 56 69 56 4F 74 65 63 68 32 00 2C 08 00 12 31 3A 3B 00 00 00 00 00 00 00 00 00 00 00 00 00 00 00 17 2C 
2026/9/14 15:12:18.946 [RX] - 56 69 56 4F 74 65 63 68 32 00 2C 00 00 00 1C 9B  PT command (OK)

2026/9/14 15:12:18.946 [RX] - 00 00 00 00 00 00 00 00 00 00 00 00 00 00 00 00 00 00 00 00 00 00 00 00 00 00 00 00 00 00 00 00 00 00 00 00 00 00 00 00 00 00 00 00 00 00 00  ----- #59 was SKIPPED -----
 
Mifare auth - 60

2026/9/14 15:12:18.988 [TX] - 56 69 56 4F 74 65 63 68 32 00 2C 06 00 08 3C 01 FF FF FF FF FF FF 5B 70 
2026/9/14 15:12:18.996 [RX] - 56 69 56 4F 74 65 63 68 32 00 2C 00 00 00 1C 9B  PT command (OK)

2026/9/14 15:12:18.996 [RX] - 00 00 00 00 00 00 00 00 00 00 00 00 00 00 00 00 00 00 00 00 00 00 00 00 00 00 00 00 00 00 00 00 00 00 00 00 00 00 00 00 00 00 00 00 00 00 00  ----- Write Block #60 -----
 i = 060

2026/9/14 15:12:19.024 [TX] - 56 69 56 4F 74 65 63 68 32 00 2C 08 00 12 31 3C 3D 00 00 00 00 00 00 00 00 00 00 00 00 00 00 00 B5 DB 
2026/9/14 15:12:19.034 [RX] - 56 69 56 4F 74 65 63 68 32 00 2C 00 00 00 1C 9B  PT command (OK)

2026/9/14 15:12:19.034 [RX] - 00 00 00 00 00 00 00 00 00 00 00 00 00 00 00 00 00 00 00 00 00 00 00 00 00 00 00 00 00 00 00 00 00 00 00 00 00 00 00 00 00 00 00 00 00 00 00  ----- Write Block #61 -----
 i = 061

2026/9/14 15:12:19.062 [TX] - 56 69 56 4F 74 65 63 68 32 00 2C 08 00 12 31 3D 3E 00 00 00 00 00 00 00 00 00 00 00 00 00 00 00 4D 74 
2026/9/14 15:12:19.073 [RX] - 56 69 56 4F 74 65 63 68 32 00 2C 00 00 00 1C 9B  PT command (OK)

2026/9/14 15:12:19.073 [RX] - 00 00 00 00 00 00 00 00 00 00 00 00 00 00 00 00 00 00 00 00 00 00 00 00 00 00 00 00 00 00 00 00 00 00 00 00 00 00 00 00 00 00 00 00 00 00 00  ----- Write Block #62 -----
 i = 062

2026/9/14 15:12:19.105 [TX] - 56 69 56 4F 74 65 63 68 32 00 2C 08 00 12 31 3E 3F 00 00 00 00 00 00 00 00 00 00 00 00 00 00 00 D4 76 
2026/9/14 15:12:19.119 [RX] - 56 69 56 4F 74 65 63 68 32 00 2C 00 00 00 1C 9B  PT command (OK)

2026/9/14 15:12:19.119 [RX] - 00 00 00 00 00 00 00 00 00 00 00 00 00 00 00 00 00 00 00 00 00 00 00 00 00 00 00 00 00 00 00 00 00 00 00 00 00 00 00 00 00 00 00 00 00 00 00  ----- #63 was SKIPPED -----
 
Mifare auth - 64

2026/9/14 15:12:19.151 [TX] - 56 69 56 4F 74 65 63 68 32 00 2C 06 00 08 40 01 FF FF FF FF FF FF FA CB 
2026/9/14 15:12:19.165 [RX] - 56 69 56 4F 74 65 63 68 32 00 2C 00 00 00 1C 9B  PT command (OK)

2026/9/14 15:12:19.165 [RX] - 00 00 00 00 00 00 00 00 00 00 00 00 00 00 00 00 00 00 00 00 00 00 00 00 00 00 00 00 00 00 00 00 00 00 00 00 00 00 00 00 00 00 00 00 00 00 00  ----- Write Block #64 -----
 i = 064

2026/9/14 15:12:19.197 [TX] - 56 69 56 4F 74 65 63 68 32 00 2C 08 00 12 31 40 41 00 00 00 00 00 00 00 00 00 00 00 00 00 00 00 53 25 
2026/9/14 15:12:19.213 [RX] - 56 69 56 4F 74 65 63 68 32 00 2C 00 00 00 1C 9B  PT command (OK)

2026/9/14 15:12:19.213 [RX] - 00 00 00 00 00 00 00 00 00 00 00 00 00 00 00 00 00 00 00 00 00 00 00 00 00 00 00 00 00 00 00 00 00 00 00 00 00 00 00 00 00 00 00 00 00 00 00  ----- Write Block #65 -----
 i = 065

2026/9/14 15:12:19.256 [TX] - 56 69 56 4F 74 65 63 68 32 00 2C 08 00 12 31 41 42 00 00 00 00 00 00 00 00 00 00 00 00 00 00 00 AB 8A 
2026/9/14 15:12:19.267 [RX] - 56 69 56 4F 74 65 63 68 32 00 2C 00 00 00 1C 9B  PT command (OK)

2026/9/14 15:12:19.267 [RX] - 00 00 00 00 00 00 00 00 00 00 00 00 00 00 00 00 00 00 00 00 00 00 00 00 00 00 00 00 00 00 00 00 00 00 00 00 00 00 00 00 00 00 00 00 00 00 00  ----- Write Block #66 -----
 i = 066

2026/9/14 15:12:19.295 [TX] - 56 69 56 4F 74 65 63 68 32 00 2C 08 00 12 31 42 43 00 00 00 00 00 00 00 00 00 00 00 00 00 00 00 32 88 
2026/9/14 15:12:19.309 [RX] - 56 69 56 4F 74 65 63 68 32 00 2C 00 00 00 1C 9B  PT command (OK)

2026/9/14 15:12:19.309 [RX] - 00 00 00 00 00 00 00 00 00 00 00 00 00 00 00 00 00 00 00 00 00 00 00 00 00 00 00 00 00 00 00 00 00 00 00 00 00 00 00 00 00 00 00 00 00 00 00  ----- #67 was SKIPPED -----
 
Mifare auth - 68

2026/9/14 15:12:19.344 [TX] - 56 69 56 4F 74 65 63 68 32 00 2C 06 00 08 44 01 FF FF FF FF FF FF F5 A6 
2026/9/14 15:12:19.356 [RX] - 56 69 56 4F 74 65 63 68 32 00 2C 00 00 00 1C 9B  PT command (OK)

2026/9/14 15:12:19.356 [RX] - 00 00 00 00 00 00 00 00 00 00 00 00 00 00 00 00 00 00 00 00 00 00 00 00 00 00 00 00 00 00 00 00 00 00 00 00 00 00 00 00 00 00 00 00 00 00 00  ----- Write Block #68 -----
 i = 068

2026/9/14 15:12:19.383 [TX] - 56 69 56 4F 74 65 63 68 32 00 2C 08 00 12 31 44 45 00 00 00 00 00 00 00 00 00 00 00 00 00 00 00 90 7F 
2026/9/14 15:12:19.393 [RX] - 56 69 56 4F 74 65 63 68 32 00 2C 00 00 00 1C 9B  PT command (OK)

2026/9/14 15:12:19.393 [RX] - 00 00 00 00 00 00 00 00 00 00 00 00 00 00 00 00 00 00 00 00 00 00 00 00 00 00 00 00 00 00 00 00 00 00 00 00 00 00 00 00 00 00 00 00 00 00 00  ----- Write Block #69 -----
 i = 069

2026/9/14 15:12:19.422 [TX] - 56 69 56 4F 74 65 63 68 32 00 2C 08 00 12 31 45 46 00 00 00 00 00 00 00 00 00 00 00 00 00 00 00 68 D0 
2026/9/14 15:12:19.434 [RX] - 56 69 56 4F 74 65 63 68 32 00 2C 00 00 00 1C 9B  PT command (OK)

2026/9/14 15:12:19.434 [RX] - 00 00 00 00 00 00 00 00 00 00 00 00 00 00 00 00 00 00 00 00 00 00 00 00 00 00 00 00 00 00 00 00 00 00 00 00 00 00 00 00 00 00 00 00 00 00 00  ----- Write Block #70 -----
 i = 070

2026/9/14 15:12:19.487 [TX] - 56 69 56 4F 74 65 63 68 32 00 2C 08 00 12 31 46 47 00 00 00 00 00 00 00 00 00 00 00 00 00 00 00 F1 D2 
2026/9/14 15:12:19.498 [RX] - 56 69 56 4F 74 65 63 68 32 00 2C 00 00 00 1C 9B  PT command (OK)

2026/9/14 15:12:19.498 [RX] - 00 00 00 00 00 00 00 00 00 00 00 00 00 00 00 00 00 00 00 00 00 00 00 00 00 00 00 00 00 00 00 00 00 00 00 00 00 00 00 00 00 00 00 00 00 00 00  ----- #71 was SKIPPED -----
 
Mifare auth - 72

2026/9/14 15:12:19.526 [TX] - 56 69 56 4F 74 65 63 68 32 00 2C 06 00 08 48 01 FF FF FF FF FF FF E4 11 
2026/9/14 15:12:19.534 [RX] - 56 69 56 4F 74 65 63 68 32 00 2C 00 00 00 1C 9B  PT command (OK)

2026/9/14 15:12:19.534 [RX] - 00 00 00 00 00 00 00 00 00 00 00 00 00 00 00 00 00 00 00 00 00 00 00 00 00 00 00 00 00 00 00 00 00 00 00 00 00 00 00 00 00 00 00 00 00 00 00  ----- Write Block #72 -----
 i = 072

2026/9/14 15:12:19.567 [TX] - 56 69 56 4F 74 65 63 68 32 00 2C 08 00 12 31 48 49 00 00 00 00 00 00 00 00 00 00 00 00 00 00 00 C5 B0 
2026/9/14 15:12:19.578 [RX] - 56 69 56 4F 74 65 63 68 32 00 2C 00 00 00 1C 9B  PT command (OK)

2026/9/14 15:12:19.578 [RX] - 00 00 00 00 00 00 00 00 00 00 00 00 00 00 00 00 00 00 00 00 00 00 00 00 00 00 00 00 00 00 00 00 00 00 00 00 00 00 00 00 00 00 00 00 00 00 00  ----- Write Block #73 -----
 i = 073

2026/9/14 15:12:19.605 [TX] - 56 69 56 4F 74 65 63 68 32 00 2C 08 00 12 31 49 4A 00 00 00 00 00 00 00 00 00 00 00 00 00 00 00 3D 1F 
2026/9/14 15:12:19.616 [RX] - 56 69 56 4F 74 65 63 68 32 00 2C 00 00 00 1C 9B  PT command (OK)

2026/9/14 15:12:19.616 [RX] - 00 00 00 00 00 00 00 00 00 00 00 00 00 00 00 00 00 00 00 00 00 00 00 00 00 00 00 00 00 00 00 00 00 00 00 00 00 00 00 00 00 00 00 00 00 00 00  ----- Write Block #74 -----
 i = 074

2026/9/14 15:12:19.640 [TX] - 56 69 56 4F 74 65 63 68 32 00 2C 08 00 12 31 4A 4B 00 00 00 00 00 00 00 00 00 00 00 00 00 00 00 A4 1D 
2026/9/14 15:12:19.654 [RX] - 56 69 56 4F 74 65 63 68 32 00 2C 00 00 00 1C 9B  PT command (OK)

2026/9/14 15:12:19.654 [RX] - 00 00 00 00 00 00 00 00 00 00 00 00 00 00 00 00 00 00 00 00 00 00 00 00 00 00 00 00 00 00 00 00 00 00 00 00 00 00 00 00 00 00 00 00 00 00 00  ----- #75 was SKIPPED -----
 
Mifare auth - 76

2026/9/14 15:12:19.694 [TX] - 56 69 56 4F 74 65 63 68 32 00 2C 06 00 08 4C 01 FF FF FF FF FF FF EB 7C 
2026/9/14 15:12:19.702 [RX] - 56 69 56 4F 74 65 63 68 32 00 2C 00 00 00 1C 9B  PT command (OK)

2026/9/14 15:12:19.702 [RX] - 00 00 00 00 00 00 00 00 00 00 00 00 00 00 00 00 00 00 00 00 00 00 00 00 00 00 00 00 00 00 00 00 00 00 00 00 00 00 00 00 00 00 00 00 00 00 00  ----- Write Block #76 -----
 i = 076

2026/9/14 15:12:19.729 [TX] - 56 69 56 4F 74 65 63 68 32 00 2C 08 00 12 31 4C 4D 00 00 00 00 00 00 00 00 00 00 00 00 00 00 00 06 EA 
2026/9/14 15:12:19.739 [RX] - 56 69 56 4F 74 65 63 68 32 00 2C 00 00 00 1C 9B  PT command (OK)

2026/9/14 15:12:19.739 [RX] - 00 00 00 00 00 00 00 00 00 00 00 00 00 00 00 00 00 00 00 00 00 00 00 00 00 00 00 00 00 00 00 00 00 00 00 00 00 00 00 00 00 00 00 00 00 00 00  ----- Write Block #77 -----
 i = 077

2026/9/14 15:12:19.775 [TX] - 56 69 56 4F 74 65 63 68 32 00 2C 08 00 12 31 4D 4E 00 00 00 00 00 00 00 00 00 00 00 00 00 00 00 FE 45 
2026/9/14 15:12:19.785 [RX] - 56 69 56 4F 74 65 63 68 32 00 2C 00 00 00 1C 9B  PT command (OK)

2026/9/14 15:12:19.785 [RX] - 00 00 00 00 00 00 00 00 00 00 00 00 00 00 00 00 00 00 00 00 00 00 00 00 00 00 00 00 00 00 00 00 00 00 00 00 00 00 00 00 00 00 00 00 00 00 00  ----- Write Block #78 -----
 i = 078

2026/9/14 15:12:19.811 [TX] - 56 69 56 4F 74 65 63 68 32 00 2C 08 00 12 31 4E 4F 00 00 00 00 00 00 00 00 00 00 00 00 00 00 00 67 47 
2026/9/14 15:12:19.826 [RX] - 56 69 56 4F 74 65 63 68 32 00 2C 00 00 00 1C 9B  PT command (OK)

2026/9/14 15:12:19.826 [RX] - 00 00 00 00 00 00 00 00 00 00 00 00 00 00 00 00 00 00 00 00 00 00 00 00 00 00 00 00 00 00 00 00 00 00 00 00 00 00 00 00 00 00 00 00 00 00 00  ----- #79 was SKIPPED -----
 
Mifare auth - 80

2026/9/14 15:12:19.854 [TX] - 56 69 56 4F 74 65 63 68 32 00 2C 06 00 08 50 01 FF FF FF FF FF FF C7 7F 
2026/9/14 15:12:19.862 [RX] - 56 69 56 4F 74 65 63 68 32 00 2C 00 00 00 1C 9B  PT command (OK)

2026/9/14 15:12:19.862 [RX] - 00 00 00 00 00 00 00 00 00 00 00 00 00 00 00 00 00 00 00 00 00 00 00 00 00 00 00 00 00 00 00 00 00 00 00 00 00 00 00 00 00 00 00 00 00 00 00  ----- Write Block #80 -----
 i = 080

2026/9/14 15:12:19.891 [TX] - 56 69 56 4F 74 65 63 68 32 00 2C 08 00 12 31 50 51 00 00 00 00 00 00 00 00 00 00 00 00 00 00 00 6E 2E 
2026/9/14 15:12:19.904 [RX] - 56 69 56 4F 74 65 63 68 32 00 2C 00 00 00 1C 9B  PT command (OK)

2026/9/14 15:12:19.904 [RX] - 00 00 00 00 00 00 00 00 00 00 00 00 00 00 00 00 00 00 00 00 00 00 00 00 00 00 00 00 00 00 00 00 00 00 00 00 00 00 00 00 00 00 00 00 00 00 00  ----- Write Block #81 -----
 i = 081

2026/9/14 15:12:19.931 [TX] - 56 69 56 4F 74 65 63 68 32 00 2C 08 00 12 31 51 52 00 00 00 00 00 00 00 00 00 00 00 00 00 00 00 96 81 
2026/9/14 15:12:19.943 [RX] - 56 69 56 4F 74 65 63 68 32 00 2C 00 00 00 1C 9B  PT command (OK)

2026/9/14 15:12:19.943 [RX] - 00 00 00 00 00 00 00 00 00 00 00 00 00 00 00 00 00 00 00 00 00 00 00 00 00 00 00 00 00 00 00 00 00 00 00 00 00 00 00 00 00 00 00 00 00 00 00  ----- Write Block #82 -----
 i = 082

2026/9/14 15:12:19.980 [TX] - 56 69 56 4F 74 65 63 68 32 00 2C 08 00 12 31 52 53 00 00 00 00 00 00 00 00 00 00 00 00 00 00 00 0F 83 
2026/9/14 15:12:19.991 [RX] - 56 69 56 4F 74 65 63 68 32 00 2C 00 00 00 1C 9B  PT command (OK)

2026/9/14 15:12:19.991 [RX] - 00 00 00 00 00 00 00 00 00 00 00 00 00 00 00 00 00 00 00 00 00 00 00 00 00 00 00 00 00 00 00 00 00 00 00 00 00 00 00 00 00 00 00 00 00 00 00  ----- #83 was SKIPPED -----
 
Mifare auth - 84

2026/9/14 15:12:20.029 [TX] - 56 69 56 4F 74 65 63 68 32 00 2C 06 00 08 54 01 FF FF FF FF FF FF C8 12 
2026/9/14 15:12:20.045 [RX] - 56 69 56 4F 74 65 63 68 32 00 2C 00 00 00 1C 9B  PT command (OK)

2026/9/14 15:12:20.045 [RX] - 00 00 00 00 00 00 00 00 00 00 00 00 00 00 00 00 00 00 00 00 00 00 00 00 00 00 00 00 00 00 00 00 00 00 00 00 00 00 00 00 00 00 00 00 00 00 00  ----- Write Block #84 -----
 i = 084

2026/9/14 15:12:20.083 [TX] - 56 69 56 4F 74 65 63 68 32 00 2C 08 00 12 31 54 55 00 00 00 00 00 00 00 00 00 00 00 00 00 00 00 AD 74 
2026/9/14 15:12:20.093 [RX] - 56 69 56 4F 74 65 63 68 32 00 2C 00 00 00 1C 9B  PT command (OK)

2026/9/14 15:12:20.093 [RX] - 00 00 00 00 00 00 00 00 00 00 00 00 00 00 00 00 00 00 00 00 00 00 00 00 00 00 00 00 00 00 00 00 00 00 00 00 00 00 00 00 00 00 00 00 00 00 00  ----- Write Block #85 -----
 i = 085

2026/9/14 15:12:20.119 [TX] - 56 69 56 4F 74 65 63 68 32 00 2C 08 00 12 31 55 56 00 00 00 00 00 00 00 00 00 00 00 00 00 00 00 55 DB 
2026/9/14 15:12:20.129 [RX] - 56 69 56 4F 74 65 63 68 32 00 2C 00 00 00 1C 9B  PT command (OK)

2026/9/14 15:12:20.129 [RX] - 00 00 00 00 00 00 00 00 00 00 00 00 00 00 00 00 00 00 00 00 00 00 00 00 00 00 00 00 00 00 00 00 00 00 00 00 00 00 00 00 00 00 00 00 00 00 00  ----- Write Block #86 -----
 i = 086

2026/9/14 15:12:20.157 [TX] - 56 69 56 4F 74 65 63 68 32 00 2C 08 00 12 31 56 57 00 00 00 00 00 00 00 00 00 00 00 00 00 00 00 CC D9 
2026/9/14 15:12:20.170 [RX] - 56 69 56 4F 74 65 63 68 32 00 2C 00 00 00 1C 9B  PT command (OK)

2026/9/14 15:12:20.170 [RX] - 00 00 00 00 00 00 00 00 00 00 00 00 00 00 00 00 00 00 00 00 00 00 00 00 00 00 00 00 00 00 00 00 00 00 00 00 00 00 00 00 00 00 00 00 00 00 00  ----- #87 was SKIPPED -----
 
Mifare auth - 88

2026/9/14 15:12:20.195 [TX] - 56 69 56 4F 74 65 63 68 32 00 2C 06 00 08 58 01 FF FF FF FF FF FF D9 A5 
2026/9/14 15:12:20.203 [RX] - 56 69 56 4F 74 65 63 68 32 00 2C 00 00 00 1C 9B  PT command (OK)

2026/9/14 15:12:20.203 [RX] - 00 00 00 00 00 00 00 00 00 00 00 00 00 00 00 00 00 00 00 00 00 00 00 00 00 00 00 00 00 00 00 00 00 00 00 00 00 00 00 00 00 00 00 00 00 00 00  ----- Write Block #88 -----
 i = 088

2026/9/14 15:12:20.235 [TX] - 56 69 56 4F 74 65 63 68 32 00 2C 08 00 12 31 58 59 00 00 00 00 00 00 00 00 00 00 00 00 00 00 00 F8 BB 
2026/9/14 15:12:20.250 [RX] - 56 69 56 4F 74 65 63 68 32 00 2C 00 00 00 1C 9B  PT command (OK)

2026/9/14 15:12:20.250 [RX] - 00 00 00 00 00 00 00 00 00 00 00 00 00 00 00 00 00 00 00 00 00 00 00 00 00 00 00 00 00 00 00 00 00 00 00 00 00 00 00 00 00 00 00 00 00 00 00  ----- Write Block #89 -----
 i = 089

2026/9/14 15:12:20.283 [TX] - 56 69 56 4F 74 65 63 68 32 00 2C 08 00 12 31 59 5A 00 00 00 00 00 00 00 00 00 00 00 00 00 00 00 00 14 
2026/9/14 15:12:20.297 [RX] - 56 69 56 4F 74 65 63 68 32 00 2C 00 00 00 1C 9B  PT command (OK)

2026/9/14 15:12:20.297 [RX] - 00 00 00 00 00 00 00 00 00 00 00 00 00 00 00 00 00 00 00 00 00 00 00 00 00 00 00 00 00 00 00 00 00 00 00 00 00 00 00 00 00 00 00 00 00 00 00  ----- Write Block #90 -----
 i = 090

2026/9/14 15:12:20.325 [TX] - 56 69 56 4F 74 65 63 68 32 00 2C 08 00 12 31 5A 5B 00 00 00 00 00 00 00 00 00 00 00 00 00 00 00 99 16 
2026/9/14 15:12:20.336 [RX] - 56 69 56 4F 74 65 63 68 32 00 2C 00 00 00 1C 9B  PT command (OK)

2026/9/14 15:12:20.336 [RX] - 00 00 00 00 00 00 00 00 00 00 00 00 00 00 00 00 00 00 00 00 00 00 00 00 00 00 00 00 00 00 00 00 00 00 00 00 00 00 00 00 00 00 00 00 00 00 00  ----- #91 was SKIPPED -----
 
Mifare auth - 92

2026/9/14 15:12:20.368 [TX] - 56 69 56 4F 74 65 63 68 32 00 2C 06 00 08 5C 01 FF FF FF FF FF FF D6 C8 
2026/9/14 15:12:20.376 [RX] - 56 69 56 4F 74 65 63 68 32 00 2C 00 00 00 1C 9B  PT command (OK)

2026/9/14 15:12:20.376 [RX] - 00 00 00 00 00 00 00 00 00 00 00 00 00 00 00 00 00 00 00 00 00 00 00 00 00 00 00 00 00 00 00 00 00 00 00 00 00 00 00 00 00 00 00 00 00 00 00  ----- Write Block #92 -----
 i = 092

2026/9/14 15:12:20.408 [TX] - 56 69 56 4F 74 65 63 68 32 00 2C 08 00 12 31 5C 5D 00 00 00 00 00 00 00 00 00 00 00 00 00 00 00 3B E1 
2026/9/14 15:12:20.422 [RX] - 56 69 56 4F 74 65 63 68 32 00 2C 00 00 00 1C 9B  PT command (OK)

2026/9/14 15:12:20.422 [RX] - 00 00 00 00 00 00 00 00 00 00 00 00 00 00 00 00 00 00 00 00 00 00 00 00 00 00 00 00 00 00 00 00 00 00 00 00 00 00 00 00 00 00 00 00 00 00 00  ----- Write Block #93 -----
 i = 093

2026/9/14 15:12:20.449 [TX] - 56 69 56 4F 74 65 63 68 32 00 2C 08 00 12 31 5D 5E 00 00 00 00 00 00 00 00 00 00 00 00 00 00 00 C3 4E 
2026/9/14 15:12:20.459 [RX] - 56 69 56 4F 74 65 63 68 32 00 2C 00 00 00 1C 9B  PT command (OK)

2026/9/14 15:12:20.459 [RX] - 00 00 00 00 00 00 00 00 00 00 00 00 00 00 00 00 00 00 00 00 00 00 00 00 00 00 00 00 00 00 00 00 00 00 00 00 00 00 00 00 00 00 00 00 00 00 00  ----- Write Block #94 -----
 i = 094

2026/9/14 15:12:20.493 [TX] - 56 69 56 4F 74 65 63 68 32 00 2C 08 00 12 31 5E 5F 00 00 00 00 00 00 00 00 00 00 00 00 00 00 00 5A 4C 
2026/9/14 15:12:20.504 [RX] - 56 69 56 4F 74 65 63 68 32 00 2C 00 00 00 1C 9B  PT command (OK)

2026/9/14 15:12:20.504 [RX] - 00 00 00 00 00 00 00 00 00 00 00 00 00 00 00 00 00 00 00 00 00 00 00 00 00 00 00 00 00 00 00 00 00 00 00 00 00 00 00 00 00 00 00 00 00 00 00  ----- #95 was SKIPPED -----
 
Mifare auth - 96

2026/9/14 15:12:20.535 [TX] - 56 69 56 4F 74 65 63 68 32 00 2C 06 00 08 60 01 FF FF FF FF FF FF 81 A3 
2026/9/14 15:12:20.548 [RX] - 56 69 56 4F 74 65 63 68 32 00 2C 00 00 00 1C 9B  PT command (OK)

2026/9/14 15:12:20.548 [RX] - 00 00 00 00 00 00 00 00 00 00 00 00 00 00 00 00 00 00 00 00 00 00 00 00 00 00 00 00 00 00 00 00 00 00 00 00 00 00 00 00 00 00 00 00 00 00 00  ----- Write Block #96 -----
 i = 096

2026/9/14 15:12:20.584 [TX] - 56 69 56 4F 74 65 63 68 32 00 2C 08 00 12 31 60 61 00 00 00 00 00 00 00 00 00 00 00 00 00 00 00 29 33 
2026/9/14 15:12:20.595 [RX] - 56 69 56 4F 74 65 63 68 32 00 2C 00 00 00 1C 9B  PT command (OK)

2026/9/14 15:12:20.595 [RX] - 00 00 00 00 00 00 00 00 00 00 00 00 00 00 00 00 00 00 00 00 00 00 00 00 00 00 00 00 00 00 00 00 00 00 00 00 00 00 00 00 00 00 00 00 00 00 00  ----- Write Block #97 -----
 i = 097

2026/9/14 15:12:20.624 [TX] - 56 69 56 4F 74 65 63 68 32 00 2C 08 00 12 31 61 62 00 00 00 00 00 00 00 00 00 00 00 00 00 00 00 D1 9C 
2026/9/14 15:12:20.635 [RX] - 56 69 56 4F 74 65 63 68 32 00 2C 00 00 00 1C 9B  PT command (OK)

2026/9/14 15:12:20.635 [RX] - 00 00 00 00 00 00 00 00 00 00 00 00 00 00 00 00 00 00 00 00 00 00 00 00 00 00 00 00 00 00 00 00 00 00 00 00 00 00 00 00 00 00 00 00 00 00 00  ----- Write Block #98 -----
 i = 098

2026/9/14 15:12:20.668 [TX] - 56 69 56 4F 74 65 63 68 32 00 2C 08 00 12 31 62 63 00 00 00 00 00 00 00 00 00 00 00 00 00 00 00 48 9E 
2026/9/14 15:12:20.679 [RX] - 56 69 56 4F 74 65 63 68 32 00 2C 00 00 00 1C 9B  PT command (OK)

2026/9/14 15:12:20.679 [RX] - 00 00 00 00 00 00 00 00 00 00 00 00 00 00 00 00 00 00 00 00 00 00 00 00 00 00 00 00 00 00 00 00 00 00 00 00 00 00 00 00 00 00 00 00 00 00 00  ----- #99 was SKIPPED -----
 
Mifare auth - 100

2026/9/14 15:12:20.707 [TX] - 56 69 56 4F 74 65 63 68 32 00 2C 06 00 08 64 01 FF FF FF FF FF FF 8E CE 
2026/9/14 15:12:20.720 [RX] - 56 69 56 4F 74 65 63 68 32 00 2C 00 00 00 1C 9B  PT command (OK)

2026/9/14 15:12:20.720 [RX] - 00 00 00 00 00 00 00 00 00 00 00 00 00 00 00 00 00 00 00 00 00 00 00 00 00 00 00 00 00 00 00 00 00 00 00 00 00 00 00 00 00 00 00 00 00 00 00  ----- Write Block #100 -----
 i = 100

2026/9/14 15:12:20.746 [TX] - 56 69 56 4F 74 65 63 68 32 00 2C 08 00 12 31 64 65 00 00 00 00 00 00 00 00 00 00 00 00 00 00 00 EA 69 
2026/9/14 15:12:20.756 [RX] - 56 69 56 4F 74 65 63 68 32 00 2C 00 00 00 1C 9B  PT command (OK)

2026/9/14 15:12:20.756 [RX] - 00 00 00 00 00 00 00 00 00 00 00 00 00 00 00 00 00 00 00 00 00 00 00 00 00 00 00 00 00 00 00 00 00 00 00 00 00 00 00 00 00 00 00 00 00 00 00  ----- Write Block #101 -----
 i = 101

2026/9/14 15:12:20.786 [TX] - 56 69 56 4F 74 65 63 68 32 00 2C 08 00 12 31 65 66 00 00 00 00 00 00 00 00 00 00 00 00 00 00 00 12 C6 
2026/9/14 15:12:20.798 [RX] - 56 69 56 4F 74 65 63 68 32 00 2C 00 00 00 1C 9B  PT command (OK)

2026/9/14 15:12:20.798 [RX] - 00 00 00 00 00 00 00 00 00 00 00 00 00 00 00 00 00 00 00 00 00 00 00 00 00 00 00 00 00 00 00 00 00 00 00 00 00 00 00 00 00 00 00 00 00 00 00  ----- Write Block #102 -----
 i = 102

2026/9/14 15:12:20.839 [TX] - 56 69 56 4F 74 65 63 68 32 00 2C 08 00 12 31 66 67 00 00 00 00 00 00 00 00 00 00 00 00 00 00 00 8B C4 
2026/9/14 15:12:20.851 [RX] - 56 69 56 4F 74 65 63 68 32 00 2C 00 00 00 1C 9B  PT command (OK)

2026/9/14 15:12:20.851 [RX] - 00 00 00 00 00 00 00 00 00 00 00 00 00 00 00 00 00 00 00 00 00 00 00 00 00 00 00 00 00 00 00 00 00 00 00 00 00 00 00 00 00 00 00 00 00 00 00  ----- #103 was SKIPPED -----
 
Mifare auth - 104

2026/9/14 15:12:20.880 [TX] - 56 69 56 4F 74 65 63 68 32 00 2C 06 00 08 68 01 FF FF FF FF FF FF 9F 79 
2026/9/14 15:12:20.890 [RX] - 56 69 56 4F 74 65 63 68 32 00 2C 00 00 00 1C 9B  PT command (OK)

2026/9/14 15:12:20.890 [RX] - 00 00 00 00 00 00 00 00 00 00 00 00 00 00 00 00 00 00 00 00 00 00 00 00 00 00 00 00 00 00 00 00 00 00 00 00 00 00 00 00 00 00 00 00 00 00 00  ----- Write Block #104 -----
 i = 104

2026/9/14 15:12:20.920 [TX] - 56 69 56 4F 74 65 63 68 32 00 2C 08 00 12 31 68 69 00 00 00 00 00 00 00 00 00 00 00 00 00 00 00 BF A6 
2026/9/14 15:12:20.937 [RX] - 56 69 56 4F 74 65 63 68 32 00 2C 00 00 00 1C 9B  PT command (OK)

2026/9/14 15:12:20.937 [RX] - 00 00 00 00 00 00 00 00 00 00 00 00 00 00 00 00 00 00 00 00 00 00 00 00 00 00 00 00 00 00 00 00 00 00 00 00 00 00 00 00 00 00 00 00 00 00 00  ----- Write Block #105 -----
 i = 105

2026/9/14 15:12:20.979 [TX] - 56 69 56 4F 74 65 63 68 32 00 2C 08 00 12 31 69 6A 00 00 00 00 00 00 00 00 00 00 00 00 00 00 00 47 09 
2026/9/14 15:12:20.991 [RX] - 56 69 56 4F 74 65 63 68 32 00 2C 00 00 00 1C 9B  PT command (OK)

2026/9/14 15:12:20.991 [RX] - 00 00 00 00 00 00 00 00 00 00 00 00 00 00 00 00 00 00 00 00 00 00 00 00 00 00 00 00 00 00 00 00 00 00 00 00 00 00 00 00 00 00 00 00 00 00 00  ----- Write Block #106 -----
 i = 106

2026/9/14 15:12:21.023 [TX] - 56 69 56 4F 74 65 63 68 32 00 2C 08 00 12 31 6A 6B 00 00 00 00 00 00 00 00 00 00 00 00 00 00 00 DE 0B 
2026/9/14 15:12:21.034 [RX] - 56 69 56 4F 74 65 63 68 32 00 2C 00 00 00 1C 9B  PT command (OK)

2026/9/14 15:12:21.034 [RX] - 00 00 00 00 00 00 00 00 00 00 00 00 00 00 00 00 00 00 00 00 00 00 00 00 00 00 00 00 00 00 00 00 00 00 00 00 00 00 00 00 00 00 00 00 00 00 00  ----- #107 was SKIPPED -----
 
Mifare auth - 108

2026/9/14 15:12:21.067 [TX] - 56 69 56 4F 74 65 63 68 32 00 2C 06 00 08 6C 01 FF FF FF FF FF FF 90 14 
2026/9/14 15:12:21.077 [RX] - 56 69 56 4F 74 65 63 68 32 00 2C 00 00 00 1C 9B  PT command (OK)

2026/9/14 15:12:21.077 [RX] - 00 00 00 00 00 00 00 00 00 00 00 00 00 00 00 00 00 00 00 00 00 00 00 00 00 00 00 00 00 00 00 00 00 00 00 00 00 00 00 00 00 00 00 00 00 00 00  ----- Write Block #108 -----
 i = 108

2026/9/14 15:12:21.108 [TX] - 56 69 56 4F 74 65 63 68 32 00 2C 08 00 12 31 6C 6D 00 00 00 00 00 00 00 00 00 00 00 00 00 00 00 7C FC 
2026/9/14 15:12:21.124 [RX] - 56 69 56 4F 74 65 63 68 32 00 2C 00 00 00 1C 9B  PT command (OK)

2026/9/14 15:12:21.124 [RX] - 00 00 00 00 00 00 00 00 00 00 00 00 00 00 00 00 00 00 00 00 00 00 00 00 00 00 00 00 00 00 00 00 00 00 00 00 00 00 00 00 00 00 00 00 00 00 00  ----- Write Block #109 -----
 i = 109

2026/9/14 15:12:21.174 [TX] - 56 69 56 4F 74 65 63 68 32 00 2C 08 00 12 31 6D 6E 00 00 00 00 00 00 00 00 00 00 00 00 00 00 00 84 53 
2026/9/14 15:12:21.186 [RX] - 56 69 56 4F 74 65 63 68 32 00 2C 00 00 00 1C 9B  PT command (OK)

2026/9/14 15:12:21.186 [RX] - 00 00 00 00 00 00 00 00 00 00 00 00 00 00 00 00 00 00 00 00 00 00 00 00 00 00 00 00 00 00 00 00 00 00 00 00 00 00 00 00 00 00 00 00 00 00 00  ----- Write Block #110 -----
 i = 110

2026/9/14 15:12:21.221 [TX] - 56 69 56 4F 74 65 63 68 32 00 2C 08 00 12 31 6E 6F 00 00 00 00 00 00 00 00 00 00 00 00 00 00 00 1D 51 
2026/9/14 15:12:21.233 [RX] - 56 69 56 4F 74 65 63 68 32 00 2C 00 00 00 1C 9B  PT command (OK)

2026/9/14 15:12:21.233 [RX] - 00 00 00 00 00 00 00 00 00 00 00 00 00 00 00 00 00 00 00 00 00 00 00 00 00 00 00 00 00 00 00 00 00 00 00 00 00 00 00 00 00 00 00 00 00 00 00  ----- #111 was SKIPPED -----
 
Mifare auth - 112

2026/9/14 15:12:21.277 [TX] - 56 69 56 4F 74 65 63 68 32 00 2C 06 00 08 70 01 FF FF FF FF FF FF BC 17 
2026/9/14 15:12:21.284 [RX] - 56 69 56 4F 74 65 63 68 32 00 2C 00 00 00 1C 9B  PT command (OK)

2026/9/14 15:12:21.284 [RX] - 00 00 00 00 00 00 00 00 00 00 00 00 00 00 00 00 00 00 00 00 00 00 00 00 00 00 00 00 00 00 00 00 00 00 00 00 00 00 00 00 00 00 00 00 00 00 00  ----- Write Block #112 -----
 i = 112

2026/9/14 15:12:21.314 [TX] - 56 69 56 4F 74 65 63 68 32 00 2C 08 00 12 31 70 71 00 00 00 00 00 00 00 00 00 00 00 00 00 00 00 14 38 
2026/9/14 15:12:21.328 [RX] - 56 69 56 4F 74 65 63 68 32 00 2C 00 00 00 1C 9B  PT command (OK)

2026/9/14 15:12:21.328 [RX] - 00 00 00 00 00 00 00 00 00 00 00 00 00 00 00 00 00 00 00 00 00 00 00 00 00 00 00 00 00 00 00 00 00 00 00 00 00 00 00 00 00 00 00 00 00 00 00  ----- Write Block #113 -----
 i = 113

2026/9/14 15:12:21.369 [TX] - 56 69 56 4F 74 65 63 68 32 00 2C 08 00 12 31 71 72 00 00 00 00 00 00 00 00 00 00 00 00 00 00 00 EC 97 
2026/9/14 15:12:21.381 [RX] - 56 69 56 4F 74 65 63 68 32 00 2C 00 00 00 1C 9B  PT command (OK)

2026/9/14 15:12:21.381 [RX] - 00 00 00 00 00 00 00 00 00 00 00 00 00 00 00 00 00 00 00 00 00 00 00 00 00 00 00 00 00 00 00 00 00 00 00 00 00 00 00 00 00 00 00 00 00 00 00  ----- Write Block #114 -----
 i = 114

2026/9/14 15:12:21.407 [TX] - 56 69 56 4F 74 65 63 68 32 00 2C 08 00 12 31 72 73 00 00 00 00 00 00 00 00 00 00 00 00 00 00 00 75 95 
2026/9/14 15:12:21.422 [RX] - 56 69 56 4F 74 65 63 68 32 00 2C 00 00 00 1C 9B  PT command (OK)

2026/9/14 15:12:21.422 [RX] - 00 00 00 00 00 00 00 00 00 00 00 00 00 00 00 00 00 00 00 00 00 00 00 00 00 00 00 00 00 00 00 00 00 00 00 00 00 00 00 00 00 00 00 00 00 00 00  ----- #115 was SKIPPED -----
 
Mifare auth - 116

2026/9/14 15:12:21.447 [TX] - 56 69 56 4F 74 65 63 68 32 00 2C 06 00 08 74 01 FF FF FF FF FF FF B3 7A 
2026/9/14 15:12:21.455 [RX] - 56 69 56 4F 74 65 63 68 32 00 2C 00 00 00 1C 9B  PT command (OK)

2026/9/14 15:12:21.455 [RX] - 00 00 00 00 00 00 00 00 00 00 00 00 00 00 00 00 00 00 00 00 00 00 00 00 00 00 00 00 00 00 00 00 00 00 00 00 00 00 00 00 00 00 00 00 00 00 00  ----- Write Block #116 -----
 i = 116

2026/9/14 15:12:21.487 [TX] - 56 69 56 4F 74 65 63 68 32 00 2C 08 00 12 31 74 75 00 00 00 00 00 00 00 00 00 00 00 00 00 00 00 D7 62 
2026/9/14 15:12:21.500 [RX] - 56 69 56 4F 74 65 63 68 32 00 2C 00 00 00 1C 9B  PT command (OK)

2026/9/14 15:12:21.500 [RX] - 00 00 00 00 00 00 00 00 00 00 00 00 00 00 00 00 00 00 00 00 00 00 00 00 00 00 00 00 00 00 00 00 00 00 00 00 00 00 00 00 00 00 00 00 00 00 00  ----- Write Block #117 -----
 i = 117

2026/9/14 15:12:21.547 [TX] - 56 69 56 4F 74 65 63 68 32 00 2C 08 00 12 31 75 76 00 00 00 00 00 00 00 00 00 00 00 00 00 00 00 2F CD 
2026/9/14 15:12:21.562 [RX] - 56 69 56 4F 74 65 63 68 32 00 2C 00 00 00 1C 9B  PT command (OK)

2026/9/14 15:12:21.562 [RX] - 00 00 00 00 00 00 00 00 00 00 00 00 00 00 00 00 00 00 00 00 00 00 00 00 00 00 00 00 00 00 00 00 00 00 00 00 00 00 00 00 00 00 00 00 00 00 00  ----- Write Block #118 -----
 i = 118

2026/9/14 15:12:21.614 [TX] - 56 69 56 4F 74 65 63 68 32 00 2C 08 00 12 31 76 77 00 00 00 00 00 00 00 00 00 00 00 00 00 00 00 B6 CF 
2026/9/14 15:12:21.626 [RX] - 56 69 56 4F 74 65 63 68 32 00 2C 00 00 00 1C 9B  PT command (OK)

2026/9/14 15:12:21.626 [RX] - 00 00 00 00 00 00 00 00 00 00 00 00 00 00 00 00 00 00 00 00 00 00 00 00 00 00 00 00 00 00 00 00 00 00 00 00 00 00 00 00 00 00 00 00 00 00 00  ----- #119 was SKIPPED -----
 
Mifare auth - 120

2026/9/14 15:12:21.656 [TX] - 56 69 56 4F 74 65 63 68 32 00 2C 06 00 08 78 01 FF FF FF FF FF FF A2 CD 
2026/9/14 15:12:21.673 [RX] - 56 69 56 4F 74 65 63 68 32 00 2C 00 00 00 1C 9B  PT command (OK)

2026/9/14 15:12:21.673 [RX] - 00 00 00 00 00 00 00 00 00 00 00 00 00 00 00 00 00 00 00 00 00 00 00 00 00 00 00 00 00 00 00 00 00 00 00 00 00 00 00 00 00 00 00 00 00 00 00  ----- Write Block #120 -----
 i = 120

2026/9/14 15:12:21.702 [TX] - 56 69 56 4F 74 65 63 68 32 00 2C 08 00 12 31 78 79 00 00 00 00 00 00 00 00 00 00 00 00 00 00 00 82 AD 
2026/9/14 15:12:21.718 [RX] - 56 69 56 4F 74 65 63 68 32 00 2C 00 00 00 1C 9B  PT command (OK)

2026/9/14 15:12:21.718 [RX] - 00 00 00 00 00 00 00 00 00 00 00 00 00 00 00 00 00 00 00 00 00 00 00 00 00 00 00 00 00 00 00 00 00 00 00 00 00 00 00 00 00 00 00 00 00 00 00  ----- Write Block #121 -----
 i = 121

2026/9/14 15:12:21.747 [TX] - 56 69 56 4F 74 65 63 68 32 00 2C 08 00 12 31 79 7A 00 00 00 00 00 00 00 00 00 00 00 00 00 00 00 7A 02 
2026/9/14 15:12:21.757 [RX] - 56 69 56 4F 74 65 63 68 32 00 2C 00 00 00 1C 9B  PT command (OK)

2026/9/14 15:12:21.757 [RX] - 00 00 00 00 00 00 00 00 00 00 00 00 00 00 00 00 00 00 00 00 00 00 00 00 00 00 00 00 00 00 00 00 00 00 00 00 00 00 00 00 00 00 00 00 00 00 00  ----- Write Block #122 -----
 i = 122

2026/9/14 15:12:21.801 [TX] - 56 69 56 4F 74 65 63 68 32 00 2C 08 00 12 31 7A 7B 00 00 00 00 00 00 00 00 00 00 00 00 00 00 00 E3 00 
2026/9/14 15:12:21.812 [RX] - 56 69 56 4F 74 65 63 68 32 00 2C 00 00 00 1C 9B  PT command (OK)

2026/9/14 15:12:21.812 [RX] - 00 00 00 00 00 00 00 00 00 00 00 00 00 00 00 00 00 00 00 00 00 00 00 00 00 00 00 00 00 00 00 00 00 00 00 00 00 00 00 00 00 00 00 00 00 00 00  ----- #123 was SKIPPED -----
 
Mifare auth - 124

2026/9/14 15:12:21.976 [TX] - 56 69 56 4F 74 65 63 68 32 00 2C 06 00 08 7C 01 FF FF FF FF FF FF AD A0 
2026/9/14 15:12:21.985 [RX] - 56 69 56 4F 74 65 63 68 32 00 2C 00 00 00 1C 9B  PT command (OK)

2026/9/14 15:12:21.985 [RX] - 00 00 00 00 00 00 00 00 00 00 00 00 00 00 00 00 00 00 00 00 00 00 00 00 00 00 00 00 00 00 00 00 00 00 00 00 00 00 00 00 00 00 00 00 00 00 00  ----- Write Block #124 -----
 i = 124

2026/9/14 15:12:22.015 [TX] - 56 69 56 4F 74 65 63 68 32 00 2C 08 00 12 31 7C 7D 00 00 00 00 00 00 00 00 00 00 00 00 00 00 00 41 F7 
2026/9/14 15:12:22.026 [RX] - 56 69 56 4F 74 65 63 68 32 00 2C 00 00 00 1C 9B  PT command (OK)

2026/9/14 15:12:22.026 [RX] - 00 00 00 00 00 00 00 00 00 00 00 00 00 00 00 00 00 00 00 00 00 00 00 00 00 00 00 00 00 00 00 00 00 00 00 00 00 00 00 00 00 00 00 00 00 00 00  ----- Write Block #125 -----
 i = 125

2026/9/14 15:12:22.059 [TX] - 56 69 56 4F 74 65 63 68 32 00 2C 08 00 12 31 7D 7E 00 00 00 00 00 00 00 00 00 00 00 00 00 00 00 B9 58 
2026/9/14 15:12:22.069 [RX] - 56 69 56 4F 74 65 63 68 32 00 2C 00 00 00 1C 9B  PT command (OK)

2026/9/14 15:12:22.069 [RX] - 00 00 00 00 00 00 00 00 00 00 00 00 00 00 00 00 00 00 00 00 00 00 00 00 00 00 00 00 00 00 00 00 00 00 00 00 00 00 00 00 00 00 00 00 00 00 00  ----- Write Block #126 -----
 i = 126

2026/9/14 15:12:22.097 [TX] - 56 69 56 4F 74 65 63 68 32 00 2C 08 00 12 31 7E 7F 00 00 00 00 00 00 00 00 00 00 00 00 00 00 00 20 5A 
2026/9/14 15:12:22.110 [RX] - 56 69 56 4F 74 65 63 68 32 00 2C 00 00 00 1C 9B  PT command (OK)

2026/9/14 15:12:22.110 [RX] - 00 00 00 00 00 00 00 00 00 00 00 00 00 00 00 00 00 00 00 00 00 00 00 00 00 00 00 00 00 00 00 00 00 00 00 00 00 00 00 00 00 00 00 00 00 00 00  ----- #127 was SKIPPED -----
 
Mifare auth - 128

2026/9/14 15:12:22.141 [TX] - 56 69 56 4F 74 65 63 68 32 00 2C 06 00 08 80 01 FF FF FF FF FF FF F1 9A 
2026/9/14 15:12:22.156 [RX] - 56 69 56 4F 74 65 63 68 32 00 2C 00 00 00 1C 9B  PT command (OK)

2026/9/14 15:12:22.156 [RX] - 00 00 00 00 00 00 00 00 00 00 00 00 00 00 00 00 00 00 00 00 00 00 00 00 00 00 00 00 00 00 00 00 00 00 00 00 00 00 00 00 00 00 00 00 00 00 00  ----- Write Block #128 -----
 i = 128

2026/9/14 15:12:22.191 [TX] - 56 69 56 4F 74 65 63 68 32 00 2C 08 00 12 31 80 81 00 00 00 00 00 00 00 00 00 00 00 00 00 00 00 5F 70 
2026/9/14 15:12:22.203 [RX] - 56 69 56 4F 74 65 63 68 32 00 2C 00 00 00 1C 9B  PT command (OK)

2026/9/14 15:12:22.203 [RX] - 00 00 00 00 00 00 00 00 00 00 00 00 00 00 00 00 00 00 00 00 00 00 00 00 00 00 00 00 00 00 00 00 00 00 00 00 00 00 00 00 00 00 00 00 00 00 00  ----- Write Block #129 -----
 i = 129

2026/9/14 15:12:22.232 [TX] - 56 69 56 4F 74 65 63 68 32 00 2C 08 00 12 31 81 82 00 00 00 00 00 00 00 00 00 00 00 00 00 00 00 A7 DF 
2026/9/14 15:12:22.244 [RX] - 56 69 56 4F 74 65 63 68 32 00 2C 00 00 00 1C 9B  PT command (OK)

2026/9/14 15:12:22.244 [RX] - 00 00 00 00 00 00 00 00 00 00 00 00 00 00 00 00 00 00 00 00 00 00 00 00 00 00 00 00 00 00 00 00 00 00 00 00 00 00 00 00 00 00 00 00 00 00 00  ----- Write Block #130 -----
 i = 130

2026/9/14 15:12:22.275 [TX] - 56 69 56 4F 74 65 63 68 32 00 2C 08 00 12 31 82 83 00 00 00 00 00 00 00 00 00 00 00 00 00 00 00 3E DD 
2026/9/14 15:12:22.285 [RX] - 56 69 56 4F 74 65 63 68 32 00 2C 00 00 00 1C 9B  PT command (OK)

2026/9/14 15:12:22.285 [RX] - 00 00 00 00 00 00 00 00 00 00 00 00 00 00 00 00 00 00 00 00 00 00 00 00 00 00 00 00 00 00 00 00 00 00 00 00 00 00 00 00 00 00 00 00 00 00 00  ----- Write Block #131 -----
 i = 131

2026/9/14 15:12:22.315 [TX] - 56 69 56 4F 74 65 63 68 32 00 2C 08 00 12 31 83 84 00 00 00 00 00 00 00 00 00 00 00 00 00 00 00 46 A0 
2026/9/14 15:12:22.330 [RX] - 56 69 56 4F 74 65 63 68 32 00 2C 00 00 00 1C 9B  PT command (OK)

2026/9/14 15:12:22.330 [RX] - 00 00 00 00 00 00 00 00 00 00 00 00 00 00 00 00 00 00 00 00 00 00 00 00 00 00 00 00 00 00 00 00 00 00 00 00 00 00 00 00 00 00 00 00 00 00 00  
Mifare auth - 132

2026/9/14 15:12:22.366 [TX] - 56 69 56 4F 74 65 63 68 32 00 2C 06 00 08 84 01 FF FF FF FF FF FF FE F7 
2026/9/14 15:12:22.378 [RX] - 56 69 56 4F 74 65 63 68 32 00 2C 00 00 00 1C 9B  PT command (OK)

2026/9/14 15:12:22.378 [RX] - 00 00 00 00 00 00 00 00 00 00 00 00 00 00 00 00 00 00 00 00 00 00 00 00 00 00 00 00 00 00 00 00 00 00 00 00 00 00 00 00 00 00 00 00 00 00 00  ----- Write Block #132 -----
 i = 132

2026/9/14 15:12:22.416 [TX] - 56 69 56 4F 74 65 63 68 32 00 2C 08 00 12 31 84 85 00 00 00 00 00 00 00 00 00 00 00 00 00 00 00 9C 2A 
2026/9/14 15:12:22.427 [RX] - 56 69 56 4F 74 65 63 68 32 00 2C 00 00 00 1C 9B  PT command (OK)

2026/9/14 15:12:22.427 [RX] - 00 00 00 00 00 00 00 00 00 00 00 00 00 00 00 00 00 00 00 00 00 00 00 00 00 00 00 00 00 00 00 00 00 00 00 00 00 00 00 00 00 00 00 00 00 00 00  ----- Write Block #133 -----
 i = 133

2026/9/14 15:12:22.461 [TX] - 56 69 56 4F 74 65 63 68 32 00 2C 08 00 12 31 85 86 00 00 00 00 00 00 00 00 00 00 00 00 00 00 00 64 85 
2026/9/14 15:12:22.472 [RX] - 56 69 56 4F 74 65 63 68 32 00 2C 00 00 00 1C 9B  PT command (OK)

2026/9/14 15:12:22.472 [RX] - 00 00 00 00 00 00 00 00 00 00 00 00 00 00 00 00 00 00 00 00 00 00 00 00 00 00 00 00 00 00 00 00 00 00 00 00 00 00 00 00 00 00 00 00 00 00 00  ----- Write Block #134 -----
 i = 134

2026/9/14 15:12:22.499 [TX] - 56 69 56 4F 74 65 63 68 32 00 2C 08 00 12 31 86 87 00 00 00 00 00 00 00 00 00 00 00 00 00 00 00 FD 87 
2026/9/14 15:12:22.510 [RX] - 56 69 56 4F 74 65 63 68 32 00 2C 00 00 00 1C 9B  PT command (OK)

2026/9/14 15:12:22.510 [RX] - 00 00 00 00 00 00 00 00 00 00 00 00 00 00 00 00 00 00 00 00 00 00 00 00 00 00 00 00 00 00 00 00 00 00 00 00 00 00 00 00 00 00 00 00 00 00 00  ----- Write Block #135 -----
 i = 135

2026/9/14 15:12:22.542 [TX] - 56 69 56 4F 74 65 63 68 32 00 2C 08 00 12 31 87 88 00 00 00 00 00 00 00 00 00 00 00 00 00 00 00 94 7F 
2026/9/14 15:12:22.553 [RX] - 56 69 56 4F 74 65 63 68 32 00 2C 00 00 00 1C 9B  PT command (OK)

2026/9/14 15:12:22.553 [RX] - 00 00 00 00 00 00 00 00 00 00 00 00 00 00 00 00 00 00 00 00 00 00 00 00 00 00 00 00 00 00 00 00 00 00 00 00 00 00 00 00 00 00 00 00 00 00 00  
Mifare auth - 136

2026/9/14 15:12:22.575 [TX] - 56 69 56 4F 74 65 63 68 32 00 2C 06 00 08 88 01 FF FF FF FF FF FF EF 40 
2026/9/14 15:12:22.582 [RX] - 56 69 56 4F 74 65 63 68 32 00 2C 00 00 00 1C 9B  PT command (OK)

2026/9/14 15:12:22.582 [RX] - 00 00 00 00 00 00 00 00 00 00 00 00 00 00 00 00 00 00 00 00 00 00 00 00 00 00 00 00 00 00 00 00 00 00 00 00 00 00 00 00 00 00 00 00 00 00 00  ----- Write Block #136 -----
 i = 136

2026/9/14 15:12:22.615 [TX] - 56 69 56 4F 74 65 63 68 32 00 2C 08 00 12 31 88 89 00 00 00 00 00 00 00 00 00 00 00 00 00 00 00 C9 E5 
2026/9/14 15:12:22.628 [RX] - 56 69 56 4F 74 65 63 68 32 00 2C 00 00 00 1C 9B  PT command (OK)

2026/9/14 15:12:22.628 [RX] - 00 00 00 00 00 00 00 00 00 00 00 00 00 00 00 00 00 00 00 00 00 00 00 00 00 00 00 00 00 00 00 00 00 00 00 00 00 00 00 00 00 00 00 00 00 00 00  ----- Write Block #137 -----
 i = 137

2026/9/14 15:12:22.658 [TX] - 56 69 56 4F 74 65 63 68 32 00 2C 08 00 12 31 89 8A 00 00 00 00 00 00 00 00 00 00 00 00 00 00 00 31 4A 
2026/9/14 15:12:22.674 [RX] - 56 69 56 4F 74 65 63 68 32 00 2C 00 00 00 1C 9B  PT command (OK)

2026/9/14 15:12:22.674 [RX] - 00 00 00 00 00 00 00 00 00 00 00 00 00 00 00 00 00 00 00 00 00 00 00 00 00 00 00 00 00 00 00 00 00 00 00 00 00 00 00 00 00 00 00 00 00 00 00  ----- Write Block #138 -----
 i = 138

2026/9/14 15:12:22.719 [TX] - 56 69 56 4F 74 65 63 68 32 00 2C 08 00 12 31 8A 8B 00 00 00 00 00 00 00 00 00 00 00 00 00 00 00 A8 48 
2026/9/14 15:12:22.730 [RX] - 56 69 56 4F 74 65 63 68 32 00 2C 00 00 00 1C 9B  PT command (OK)

2026/9/14 15:12:22.730 [RX] - 00 00 00 00 00 00 00 00 00 00 00 00 00 00 00 00 00 00 00 00 00 00 00 00 00 00 00 00 00 00 00 00 00 00 00 00 00 00 00 00 00 00 00 00 00 00 00  ----- Write Block #139 -----
 i = 139

2026/9/14 15:12:22.762 [TX] - 56 69 56 4F 74 65 63 68 32 00 2C 08 00 12 31 8B 8C 00 00 00 00 00 00 00 00 00 00 00 00 00 00 00 D0 35 
2026/9/14 15:12:22.773 [RX] - 56 69 56 4F 74 65 63 68 32 00 2C 00 00 00 1C 9B  PT command (OK)

2026/9/14 15:12:22.773 [RX] - 00 00 00 00 00 00 00 00 00 00 00 00 00 00 00 00 00 00 00 00 00 00 00 00 00 00 00 00 00 00 00 00 00 00 00 00 00 00 00 00 00 00 00 00 00 00 00  
Mifare auth - 140

2026/9/14 15:12:22.793 [TX] - 56 69 56 4F 74 65 63 68 32 00 2C 06 00 08 8C 01 FF FF FF FF FF FF E0 2D 
2026/9/14 15:12:22.801 [RX] - 56 69 56 4F 74 65 63 68 32 00 2C 00 00 00 1C 9B  PT command (OK)

2026/9/14 15:12:22.801 [RX] - 00 00 00 00 00 00 00 00 00 00 00 00 00 00 00 00 00 00 00 00 00 00 00 00 00 00 00 00 00 00 00 00 00 00 00 00 00 00 00 00 00 00 00 00 00 00 00  ----- Write Block #140 -----
 i = 140

2026/9/14 15:12:22.831 [TX] - 56 69 56 4F 74 65 63 68 32 00 2C 08 00 12 31 8C 8D 00 00 00 00 00 00 00 00 00 00 00 00 00 00 00 0A BF 
2026/9/14 15:12:22.847 [RX] - 56 69 56 4F 74 65 63 68 32 00 2C 00 00 00 1C 9B  PT command (OK)

2026/9/14 15:12:22.847 [RX] - 00 00 00 00 00 00 00 00 00 00 00 00 00 00 00 00 00 00 00 00 00 00 00 00 00 00 00 00 00 00 00 00 00 00 00 00 00 00 00 00 00 00 00 00 00 00 00  ----- Write Block #141 -----
 i = 141

2026/9/14 15:12:22.893 [TX] - 56 69 56 4F 74 65 63 68 32 00 2C 08 00 12 31 8D 8E 00 00 00 00 00 00 00 00 00 00 00 00 00 00 00 F2 10 
2026/9/14 15:12:22.909 [RX] - 56 69 56 4F 74 65 63 68 32 00 2C 00 00 00 1C 9B  PT command (OK)

2026/9/14 15:12:22.909 [RX] - 00 00 00 00 00 00 00 00 00 00 00 00 00 00 00 00 00 00 00 00 00 00 00 00 00 00 00 00 00 00 00 00 00 00 00 00 00 00 00 00 00 00 00 00 00 00 00  ----- Write Block #142 -----
 i = 142

2026/9/14 15:12:22.950 [TX] - 56 69 56 4F 74 65 63 68 32 00 2C 08 00 12 31 8E 8F 00 00 00 00 00 00 00 00 00 00 00 00 00 00 00 6B 12 
2026/9/14 15:12:22.961 [RX] - 56 69 56 4F 74 65 63 68 32 00 2C 00 00 00 1C 9B  PT command (OK)

2026/9/14 15:12:22.961 [RX] - 00 00 00 00 00 00 00 00 00 00 00 00 00 00 00 00 00 00 00 00 00 00 00 00 00 00 00 00 00 00 00 00 00 00 00 00 00 00 00 00 00 00 00 00 00 00 00  ----- #143 was SKIPPED -----
 
Mifare auth - 144

2026/9/14 15:12:22.995 [TX] - 56 69 56 4F 74 65 63 68 32 00 2C 06 00 08 90 01 FF FF FF FF FF FF CC 2E 
2026/9/14 15:12:23.003 [RX] - 56 69 56 4F 74 65 63 68 32 00 2C 00 00 00 1C 9B  PT command (OK)

2026/9/14 15:12:23.003 [RX] - 00 00 00 00 00 00 00 00 00 00 00 00 00 00 00 00 00 00 00 00 00 00 00 00 00 00 00 00 00 00 00 00 00 00 00 00 00 00 00 00 00 00 00 00 00 00 00  ----- Write Block #144 -----
 i = 144

2026/9/14 15:12:23.047 [TX] - 56 69 56 4F 74 65 63 68 32 00 2C 08 00 12 31 90 91 00 00 00 00 00 00 00 00 00 00 00 00 00 00 00 62 7B 
2026/9/14 15:12:23.058 [RX] - 56 69 56 4F 74 65 63 68 32 00 2C 00 00 00 1C 9B  PT command (OK)

2026/9/14 15:12:23.058 [RX] - 00 00 00 00 00 00 00 00 00 00 00 00 00 00 00 00 00 00 00 00 00 00 00 00 00 00 00 00 00 00 00 00 00 00 00 00 00 00 00 00 00 00 00 00 00 00 00  ----- Write Block #145 -----
 i = 145

2026/9/14 15:12:23.093 [TX] - 56 69 56 4F 74 65 63 68 32 00 2C 08 00 12 31 91 92 00 00 00 00 00 00 00 00 00 00 00 00 00 00 00 9A D4 
2026/9/14 15:12:23.104 [RX] - 56 69 56 4F 74 65 63 68 32 00 2C 00 00 00 1C 9B  PT command (OK)

2026/9/14 15:12:23.104 [RX] - 00 00 00 00 00 00 00 00 00 00 00 00 00 00 00 00 00 00 00 00 00 00 00 00 00 00 00 00 00 00 00 00 00 00 00 00 00 00 00 00 00 00 00 00 00 00 00  ----- Write Block #146 -----
 i = 146

2026/9/14 15:12:23.135 [TX] - 56 69 56 4F 74 65 63 68 32 00 2C 08 00 12 31 92 93 00 00 00 00 00 00 00 00 00 00 00 00 00 00 00 03 D6 
2026/9/14 15:12:23.146 [RX] - 56 69 56 4F 74 65 63 68 32 00 2C 00 00 00 1C 9B  PT command (OK)

2026/9/14 15:12:23.146 [RX] - 00 00 00 00 00 00 00 00 00 00 00 00 00 00 00 00 00 00 00 00 00 00 00 00 00 00 00 00 00 00 00 00 00 00 00 00 00 00 00 00 00 00 00 00 00 00 00  ----- Write Block #147 -----
 i = 147

2026/9/14 15:12:23.178 [TX] - 56 69 56 4F 74 65 63 68 32 00 2C 08 00 12 31 93 94 00 00 00 00 00 00 00 00 00 00 00 00 00 00 00 7B AB 
2026/9/14 15:12:23.192 [RX] - 56 69 56 4F 74 65 63 68 32 00 2C 00 00 00 1C 9B  PT command (OK)

2026/9/14 15:12:23.192 [RX] - 00 00 00 00 00 00 00 00 00 00 00 00 00 00 00 00 00 00 00 00 00 00 00 00 00 00 00 00 00 00 00 00 00 00 00 00 00 00 00 00 00 00 00 00 00 00 00  
Mifare auth - 148

2026/9/14 15:12:23.225 [TX] - 56 69 56 4F 74 65 63 68 32 00 2C 06 00 08 94 01 FF FF FF FF FF FF C3 43 
2026/9/14 15:12:23.238 [RX] - 56 69 56 4F 74 65 63 68 32 00 2C 00 00 00 1C 9B  PT command (OK)

2026/9/14 15:12:23.238 [RX] - 00 00 00 00 00 00 00 00 00 00 00 00 00 00 00 00 00 00 00 00 00 00 00 00 00 00 00 00 00 00 00 00 00 00 00 00 00 00 00 00 00 00 00 00 00 00 00  ----- Write Block #148 -----
 i = 148

2026/9/14 15:12:23.288 [TX] - 56 69 56 4F 74 65 63 68 32 00 2C 08 00 12 31 94 95 00 00 00 00 00 00 00 00 00 00 00 00 00 00 00 A1 21 
2026/9/14 15:12:23.301 [RX] - 56 69 56 4F 74 65 63 68 32 00 2C 00 00 00 1C 9B  PT command (OK)

2026/9/14 15:12:23.301 [RX] - 00 00 00 00 00 00 00 00 00 00 00 00 00 00 00 00 00 00 00 00 00 00 00 00 00 00 00 00 00 00 00 00 00 00 00 00 00 00 00 00 00 00 00 00 00 00 00  ----- Write Block #149 -----
 i = 149

2026/9/14 15:12:23.343 [TX] - 56 69 56 4F 74 65 63 68 32 00 2C 08 00 12 31 95 96 00 00 00 00 00 00 00 00 00 00 00 00 00 00 00 59 8E 
2026/9/14 15:12:23.354 [RX] - 56 69 56 4F 74 65 63 68 32 00 2C 00 00 00 1C 9B  PT command (OK)

2026/9/14 15:12:23.354 [RX] - 00 00 00 00 00 00 00 00 00 00 00 00 00 00 00 00 00 00 00 00 00 00 00 00 00 00 00 00 00 00 00 00 00 00 00 00 00 00 00 00 00 00 00 00 00 00 00  ----- Write Block #150 -----
 i = 150

2026/9/14 15:12:23.383 [TX] - 56 69 56 4F 74 65 63 68 32 00 2C 08 00 12 31 96 97 00 00 00 00 00 00 00 00 00 00 00 00 00 00 00 C0 8C 
2026/9/14 15:12:23.396 [RX] - 56 69 56 4F 74 65 63 68 32 00 2C 00 00 00 1C 9B  PT command (OK)

2026/9/14 15:12:23.396 [RX] - 00 00 00 00 00 00 00 00 00 00 00 00 00 00 00 00 00 00 00 00 00 00 00 00 00 00 00 00 00 00 00 00 00 00 00 00 00 00 00 00 00 00 00 00 00 00 00  ----- Write Block #151 -----
 i = 151

2026/9/14 15:12:23.427 [TX] - 56 69 56 4F 74 65 63 68 32 00 2C 08 00 12 31 97 98 00 00 00 00 00 00 00 00 00 00 00 00 00 00 00 A9 74 
2026/9/14 15:12:23.443 [RX] - 56 69 56 4F 74 65 63 68 32 00 2C 00 00 00 1C 9B  PT command (OK)

2026/9/14 15:12:23.443 [RX] - 00 00 00 00 00 00 00 00 00 00 00 00 00 00 00 00 00 00 00 00 00 00 00 00 00 00 00 00 00 00 00 00 00 00 00 00 00 00 00 00 00 00 00 00 00 00 00  
Mifare auth - 152

2026/9/14 15:12:23.475 [TX] - 56 69 56 4F 74 65 63 68 32 00 2C 06 00 08 98 01 FF FF FF FF FF FF D2 F4 
2026/9/14 15:12:23.491 [RX] - 56 69 56 4F 74 65 63 68 32 00 2C 00 00 00 1C 9B  PT command (OK)

2026/9/14 15:12:23.491 [RX] - 00 00 00 00 00 00 00 00 00 00 00 00 00 00 00 00 00 00 00 00 00 00 00 00 00 00 00 00 00 00 00 00 00 00 00 00 00 00 00 00 00 00 00 00 00 00 00  ----- Write Block #152 -----
 i = 152

2026/9/14 15:12:23.521 [TX] - 56 69 56 4F 74 65 63 68 32 00 2C 08 00 12 31 98 99 00 00 00 00 00 00 00 00 00 00 00 00 00 00 00 F4 EE 
2026/9/14 15:12:23.531 [RX] - 56 69 56 4F 74 65 63 68 32 00 2C 00 00 00 1C 9B  PT command (OK)

2026/9/14 15:12:23.531 [RX] - 00 00 00 00 00 00 00 00 00 00 00 00 00 00 00 00 00 00 00 00 00 00 00 00 00 00 00 00 00 00 00 00 00 00 00 00 00 00 00 00 00 00 00 00 00 00 00  ----- Write Block #153 -----
 i = 153

2026/9/14 15:12:23.565 [TX] - 56 69 56 4F 74 65 63 68 32 00 2C 08 00 12 31 99 9A 00 00 00 00 00 00 00 00 00 00 00 00 00 00 00 0C 41 
2026/9/14 15:12:23.575 [RX] - 56 69 56 4F 74 65 63 68 32 00 2C 00 00 00 1C 9B  PT command (OK)

2026/9/14 15:12:23.575 [RX] - 00 00 00 00 00 00 00 00 00 00 00 00 00 00 00 00 00 00 00 00 00 00 00 00 00 00 00 00 00 00 00 00 00 00 00 00 00 00 00 00 00 00 00 00 00 00 00  ----- Write Block #154 -----
 i = 154

2026/9/14 15:12:23.618 [TX] - 56 69 56 4F 74 65 63 68 32 00 2C 08 00 12 31 9A 9B 00 00 00 00 00 00 00 00 00 00 00 00 00 00 00 95 43 
2026/9/14 15:12:23.634 [RX] - 56 69 56 4F 74 65 63 68 32 00 2C 00 00 00 1C 9B  PT command (OK)

2026/9/14 15:12:23.634 [RX] - 00 00 00 00 00 00 00 00 00 00 00 00 00 00 00 00 00 00 00 00 00 00 00 00 00 00 00 00 00 00 00 00 00 00 00 00 00 00 00 00 00 00 00 00 00 00 00  ----- Write Block #155 -----
 i = 155

2026/9/14 15:12:23.678 [TX] - 56 69 56 4F 74 65 63 68 32 00 2C 08 00 12 31 9B 9C 00 00 00 00 00 00 00 00 00 00 00 00 00 00 00 ED 3E 
2026/9/14 15:12:23.689 [RX] - 56 69 56 4F 74 65 63 68 32 00 2C 00 00 00 1C 9B  PT command (OK)

2026/9/14 15:12:23.689 [RX] - 00 00 00 00 00 00 00 00 00 00 00 00 00 00 00 00 00 00 00 00 00 00 00 00 00 00 00 00 00 00 00 00 00 00 00 00 00 00 00 00 00 00 00 00 00 00 00  
Mifare auth - 156

2026/9/14 15:12:23.708 [TX] - 56 69 56 4F 74 65 63 68 32 00 2C 06 00 08 9C 01 FF FF FF FF FF FF DD 99 
2026/9/14 15:12:23.716 [RX] - 56 69 56 4F 74 65 63 68 32 00 2C 00 00 00 1C 9B  PT command (OK)

2026/9/14 15:12:23.716 [RX] - 00 00 00 00 00 00 00 00 00 00 00 00 00 00 00 00 00 00 00 00 00 00 00 00 00 00 00 00 00 00 00 00 00 00 00 00 00 00 00 00 00 00 00 00 00 00 00  ----- Write Block #156 -----
 i = 156

2026/9/14 15:12:23.750 [TX] - 56 69 56 4F 74 65 63 68 32 00 2C 08 00 12 31 9C 9D 00 00 00 00 00 00 00 00 00 00 00 00 00 00 00 37 B4 
2026/9/14 15:12:23.762 [RX] - 56 69 56 4F 74 65 63 68 32 00 2C 00 00 00 1C 9B  PT command (OK)

2026/9/14 15:12:23.762 [RX] - 00 00 00 00 00 00 00 00 00 00 00 00 00 00 00 00 00 00 00 00 00 00 00 00 00 00 00 00 00 00 00 00 00 00 00 00 00 00 00 00 00 00 00 00 00 00 00  ----- Write Block #157 -----
 i = 157

2026/9/14 15:12:23.794 [TX] - 56 69 56 4F 74 65 63 68 32 00 2C 08 00 12 31 9D 9E 00 00 00 00 00 00 00 00 00 00 00 00 00 00 00 CF 1B 
2026/9/14 15:12:23.807 [RX] - 56 69 56 4F 74 65 63 68 32 00 2C 00 00 00 1C 9B  PT command (OK)

2026/9/14 15:12:23.807 [RX] - 00 00 00 00 00 00 00 00 00 00 00 00 00 00 00 00 00 00 00 00 00 00 00 00 00 00 00 00 00 00 00 00 00 00 00 00 00 00 00 00 00 00 00 00 00 00 00  ----- Write Block #158 -----
 i = 158

2026/9/14 15:12:23.835 [TX] - 56 69 56 4F 74 65 63 68 32 00 2C 08 00 12 31 9E 9F 00 00 00 00 00 00 00 00 00 00 00 00 00 00 00 56 19 
2026/9/14 15:12:23.846 [RX] - 56 69 56 4F 74 65 63 68 32 00 2C 00 00 00 1C 9B  PT command (OK)

2026/9/14 15:12:23.846 [RX] - 00 00 00 00 00 00 00 00 00 00 00 00 00 00 00 00 00 00 00 00 00 00 00 00 00 00 00 00 00 00 00 00 00 00 00 00 00 00 00 00 00 00 00 00 00 00 00  ----- #159 was SKIPPED -----
 
Mifare auth - 160

2026/9/14 15:12:23.877 [TX] - 56 69 56 4F 74 65 63 68 32 00 2C 06 00 08 A0 01 FF FF FF FF FF FF 8A F2 
2026/9/14 15:12:23.885 [RX] - 56 69 56 4F 74 65 63 68 32 00 2C 00 00 00 1C 9B  PT command (OK)

2026/9/14 15:12:23.885 [RX] - 00 00 00 00 00 00 00 00 00 00 00 00 00 00 00 00 00 00 00 00 00 00 00 00 00 00 00 00 00 00 00 00 00 00 00 00 00 00 00 00 00 00 00 00 00 00 00  ----- Write Block #160 -----
 i = 160

2026/9/14 15:12:23.920 [TX] - 56 69 56 4F 74 65 63 68 32 00 2C 08 00 12 31 A0 A1 00 00 00 00 00 00 00 00 00 00 00 00 00 00 00 25 66 
2026/9/14 15:12:23.933 [RX] - 56 69 56 4F 74 65 63 68 32 00 2C 00 00 00 1C 9B  PT command (OK)

2026/9/14 15:12:23.933 [RX] - 00 00 00 00 00 00 00 00 00 00 00 00 00 00 00 00 00 00 00 00 00 00 00 00 00 00 00 00 00 00 00 00 00 00 00 00 00 00 00 00 00 00 00 00 00 00 00  ----- Write Block #161 -----
 i = 161

2026/9/14 15:12:23.960 [TX] - 56 69 56 4F 74 65 63 68 32 00 2C 08 00 12 31 A1 A2 00 00 00 00 00 00 00 00 00 00 00 00 00 00 00 DD C9 
2026/9/14 15:12:23.970 [RX] - 56 69 56 4F 74 65 63 68 32 00 2C 00 00 00 1C 9B  PT command (OK)

2026/9/14 15:12:23.970 [RX] - 00 00 00 00 00 00 00 00 00 00 00 00 00 00 00 00 00 00 00 00 00 00 00 00 00 00 00 00 00 00 00 00 00 00 00 00 00 00 00 00 00 00 00 00 00 00 00  ----- Write Block #162 -----
 i = 162

2026/9/14 15:12:24.002 [TX] - 56 69 56 4F 74 65 63 68 32 00 2C 08 00 12 31 A2 A3 00 00 00 00 00 00 00 00 00 00 00 00 00 00 00 44 CB 
2026/9/14 15:12:24.014 [RX] - 56 69 56 4F 74 65 63 68 32 00 2C 00 00 00 1C 9B  PT command (OK)

2026/9/14 15:12:24.014 [RX] - 00 00 00 00 00 00 00 00 00 00 00 00 00 00 00 00 00 00 00 00 00 00 00 00 00 00 00 00 00 00 00 00 00 00 00 00 00 00 00 00 00 00 00 00 00 00 00  ----- Write Block #163 -----
 i = 163

2026/9/14 15:12:24.044 [TX] - 56 69 56 4F 74 65 63 68 32 00 2C 08 00 12 31 A3 A4 00 00 00 00 00 00 00 00 00 00 00 00 00 00 00 3C B6 
2026/9/14 15:12:24.056 [RX] - 56 69 56 4F 74 65 63 68 32 00 2C 00 00 00 1C 9B  PT command (OK)

2026/9/14 15:12:24.056 [RX] - 00 00 00 00 00 00 00 00 00 00 00 00 00 00 00 00 00 00 00 00 00 00 00 00 00 00 00 00 00 00 00 00 00 00 00 00 00 00 00 00 00 00 00 00 00 00 00  
Mifare auth - 164

2026/9/14 15:12:24.076 [TX] - 56 69 56 4F 74 65 63 68 32 00 2C 06 00 08 A4 01 FF FF FF FF FF FF 85 9F 
2026/9/14 15:12:24.087 [RX] - 56 69 56 4F 74 65 63 68 32 00 2C 00 00 00 1C 9B  PT command (OK)

2026/9/14 15:12:24.087 [RX] - 00 00 00 00 00 00 00 00 00 00 00 00 00 00 00 00 00 00 00 00 00 00 00 00 00 00 00 00 00 00 00 00 00 00 00 00 00 00 00 00 00 00 00 00 00 00 00  ----- Write Block #164 -----
 i = 164

2026/9/14 15:12:24.117 [TX] - 56 69 56 4F 74 65 63 68 32 00 2C 08 00 12 31 A4 A5 00 00 00 00 00 00 00 00 00 00 00 00 00 00 00 E6 3C 
2026/9/14 15:12:24.128 [RX] - 56 69 56 4F 74 65 63 68 32 00 2C 00 00 00 1C 9B  PT command (OK)

2026/9/14 15:12:24.128 [RX] - 00 00 00 00 00 00 00 00 00 00 00 00 00 00 00 00 00 00 00 00 00 00 00 00 00 00 00 00 00 00 00 00 00 00 00 00 00 00 00 00 00 00 00 00 00 00 00  ----- Write Block #165 -----
 i = 165

2026/9/14 15:12:24.159 [TX] - 56 69 56 4F 74 65 63 68 32 00 2C 08 00 12 31 A5 A6 00 00 00 00 00 00 00 00 00 00 00 00 00 00 00 1E 93 
2026/9/14 15:12:24.170 [RX] - 56 69 56 4F 74 65 63 68 32 00 2C 00 00 00 1C 9B  PT command (OK)

2026/9/14 15:12:24.170 [RX] - 00 00 00 00 00 00 00 00 00 00 00 00 00 00 00 00 00 00 00 00 00 00 00 00 00 00 00 00 00 00 00 00 00 00 00 00 00 00 00 00 00 00 00 00 00 00 00  ----- Write Block #166 -----
 i = 166

2026/9/14 15:12:24.200 [TX] - 56 69 56 4F 74 65 63 68 32 00 2C 08 00 12 31 A6 A7 00 00 00 00 00 00 00 00 00 00 00 00 00 00 00 87 91 
2026/9/14 15:12:24.213 [RX] - 56 69 56 4F 74 65 63 68 32 00 2C 00 00 00 1C 9B  PT command (OK)

2026/9/14 15:12:24.213 [RX] - 00 00 00 00 00 00 00 00 00 00 00 00 00 00 00 00 00 00 00 00 00 00 00 00 00 00 00 00 00 00 00 00 00 00 00 00 00 00 00 00 00 00 00 00 00 00 00  ----- Write Block #167 -----
 i = 167

2026/9/14 15:12:24.249 [TX] - 56 69 56 4F 74 65 63 68 32 00 2C 08 00 12 31 A7 A8 00 00 00 00 00 00 00 00 00 00 00 00 00 00 00 EE 69 
2026/9/14 15:12:24.260 [RX] - 56 69 56 4F 74 65 63 68 32 00 2C 00 00 00 1C 9B  PT command (OK)

2026/9/14 15:12:24.260 [RX] - 00 00 00 00 00 00 00 00 00 00 00 00 00 00 00 00 00 00 00 00 00 00 00 00 00 00 00 00 00 00 00 00 00 00 00 00 00 00 00 00 00 00 00 00 00 00 00  
Mifare auth - 168

2026/9/14 15:12:24.284 [TX] - 56 69 56 4F 74 65 63 68 32 00 2C 06 00 08 A8 01 FF FF FF FF FF FF 94 28 
2026/9/14 15:12:24.292 [RX] - 56 69 56 4F 74 65 63 68 32 00 2C 00 00 00 1C 9B  PT command (OK)

2026/9/14 15:12:24.292 [RX] - 00 00 00 00 00 00 00 00 00 00 00 00 00 00 00 00 00 00 00 00 00 00 00 00 00 00 00 00 00 00 00 00 00 00 00 00 00 00 00 00 00 00 00 00 00 00 00  ----- Write Block #168 -----
 i = 168

2026/9/14 15:12:24.326 [TX] - 56 69 56 4F 74 65 63 68 32 00 2C 08 00 12 31 A8 A9 00 00 00 00 00 00 00 00 00 00 00 00 00 00 00 B3 F3 
2026/9/14 15:12:24.339 [RX] - 56 69 56 4F 74 65 63 68 32 00 2C 00 00 00 1C 9B  PT command (OK)

2026/9/14 15:12:24.339 [RX] - 00 00 00 00 00 00 00 00 00 00 00 00 00 00 00 00 00 00 00 00 00 00 00 00 00 00 00 00 00 00 00 00 00 00 00 00 00 00 00 00 00 00 00 00 00 00 00  ----- Write Block #169 -----
 i = 169

2026/9/14 15:12:24.370 [TX] - 56 69 56 4F 74 65 63 68 32 00 2C 08 00 12 31 A9 AA 00 00 00 00 00 00 00 00 00 00 00 00 00 00 00 4B 5C 
2026/9/14 15:12:24.385 [RX] - 56 69 56 4F 74 65 63 68 32 00 2C 00 00 00 1C 9B  PT command (OK)

2026/9/14 15:12:24.385 [RX] - 00 00 00 00 00 00 00 00 00 00 00 00 00 00 00 00 00 00 00 00 00 00 00 00 00 00 00 00 00 00 00 00 00 00 00 00 00 00 00 00 00 00 00 00 00 00 00  ----- Write Block #170 -----
 i = 170

2026/9/14 15:12:24.412 [TX] - 56 69 56 4F 74 65 63 68 32 00 2C 08 00 12 31 AA AB 00 00 00 00 00 00 00 00 00 00 00 00 00 00 00 D2 5E 
2026/9/14 15:12:24.423 [RX] - 56 69 56 4F 74 65 63 68 32 00 2C 00 00 00 1C 9B  PT command (OK)

2026/9/14 15:12:24.423 [RX] - 00 00 00 00 00 00 00 00 00 00 00 00 00 00 00 00 00 00 00 00 00 00 00 00 00 00 00 00 00 00 00 00 00 00 00 00 00 00 00 00 00 00 00 00 00 00 00  ----- Write Block #171 -----
 i = 171

2026/9/14 15:12:24.453 [TX] - 56 69 56 4F 74 65 63 68 32 00 2C 08 00 12 31 AB AC 00 00 00 00 00 00 00 00 00 00 00 00 00 00 00 AA 23 
2026/9/14 15:12:24.464 [RX] - 56 69 56 4F 74 65 63 68 32 00 2C 00 00 00 1C 9B  PT command (OK)

2026/9/14 15:12:24.464 [RX] - 00 00 00 00 00 00 00 00 00 00 00 00 00 00 00 00 00 00 00 00 00 00 00 00 00 00 00 00 00 00 00 00 00 00 00 00 00 00 00 00 00 00 00 00 00 00 00  
Mifare auth - 172

2026/9/14 15:12:24.483 [TX] - 56 69 56 4F 74 65 63 68 32 00 2C 06 00 08 AC 01 FF FF FF FF FF FF 9B 45 
2026/9/14 15:12:24.495 [RX] - 56 69 56 4F 74 65 63 68 32 00 2C 00 00 00 1C 9B  PT command (OK)

2026/9/14 15:12:24.495 [RX] - 00 00 00 00 00 00 00 00 00 00 00 00 00 00 00 00 00 00 00 00 00 00 00 00 00 00 00 00 00 00 00 00 00 00 00 00 00 00 00 00 00 00 00 00 00 00 00  ----- Write Block #172 -----
 i = 172

2026/9/14 15:12:24.544 [TX] - 56 69 56 4F 74 65 63 68 32 00 2C 08 00 12 31 AC AD 00 00 00 00 00 00 00 00 00 00 00 00 00 00 00 70 A9 
2026/9/14 15:12:24.558 [RX] - 56 69 56 4F 74 65 63 68 32 00 2C 00 00 00 1C 9B  PT command (OK)

2026/9/14 15:12:24.558 [RX] - 00 00 00 00 00 00 00 00 00 00 00 00 00 00 00 00 00 00 00 00 00 00 00 00 00 00 00 00 00 00 00 00 00 00 00 00 00 00 00 00 00 00 00 00 00 00 00  ----- Write Block #173 -----
 i = 173

2026/9/14 15:12:24.585 [TX] - 56 69 56 4F 74 65 63 68 32 00 2C 08 00 12 31 AD AE 00 00 00 00 00 00 00 00 00 00 00 00 00 00 00 88 06 
2026/9/14 15:12:24.597 [RX] - 56 69 56 4F 74 65 63 68 32 00 2C 00 00 00 1C 9B  PT command (OK)

2026/9/14 15:12:24.597 [RX] - 00 00 00 00 00 00 00 00 00 00 00 00 00 00 00 00 00 00 00 00 00 00 00 00 00 00 00 00 00 00 00 00 00 00 00 00 00 00 00 00 00 00 00 00 00 00 00  ----- Write Block #174 -----
 i = 174

2026/9/14 15:12:24.628 [TX] - 56 69 56 4F 74 65 63 68 32 00 2C 08 00 12 31 AE AF 00 00 00 00 00 00 00 00 00 00 00 00 00 00 00 11 04 
2026/9/14 15:12:24.638 [RX] - 56 69 56 4F 74 65 63 68 32 00 2C 00 00 00 1C 9B  PT command (OK)

2026/9/14 15:12:24.638 [RX] - 00 00 00 00 00 00 00 00 00 00 00 00 00 00 00 00 00 00 00 00 00 00 00 00 00 00 00 00 00 00 00 00 00 00 00 00 00 00 00 00 00 00 00 00 00 00 00  ----- #175 was SKIPPED -----
 
Mifare auth - 176

2026/9/14 15:12:24.676 [TX] - 56 69 56 4F 74 65 63 68 32 00 2C 06 00 08 B0 01 FF FF FF FF FF FF B7 46 
2026/9/14 15:12:24.684 [RX] - 56 69 56 4F 74 65 63 68 32 00 2C 00 00 00 1C 9B  PT command (OK)

2026/9/14 15:12:24.684 [RX] - 00 00 00 00 00 00 00 00 00 00 00 00 00 00 00 00 00 00 00 00 00 00 00 00 00 00 00 00 00 00 00 00 00 00 00 00 00 00 00 00 00 00 00 00 00 00 00  ----- Write Block #176 -----
 i = 176

2026/9/14 15:12:24.718 [TX] - 56 69 56 4F 74 65 63 68 32 00 2C 08 00 12 31 B0 B1 00 00 00 00 00 00 00 00 00 00 00 00 00 00 00 18 6D 
2026/9/14 15:12:24.730 [RX] - 56 69 56 4F 74 65 63 68 32 00 2C 00 00 00 1C 9B  PT command (OK)

2026/9/14 15:12:24.730 [RX] - 00 00 00 00 00 00 00 00 00 00 00 00 00 00 00 00 00 00 00 00 00 00 00 00 00 00 00 00 00 00 00 00 00 00 00 00 00 00 00 00 00 00 00 00 00 00 00  ----- Write Block #177 -----
 i = 177

2026/9/14 15:12:24.761 [TX] - 56 69 56 4F 74 65 63 68 32 00 2C 08 00 12 31 B1 B2 00 00 00 00 00 00 00 00 00 00 00 00 00 00 00 E0 C2 
2026/9/14 15:12:24.775 [RX] - 56 69 56 4F 74 65 63 68 32 00 2C 00 00 00 1C 9B  PT command (OK)

2026/9/14 15:12:24.775 [RX] - 00 00 00 00 00 00 00 00 00 00 00 00 00 00 00 00 00 00 00 00 00 00 00 00 00 00 00 00 00 00 00 00 00 00 00 00 00 00 00 00 00 00 00 00 00 00 00  ----- Write Block #178 -----
 i = 178

2026/9/14 15:12:24.820 [TX] - 56 69 56 4F 74 65 63 68 32 00 2C 08 00 12 31 B2 B3 00 00 00 00 00 00 00 00 00 00 00 00 00 00 00 79 C0 
2026/9/14 15:12:24.831 [RX] - 56 69 56 4F 74 65 63 68 32 00 2C 00 00 00 1C 9B  PT command (OK)

2026/9/14 15:12:24.831 [RX] - 00 00 00 00 00 00 00 00 00 00 00 00 00 00 00 00 00 00 00 00 00 00 00 00 00 00 00 00 00 00 00 00 00 00 00 00 00 00 00 00 00 00 00 00 00 00 00  ----- Write Block #179 -----
 i = 179

2026/9/14 15:12:24.872 [TX] - 56 69 56 4F 74 65 63 68 32 00 2C 08 00 12 31 B3 B4 00 00 00 00 00 00 00 00 00 00 00 00 00 00 00 01 BD 
2026/9/14 15:12:24.883 [RX] - 56 69 56 4F 74 65 63 68 32 00 2C 00 00 00 1C 9B  PT command (OK)

2026/9/14 15:12:24.883 [RX] - 00 00 00 00 00 00 00 00 00 00 00 00 00 00 00 00 00 00 00 00 00 00 00 00 00 00 00 00 00 00 00 00 00 00 00 00 00 00 00 00 00 00 00 00 00 00 00  
Mifare auth - 180

2026/9/14 15:12:24.904 [TX] - 56 69 56 4F 74 65 63 68 32 00 2C 06 00 08 B4 01 FF FF FF FF FF FF B8 2B 
2026/9/14 15:12:24.914 [RX] - 56 69 56 4F 74 65 63 68 32 00 2C 00 00 00 1C 9B  PT command (OK)

2026/9/14 15:12:24.914 [RX] - 00 00 00 00 00 00 00 00 00 00 00 00 00 00 00 00 00 00 00 00 00 00 00 00 00 00 00 00 00 00 00 00 00 00 00 00 00 00 00 00 00 00 00 00 00 00 00  ----- Write Block #180 -----
 i = 180

2026/9/14 15:12:24.945 [TX] - 56 69 56 4F 74 65 63 68 32 00 2C 08 00 12 31 B4 B5 00 00 00 00 00 00 00 00 00 00 00 00 00 00 00 DB 37 
2026/9/14 15:12:24.961 [RX] - 56 69 56 4F 74 65 63 68 32 00 2C 00 00 00 1C 9B  PT command (OK)

2026/9/14 15:12:24.961 [RX] - 00 00 00 00 00 00 00 00 00 00 00 00 00 00 00 00 00 00 00 00 00 00 00 00 00 00 00 00 00 00 00 00 00 00 00 00 00 00 00 00 00 00 00 00 00 00 00  ----- Write Block #181 -----
 i = 181

2026/9/14 15:12:25.005 [TX] - 56 69 56 4F 74 65 63 68 32 00 2C 08 00 12 31 B5 B6 00 00 00 00 00 00 00 00 00 00 00 00 00 00 00 23 98 
2026/9/14 15:12:25.015 [RX] - 56 69 56 4F 74 65 63 68 32 00 2C 00 00 00 1C 9B  PT command (OK)

2026/9/14 15:12:25.015 [RX] - 00 00 00 00 00 00 00 00 00 00 00 00 00 00 00 00 00 00 00 00 00 00 00 00 00 00 00 00 00 00 00 00 00 00 00 00 00 00 00 00 00 00 00 00 00 00 00  ----- Write Block #182 -----
 i = 182

2026/9/14 15:12:25.050 [TX] - 56 69 56 4F 74 65 63 68 32 00 2C 08 00 12 31 B6 B7 00 00 00 00 00 00 00 00 00 00 00 00 00 00 00 BA 9A 
2026/9/14 15:12:25.061 [RX] - 56 69 56 4F 74 65 63 68 32 00 2C 00 00 00 1C 9B  PT command (OK)

2026/9/14 15:12:25.061 [RX] - 00 00 00 00 00 00 00 00 00 00 00 00 00 00 00 00 00 00 00 00 00 00 00 00 00 00 00 00 00 00 00 00 00 00 00 00 00 00 00 00 00 00 00 00 00 00 00  ----- Write Block #183 -----
 i = 183

2026/9/14 15:12:25.095 [TX] - 56 69 56 4F 74 65 63 68 32 00 2C 08 00 12 31 B7 B8 00 00 00 00 00 00 00 00 00 00 00 00 00 00 00 D3 62 
2026/9/14 15:12:25.105 [RX] - 56 69 56 4F 74 65 63 68 32 00 2C 00 00 00 1C 9B  PT command (OK)

2026/9/14 15:12:25.105 [RX] - 00 00 00 00 00 00 00 00 00 00 00 00 00 00 00 00 00 00 00 00 00 00 00 00 00 00 00 00 00 00 00 00 00 00 00 00 00 00 00 00 00 00 00 00 00 00 00  
Mifare auth - 184

2026/9/14 15:12:25.126 [TX] - 56 69 56 4F 74 65 63 68 32 00 2C 06 00 08 B8 01 FF FF FF FF FF FF A9 9C 
2026/9/14 15:12:25.134 [RX] - 56 69 56 4F 74 65 63 68 32 00 2C 00 00 00 1C 9B  PT command (OK)

2026/9/14 15:12:25.134 [RX] - 00 00 00 00 00 00 00 00 00 00 00 00 00 00 00 00 00 00 00 00 00 00 00 00 00 00 00 00 00 00 00 00 00 00 00 00 00 00 00 00 00 00 00 00 00 00 00  ----- Write Block #184 -----
 i = 184

2026/9/14 15:12:25.169 [TX] - 56 69 56 4F 74 65 63 68 32 00 2C 08 00 12 31 B8 B9 00 00 00 00 00 00 00 00 00 00 00 00 00 00 00 8E F8 
2026/9/14 15:12:25.179 [RX] - 56 69 56 4F 74 65 63 68 32 00 2C 00 00 00 1C 9B  PT command (OK)

2026/9/14 15:12:25.179 [RX] - 00 00 00 00 00 00 00 00 00 00 00 00 00 00 00 00 00 00 00 00 00 00 00 00 00 00 00 00 00 00 00 00 00 00 00 00 00 00 00 00 00 00 00 00 00 00 00  ----- Write Block #185 -----
 i = 185

2026/9/14 15:12:25.213 [TX] - 56 69 56 4F 74 65 63 68 32 00 2C 08 00 12 31 B9 BA 00 00 00 00 00 00 00 00 00 00 00 00 00 00 00 76 57 
2026/9/14 15:12:25.225 [RX] - 56 69 56 4F 74 65 63 68 32 00 2C 00 00 00 1C 9B  PT command (OK)

2026/9/14 15:12:25.225 [RX] - 00 00 00 00 00 00 00 00 00 00 00 00 00 00 00 00 00 00 00 00 00 00 00 00 00 00 00 00 00 00 00 00 00 00 00 00 00 00 00 00 00 00 00 00 00 00 00  ----- Write Block #186 -----
 i = 186

2026/9/14 15:12:25.255 [TX] - 56 69 56 4F 74 65 63 68 32 00 2C 08 00 12 31 BA BB 00 00 00 00 00 00 00 00 00 00 00 00 00 00 00 EF 55 
2026/9/14 15:12:25.271 [RX] - 56 69 56 4F 74 65 63 68 32 00 2C 00 00 00 1C 9B  PT command (OK)

2026/9/14 15:12:25.271 [RX] - 00 00 00 00 00 00 00 00 00 00 00 00 00 00 00 00 00 00 00 00 00 00 00 00 00 00 00 00 00 00 00 00 00 00 00 00 00 00 00 00 00 00 00 00 00 00 00  ----- Write Block #187 -----
 i = 187

2026/9/14 15:12:25.301 [TX] - 56 69 56 4F 74 65 63 68 32 00 2C 08 00 12 31 BB BC 00 00 00 00 00 00 00 00 00 00 00 00 00 00 00 97 28 
2026/9/14 15:12:25.312 [RX] - 56 69 56 4F 74 65 63 68 32 00 2C 00 00 00 1C 9B  PT command (OK)

2026/9/14 15:12:25.312 [RX] - 00 00 00 00 00 00 00 00 00 00 00 00 00 00 00 00 00 00 00 00 00 00 00 00 00 00 00 00 00 00 00 00 00 00 00 00 00 00 00 00 00 00 00 00 00 00 00  
Mifare auth - 188

2026/9/14 15:12:25.340 [TX] - 56 69 56 4F 74 65 63 68 32 00 2C 06 00 08 BC 01 FF FF FF FF FF FF A6 F1 
2026/9/14 15:12:25.350 [RX] - 56 69 56 4F 74 65 63 68 32 00 2C 00 00 00 1C 9B  PT command (OK)

2026/9/14 15:12:25.350 [RX] - 00 00 00 00 00 00 00 00 00 00 00 00 00 00 00 00 00 00 00 00 00 00 00 00 00 00 00 00 00 00 00 00 00 00 00 00 00 00 00 00 00 00 00 00 00 00 00  ----- Write Block #188 -----
 i = 188

2026/9/14 15:12:25.402 [TX] - 56 69 56 4F 74 65 63 68 32 00 2C 08 00 12 31 BC BD 00 00 00 00 00 00 00 00 00 00 00 00 00 00 00 4D A2 
2026/9/14 15:12:25.414 [RX] - 56 69 56 4F 74 65 63 68 32 00 2C 00 00 00 1C 9B  PT command (OK)

2026/9/14 15:12:25.414 [RX] - 00 00 00 00 00 00 00 00 00 00 00 00 00 00 00 00 00 00 00 00 00 00 00 00 00 00 00 00 00 00 00 00 00 00 00 00 00 00 00 00 00 00 00 00 00 00 00  ----- Write Block #189 -----
 i = 189

2026/9/14 15:12:25.452 [TX] - 56 69 56 4F 74 65 63 68 32 00 2C 08 00 12 31 BD BE 00 00 00 00 00 00 00 00 00 00 00 00 00 00 00 B5 0D 
2026/9/14 15:12:25.462 [RX] - 56 69 56 4F 74 65 63 68 32 00 2C 00 00 00 1C 9B  PT command (OK)

2026/9/14 15:12:25.462 [RX] - 00 00 00 00 00 00 00 00 00 00 00 00 00 00 00 00 00 00 00 00 00 00 00 00 00 00 00 00 00 00 00 00 00 00 00 00 00 00 00 00 00 00 00 00 00 00 00  ----- Write Block #190 -----
 i = 190

2026/9/14 15:12:25.504 [TX] - 56 69 56 4F 74 65 63 68 32 00 2C 08 00 12 31 BE BF 00 00 00 00 00 00 00 00 00 00 00 00 00 00 00 2C 0F 
2026/9/14 15:12:25.516 [RX] - 56 69 56 4F 74 65 63 68 32 00 2C 00 00 00 1C 9B  PT command (OK)

2026/9/14 15:12:25.516 [RX] - 00 00 00 00 00 00 00 00 00 00 00 00 00 00 00 00 00 00 00 00 00 00 00 00 00 00 00 00 00 00 00 00 00 00 00 00 00 00 00 00 00 00 00 00 00 00 00  ----- #191 was SKIPPED -----
 
Mifare auth - 192

2026/9/14 15:12:25.546 [TX] - 56 69 56 4F 74 65 63 68 32 00 2C 06 00 08 C0 01 FF FF FF FF FF FF 07 4A 
2026/9/14 15:12:25.555 [RX] - 56 69 56 4F 74 65 63 68 32 00 2C 00 00 00 1C 9B  PT command (OK)

2026/9/14 15:12:25.555 [RX] - 00 00 00 00 00 00 00 00 00 00 00 00 00 00 00 00 00 00 00 00 00 00 00 00 00 00 00 00 00 00 00 00 00 00 00 00 00 00 00 00 00 00 00 00 00 00 00  ----- Write Block #192 -----
 i = 192

2026/9/14 15:12:25.587 [TX] - 56 69 56 4F 74 65 63 68 32 00 2C 08 00 12 31 C0 C1 00 00 00 00 00 00 00 00 00 00 00 00 00 00 00 AB 5C 
2026/9/14 15:12:25.602 [RX] - 56 69 56 4F 74 65 63 68 32 00 2C 00 00 00 1C 9B  PT command (OK)

2026/9/14 15:12:25.602 [RX] - 00 00 00 00 00 00 00 00 00 00 00 00 00 00 00 00 00 00 00 00 00 00 00 00 00 00 00 00 00 00 00 00 00 00 00 00 00 00 00 00 00 00 00 00 00 00 00  ----- Write Block #193 -----
 i = 193

2026/9/14 15:12:25.650 [TX] - 56 69 56 4F 74 65 63 68 32 00 2C 08 00 12 31 C1 C2 00 00 00 00 00 00 00 00 00 00 00 00 00 00 00 53 F3 
2026/9/14 15:12:25.664 [RX] - 56 69 56 4F 74 65 63 68 32 00 2C 00 00 00 1C 9B  PT command (OK)

2026/9/14 15:12:25.664 [RX] - 00 00 00 00 00 00 00 00 00 00 00 00 00 00 00 00 00 00 00 00 00 00 00 00 00 00 00 00 00 00 00 00 00 00 00 00 00 00 00 00 00 00 00 00 00 00 00  ----- Write Block #194 -----
 i = 194

2026/9/14 15:12:25.697 [TX] - 56 69 56 4F 74 65 63 68 32 00 2C 08 00 12 31 C2 C3 00 00 00 00 00 00 00 00 00 00 00 00 00 00 00 CA F1 
2026/9/14 15:12:25.711 [RX] - 56 69 56 4F 74 65 63 68 32 00 2C 00 00 00 1C 9B  PT command (OK)

2026/9/14 15:12:25.711 [RX] - 00 00 00 00 00 00 00 00 00 00 00 00 00 00 00 00 00 00 00 00 00 00 00 00 00 00 00 00 00 00 00 00 00 00 00 00 00 00 00 00 00 00 00 00 00 00 00  ----- Write Block #195 -----
 i = 195

2026/9/14 15:12:25.738 [TX] - 56 69 56 4F 74 65 63 68 32 00 2C 08 00 12 31 C3 C4 00 00 00 00 00 00 00 00 00 00 00 00 00 00 00 B2 8C 
2026/9/14 15:12:25.749 [RX] - 56 69 56 4F 74 65 63 68 32 00 2C 00 00 00 1C 9B  PT command (OK)

2026/9/14 15:12:25.749 [RX] - 00 00 00 00 00 00 00 00 00 00 00 00 00 00 00 00 00 00 00 00 00 00 00 00 00 00 00 00 00 00 00 00 00 00 00 00 00 00 00 00 00 00 00 00 00 00 00  
Mifare auth - 196

2026/9/14 15:12:25.768 [TX] - 56 69 56 4F 74 65 63 68 32 00 2C 06 00 08 C4 01 FF FF FF FF FF FF 08 27 
2026/9/14 15:12:25.776 [RX] - 56 69 56 4F 74 65 63 68 32 00 2C 00 00 00 1C 9B  PT command (OK)

2026/9/14 15:12:25.776 [RX] - 00 00 00 00 00 00 00 00 00 00 00 00 00 00 00 00 00 00 00 00 00 00 00 00 00 00 00 00 00 00 00 00 00 00 00 00 00 00 00 00 00 00 00 00 00 00 00  ----- Write Block #196 -----
 i = 196

2026/9/14 15:12:25.813 [TX] - 56 69 56 4F 74 65 63 68 32 00 2C 08 00 12 31 C4 C5 00 00 00 00 00 00 00 00 00 00 00 00 00 00 00 68 06 
2026/9/14 15:12:25.823 [RX] - 56 69 56 4F 74 65 63 68 32 00 2C 00 00 00 1C 9B  PT command (OK)

2026/9/14 15:12:25.823 [RX] - 00 00 00 00 00 00 00 00 00 00 00 00 00 00 00 00 00 00 00 00 00 00 00 00 00 00 00 00 00 00 00 00 00 00 00 00 00 00 00 00 00 00 00 00 00 00 00  ----- Write Block #197 -----
 i = 197

2026/9/14 15:12:25.855 [TX] - 56 69 56 4F 74 65 63 68 32 00 2C 08 00 12 31 C5 C6 00 00 00 00 00 00 00 00 00 00 00 00 00 00 00 90 A9 
2026/9/14 15:12:25.867 [RX] - 56 69 56 4F 74 65 63 68 32 00 2C 00 00 00 1C 9B  PT command (OK)

2026/9/14 15:12:25.867 [RX] - 00 00 00 00 00 00 00 00 00 00 00 00 00 00 00 00 00 00 00 00 00 00 00 00 00 00 00 00 00 00 00 00 00 00 00 00 00 00 00 00 00 00 00 00 00 00 00  ----- Write Block #198 -----
 i = 198

2026/9/14 15:12:25.899 [TX] - 56 69 56 4F 74 65 63 68 32 00 2C 08 00 12 31 C6 C7 00 00 00 00 00 00 00 00 00 00 00 00 00 00 00 09 AB 
2026/9/14 15:12:25.913 [RX] - 56 69 56 4F 74 65 63 68 32 00 2C 00 00 00 1C 9B  PT command (OK)

2026/9/14 15:12:25.913 [RX] - 00 00 00 00 00 00 00 00 00 00 00 00 00 00 00 00 00 00 00 00 00 00 00 00 00 00 00 00 00 00 00 00 00 00 00 00 00 00 00 00 00 00 00 00 00 00 00  ----- Write Block #199 -----
 i = 199

2026/9/14 15:12:25.952 [TX] - 56 69 56 4F 74 65 63 68 32 00 2C 08 00 12 31 C7 C8 00 00 00 00 00 00 00 00 00 00 00 00 00 00 00 60 53 
2026/9/14 15:12:25.963 [RX] - 56 69 56 4F 74 65 63 68 32 00 2C 00 00 00 1C 9B  PT command (OK)

2026/9/14 15:12:25.963 [RX] - 00 00 00 00 00 00 00 00 00 00 00 00 00 00 00 00 00 00 00 00 00 00 00 00 00 00 00 00 00 00 00 00 00 00 00 00 00 00 00 00 00 00 00 00 00 00 00  
Mifare auth - 200

2026/9/14 15:12:25.984 [TX] - 56 69 56 4F 74 65 63 68 32 00 2C 06 00 08 C8 01 FF FF FF FF FF FF 19 90 
2026/9/14 15:12:25.992 [RX] - 56 69 56 4F 74 65 63 68 32 00 2C 00 00 00 1C 9B  PT command (OK)

2026/9/14 15:12:25.992 [RX] - 00 00 00 00 00 00 00 00 00 00 00 00 00 00 00 00 00 00 00 00 00 00 00 00 00 00 00 00 00 00 00 00 00 00 00 00 00 00 00 00 00 00 00 00 00 00 00  ----- Write Block #200 -----
 i = 200

2026/9/14 15:12:26.031 [TX] - 56 69 56 4F 74 65 63 68 32 00 2C 08 00 12 31 C8 C9 00 00 00 00 00 00 00 00 00 00 00 00 00 00 00 3D C9 
2026/9/14 15:12:26.043 [RX] - 56 69 56 4F 74 65 63 68 32 00 2C 00 00 00 1C 9B  PT command (OK)

2026/9/14 15:12:26.043 [RX] - 00 00 00 00 00 00 00 00 00 00 00 00 00 00 00 00 00 00 00 00 00 00 00 00 00 00 00 00 00 00 00 00 00 00 00 00 00 00 00 00 00 00 00 00 00 00 00  ----- Write Block #201 -----
 i = 201

2026/9/14 15:12:26.084 [TX] - 56 69 56 4F 74 65 63 68 32 00 2C 08 00 12 31 C9 CA 00 00 00 00 00 00 00 00 00 00 00 00 00 00 00 C5 66 
2026/9/14 15:12:26.099 [RX] - 56 69 56 4F 74 65 63 68 32 00 2C 00 00 00 1C 9B  PT command (OK)

2026/9/14 15:12:26.099 [RX] - 00 00 00 00 00 00 00 00 00 00 00 00 00 00 00 00 00 00 00 00 00 00 00 00 00 00 00 00 00 00 00 00 00 00 00 00 00 00 00 00 00 00 00 00 00 00 00  ----- Write Block #202 -----
 i = 202

2026/9/14 15:12:26.129 [TX] - 56 69 56 4F 74 65 63 68 32 00 2C 08 00 12 31 CA CB 00 00 00 00 00 00 00 00 00 00 00 00 00 00 00 5C 64 
2026/9/14 15:12:26.145 [RX] - 56 69 56 4F 74 65 63 68 32 00 2C 00 00 00 1C 9B  PT command (OK)

2026/9/14 15:12:26.145 [RX] - 00 00 00 00 00 00 00 00 00 00 00 00 00 00 00 00 00 00 00 00 00 00 00 00 00 00 00 00 00 00 00 00 00 00 00 00 00 00 00 00 00 00 00 00 00 00 00  ----- Write Block #203 -----
 i = 203

2026/9/14 15:12:26.178 [TX] - 56 69 56 4F 74 65 63 68 32 00 2C 08 00 12 31 CB CC 00 00 00 00 00 00 00 00 00 00 00 00 00 00 00 24 19 
2026/9/14 15:12:26.192 [RX] - 56 69 56 4F 74 65 63 68 32 00 2C 00 00 00 1C 9B  PT command (OK)

2026/9/14 15:12:26.192 [RX] - 00 00 00 00 00 00 00 00 00 00 00 00 00 00 00 00 00 00 00 00 00 00 00 00 00 00 00 00 00 00 00 00 00 00 00 00 00 00 00 00 00 00 00 00 00 00 00  
Mifare auth - 204

2026/9/14 15:12:26.211 [TX] - 56 69 56 4F 74 65 63 68 32 00 2C 06 00 08 CC 01 FF FF FF FF FF FF 16 FD 
2026/9/14 15:12:26.224 [RX] - 56 69 56 4F 74 65 63 68 32 00 2C 00 00 00 1C 9B  PT command (OK)

2026/9/14 15:12:26.224 [RX] - 00 00 00 00 00 00 00 00 00 00 00 00 00 00 00 00 00 00 00 00 00 00 00 00 00 00 00 00 00 00 00 00 00 00 00 00 00 00 00 00 00 00 00 00 00 00 00  ----- Write Block #204 -----
 i = 204

2026/9/14 15:12:26.272 [TX] - 56 69 56 4F 74 65 63 68 32 00 2C 08 00 12 31 CC CD 00 00 00 00 00 00 00 00 00 00 00 00 00 00 00 FE 93 
2026/9/14 15:12:26.286 [RX] - 56 69 56 4F 74 65 63 68 32 00 2C 00 00 00 1C 9B  PT command (OK)

2026/9/14 15:12:26.286 [RX] - 00 00 00 00 00 00 00 00 00 00 00 00 00 00 00 00 00 00 00 00 00 00 00 00 00 00 00 00 00 00 00 00 00 00 00 00 00 00 00 00 00 00 00 00 00 00 00  ----- Write Block #205 -----
 i = 205

2026/9/14 15:12:26.318 [TX] - 56 69 56 4F 74 65 63 68 32 00 2C 08 00 12 31 CD CE 00 00 00 00 00 00 00 00 00 00 00 00 00 00 00 06 3C 
2026/9/14 15:12:26.333 [RX] - 56 69 56 4F 74 65 63 68 32 00 2C 00 00 00 1C 9B  PT command (OK)

2026/9/14 15:12:26.333 [RX] - 00 00 00 00 00 00 00 00 00 00 00 00 00 00 00 00 00 00 00 00 00 00 00 00 00 00 00 00 00 00 00 00 00 00 00 00 00 00 00 00 00 00 00 00 00 00 00  ----- Write Block #206 -----
 i = 206

2026/9/14 15:12:26.369 [TX] - 56 69 56 4F 74 65 63 68 32 00 2C 08 00 12 31 CE CF 00 00 00 00 00 00 00 00 00 00 00 00 00 00 00 9F 3E 
2026/9/14 15:12:26.381 [RX] - 56 69 56 4F 74 65 63 68 32 00 2C 00 00 00 1C 9B  PT command (OK)

2026/9/14 15:12:26.381 [RX] - 00 00 00 00 00 00 00 00 00 00 00 00 00 00 00 00 00 00 00 00 00 00 00 00 00 00 00 00 00 00 00 00 00 00 00 00 00 00 00 00 00 00 00 00 00 00 00  ----- #207 was SKIPPED -----
 
Mifare auth - 208

2026/9/14 15:12:26.413 [TX] - 56 69 56 4F 74 65 63 68 32 00 2C 06 00 08 D0 01 FF FF FF FF FF FF 3A FE 
2026/9/14 15:12:26.427 [RX] - 56 69 56 4F 74 65 63 68 32 00 2C 00 00 00 1C 9B  PT command (OK)

2026/9/14 15:12:26.427 [RX] - 00 00 00 00 00 00 00 00 00 00 00 00 00 00 00 00 00 00 00 00 00 00 00 00 00 00 00 00 00 00 00 00 00 00 00 00 00 00 00 00 00 00 00 00 00 00 00  ----- Write Block #208 -----
 i = 208

2026/9/14 15:12:26.460 [TX] - 56 69 56 4F 74 65 63 68 32 00 2C 08 00 12 31 D0 D1 00 00 00 00 00 00 00 00 00 00 00 00 00 00 00 96 57 
2026/9/14 15:12:26.474 [RX] - 56 69 56 4F 74 65 63 68 32 00 2C 00 00 00 1C 9B  PT command (OK)

2026/9/14 15:12:26.474 [RX] - 00 00 00 00 00 00 00 00 00 00 00 00 00 00 00 00 00 00 00 00 00 00 00 00 00 00 00 00 00 00 00 00 00 00 00 00 00 00 00 00 00 00 00 00 00 00 00  ----- Write Block #209 -----
 i = 209

2026/9/14 15:12:26.504 [TX] - 56 69 56 4F 74 65 63 68 32 00 2C 08 00 12 31 D1 D2 00 00 00 00 00 00 00 00 00 00 00 00 00 00 00 6E F8 
2026/9/14 15:12:26.521 [RX] - 56 69 56 4F 74 65 63 68 32 00 2C 00 00 00 1C 9B  PT command (OK)

2026/9/14 15:12:26.521 [RX] - 00 00 00 00 00 00 00 00 00 00 00 00 00 00 00 00 00 00 00 00 00 00 00 00 00 00 00 00 00 00 00 00 00 00 00 00 00 00 00 00 00 00 00 00 00 00 00  ----- Write Block #210 -----
 i = 210

2026/9/14 15:12:26.552 [TX] - 56 69 56 4F 74 65 63 68 32 00 2C 08 00 12 31 D2 D3 00 00 00 00 00 00 00 00 00 00 00 00 00 00 00 F7 FA 
2026/9/14 15:12:26.568 [RX] - 56 69 56 4F 74 65 63 68 32 00 2C 00 00 00 1C 9B  PT command (OK)

2026/9/14 15:12:26.568 [RX] - 00 00 00 00 00 00 00 00 00 00 00 00 00 00 00 00 00 00 00 00 00 00 00 00 00 00 00 00 00 00 00 00 00 00 00 00 00 00 00 00 00 00 00 00 00 00 00  ----- Write Block #211 -----
 i = 211

2026/9/14 15:12:26.614 [TX] - 56 69 56 4F 74 65 63 68 32 00 2C 08 00 12 31 D3 D4 00 00 00 00 00 00 00 00 00 00 00 00 00 00 00 8F 87 
2026/9/14 15:12:26.625 [RX] - 56 69 56 4F 74 65 63 68 32 00 2C 00 00 00 1C 9B  PT command (OK)

2026/9/14 15:12:26.625 [RX] - 00 00 00 00 00 00 00 00 00 00 00 00 00 00 00 00 00 00 00 00 00 00 00 00 00 00 00 00 00 00 00 00 00 00 00 00 00 00 00 00 00 00 00 00 00 00 00  
Mifare auth - 212

2026/9/14 15:12:26.647 [TX] - 56 69 56 4F 74 65 63 68 32 00 2C 06 00 08 D4 01 FF FF FF FF FF FF 35 93 
2026/9/14 15:12:26.661 [RX] - 56 69 56 4F 74 65 63 68 32 00 2C 00 00 00 1C 9B  PT command (OK)

2026/9/14 15:12:26.661 [RX] - 00 00 00 00 00 00 00 00 00 00 00 00 00 00 00 00 00 00 00 00 00 00 00 00 00 00 00 00 00 00 00 00 00 00 00 00 00 00 00 00 00 00 00 00 00 00 00  ----- Write Block #212 -----
 i = 212

2026/9/14 15:12:26.701 [TX] - 56 69 56 4F 74 65 63 68 32 00 2C 08 00 12 31 D4 D5 00 00 00 00 00 00 00 00 00 00 00 00 00 00 00 55 0D 
2026/9/14 15:12:26.713 [RX] - 56 69 56 4F 74 65 63 68 32 00 2C 00 00 00 1C 9B  PT command (OK)

2026/9/14 15:12:26.713 [RX] - 00 00 00 00 00 00 00 00 00 00 00 00 00 00 00 00 00 00 00 00 00 00 00 00 00 00 00 00 00 00 00 00 00 00 00 00 00 00 00 00 00 00 00 00 00 00 00  ----- Write Block #213 -----
 i = 213

2026/9/14 15:12:26.747 [TX] - 56 69 56 4F 74 65 63 68 32 00 2C 08 00 12 31 D5 D6 00 00 00 00 00 00 00 00 00 00 00 00 00 00 00 AD A2 
2026/9/14 15:12:26.758 [RX] - 56 69 56 4F 74 65 63 68 32 00 2C 00 00 00 1C 9B  PT command (OK)

2026/9/14 15:12:26.758 [RX] - 00 00 00 00 00 00 00 00 00 00 00 00 00 00 00 00 00 00 00 00 00 00 00 00 00 00 00 00 00 00 00 00 00 00 00 00 00 00 00 00 00 00 00 00 00 00 00  ----- Write Block #214 -----
 i = 214

2026/9/14 15:12:26.793 [TX] - 56 69 56 4F 74 65 63 68 32 00 2C 08 00 12 31 D6 D7 00 00 00 00 00 00 00 00 00 00 00 00 00 00 00 34 A0 
2026/9/14 15:12:26.804 [RX] - 56 69 56 4F 74 65 63 68 32 00 2C 00 00 00 1C 9B  PT command (OK)

2026/9/14 15:12:26.804 [RX] - 00 00 00 00 00 00 00 00 00 00 00 00 00 00 00 00 00 00 00 00 00 00 00 00 00 00 00 00 00 00 00 00 00 00 00 00 00 00 00 00 00 00 00 00 00 00 00  ----- Write Block #215 -----
 i = 215

2026/9/14 15:12:26.844 [TX] - 56 69 56 4F 74 65 63 68 32 00 2C 08 00 12 31 D7 D8 00 00 00 00 00 00 00 00 00 00 00 00 00 00 00 5D 58 
2026/9/14 15:12:26.855 [RX] - 56 69 56 4F 74 65 63 68 32 00 2C 00 00 00 1C 9B  PT command (OK)

2026/9/14 15:12:26.855 [RX] - 00 00 00 00 00 00 00 00 00 00 00 00 00 00 00 00 00 00 00 00 00 00 00 00 00 00 00 00 00 00 00 00 00 00 00 00 00 00 00 00 00 00 00 00 00 00 00  
Mifare auth - 216

2026/9/14 15:12:26.879 [TX] - 56 69 56 4F 74 65 63 68 32 00 2C 06 00 08 D8 01 FF FF FF FF FF FF 24 24 
2026/9/14 15:12:26.886 [RX] - 56 69 56 4F 74 65 63 68 32 00 2C 00 00 00 1C 9B  PT command (OK)

2026/9/14 15:12:26.886 [RX] - 00 00 00 00 00 00 00 00 00 00 00 00 00 00 00 00 00 00 00 00 00 00 00 00 00 00 00 00 00 00 00 00 00 00 00 00 00 00 00 00 00 00 00 00 00 00 00  ----- Write Block #216 -----
 i = 216

2026/9/14 15:12:26.931 [TX] - 56 69 56 4F 74 65 63 68 32 00 2C 08 00 12 31 D8 D9 00 00 00 00 00 00 00 00 00 00 00 00 00 00 00 00 C2 
2026/9/14 15:12:26.945 [RX] - 56 69 56 4F 74 65 63 68 32 00 2C 00 00 00 1C 9B  PT command (OK)

2026/9/14 15:12:26.945 [RX] - 00 00 00 00 00 00 00 00 00 00 00 00 00 00 00 00 00 00 00 00 00 00 00 00 00 00 00 00 00 00 00 00 00 00 00 00 00 00 00 00 00 00 00 00 00 00 00  ----- Write Block #217 -----
 i = 217

2026/9/14 15:12:26.978 [TX] - 56 69 56 4F 74 65 63 68 32 00 2C 08 00 12 31 D9 DA 00 00 00 00 00 00 00 00 00 00 00 00 00 00 00 F8 6D 
2026/9/14 15:12:26.992 [RX] - 56 69 56 4F 74 65 63 68 32 00 2C 00 00 00 1C 9B  PT command (OK)

2026/9/14 15:12:26.992 [RX] - 00 00 00 00 00 00 00 00 00 00 00 00 00 00 00 00 00 00 00 00 00 00 00 00 00 00 00 00 00 00 00 00 00 00 00 00 00 00 00 00 00 00 00 00 00 00 00  ----- Write Block #218 -----
 i = 218

2026/9/14 15:12:27.028 [TX] - 56 69 56 4F 74 65 63 68 32 00 2C 08 00 12 31 DA DB 00 00 00 00 00 00 00 00 00 00 00 00 00 00 00 61 6F 
2026/9/14 15:12:27.038 [RX] - 56 69 56 4F 74 65 63 68 32 00 2C 00 00 00 1C 9B  PT command (OK)

2026/9/14 15:12:27.038 [RX] - 00 00 00 00 00 00 00 00 00 00 00 00 00 00 00 00 00 00 00 00 00 00 00 00 00 00 00 00 00 00 00 00 00 00 00 00 00 00 00 00 00 00 00 00 00 00 00  ----- Write Block #219 -----
 i = 219

2026/9/14 15:12:27.072 [TX] - 56 69 56 4F 74 65 63 68 32 00 2C 08 00 12 31 DB DC 00 00 00 00 00 00 00 00 00 00 00 00 00 00 00 19 12 
2026/9/14 15:12:27.084 [RX] - 56 69 56 4F 74 65 63 68 32 00 2C 00 00 00 1C 9B  PT command (OK)

2026/9/14 15:12:27.084 [RX] - 00 00 00 00 00 00 00 00 00 00 00 00 00 00 00 00 00 00 00 00 00 00 00 00 00 00 00 00 00 00 00 00 00 00 00 00 00 00 00 00 00 00 00 00 00 00 00  
Mifare auth - 220

2026/9/14 15:12:27.106 [TX] - 56 69 56 4F 74 65 63 68 32 00 2C 06 00 08 DC 01 FF FF FF FF FF FF 2B 49 
2026/9/14 15:12:27.115 [RX] - 56 69 56 4F 74 65 63 68 32 00 2C 00 00 00 1C 9B  PT command (OK)

2026/9/14 15:12:27.115 [RX] - 00 00 00 00 00 00 00 00 00 00 00 00 00 00 00 00 00 00 00 00 00 00 00 00 00 00 00 00 00 00 00 00 00 00 00 00 00 00 00 00 00 00 00 00 00 00 00  ----- Write Block #220 -----
 i = 220

2026/9/14 15:12:27.155 [TX] - 56 69 56 4F 74 65 63 68 32 00 2C 08 00 12 31 DC DD 00 00 00 00 00 00 00 00 00 00 00 00 00 00 00 C3 98 
2026/9/14 15:12:27.166 [RX] - 56 69 56 4F 74 65 63 68 32 00 2C 00 00 00 1C 9B  PT command (OK)

2026/9/14 15:12:27.166 [RX] - 00 00 00 00 00 00 00 00 00 00 00 00 00 00 00 00 00 00 00 00 00 00 00 00 00 00 00 00 00 00 00 00 00 00 00 00 00 00 00 00 00 00 00 00 00 00 00  ----- Write Block #221 -----
 i = 221

2026/9/14 15:12:27.202 [TX] - 56 69 56 4F 74 65 63 68 32 00 2C 08 00 12 31 DD DE 00 00 00 00 00 00 00 00 00 00 00 00 00 00 00 3B 37 
2026/9/14 15:12:27.213 [RX] - 56 69 56 4F 74 65 63 68 32 00 2C 00 00 00 1C 9B  PT command (OK)

2026/9/14 15:12:27.213 [RX] - 00 00 00 00 00 00 00 00 00 00 00 00 00 00 00 00 00 00 00 00 00 00 00 00 00 00 00 00 00 00 00 00 00 00 00 00 00 00 00 00 00 00 00 00 00 00 00  ----- Write Block #222 -----
 i = 222

2026/9/14 15:12:27.248 [TX] - 56 69 56 4F 74 65 63 68 32 00 2C 08 00 12 31 DE DF 00 00 00 00 00 00 00 00 00 00 00 00 00 00 00 A2 35 
2026/9/14 15:12:27.259 [RX] - 56 69 56 4F 74 65 63 68 32 00 2C 00 00 00 1C 9B  PT command (OK)

2026/9/14 15:12:27.259 [RX] - 00 00 00 00 00 00 00 00 00 00 00 00 00 00 00 00 00 00 00 00 00 00 00 00 00 00 00 00 00 00 00 00 00 00 00 00 00 00 00 00 00 00 00 00 00 00 00  ----- #223 was SKIPPED -----
 
Mifare auth - 224

2026/9/14 15:12:27.301 [TX] - 56 69 56 4F 74 65 63 68 32 00 2C 06 00 08 E0 01 FF FF FF FF FF FF 7C 22 
2026/9/14 15:12:27.308 [RX] - 56 69 56 4F 74 65 63 68 32 00 2C 00 00 00 1C 9B  PT command (OK)

2026/9/14 15:12:27.308 [RX] - 00 00 00 00 00 00 00 00 00 00 00 00 00 00 00 00 00 00 00 00 00 00 00 00 00 00 00 00 00 00 00 00 00 00 00 00 00 00 00 00 00 00 00 00 00 00 00  ----- Write Block #224 -----
 i = 224

2026/9/14 15:12:27.344 [TX] - 56 69 56 4F 74 65 63 68 32 00 2C 08 00 12 31 E0 E1 00 00 00 00 00 00 00 00 00 00 00 00 00 00 00 D1 4A 
2026/9/14 15:12:27.355 [RX] - 56 69 56 4F 74 65 63 68 32 00 2C 00 00 00 1C 9B  PT command (OK)

2026/9/14 15:12:27.355 [RX] - 00 00 00 00 00 00 00 00 00 00 00 00 00 00 00 00 00 00 00 00 00 00 00 00 00 00 00 00 00 00 00 00 00 00 00 00 00 00 00 00 00 00 00 00 00 00 00  ----- Write Block #225 -----
 i = 225

2026/9/14 15:12:27.391 [TX] - 56 69 56 4F 74 65 63 68 32 00 2C 08 00 12 31 E1 E2 00 00 00 00 00 00 00 00 00 00 00 00 00 00 00 29 E5 
2026/9/14 15:12:27.401 [RX] - 56 69 56 4F 74 65 63 68 32 00 2C 00 00 00 1C 9B  PT command (OK)

2026/9/14 15:12:27.401 [RX] - 00 00 00 00 00 00 00 00 00 00 00 00 00 00 00 00 00 00 00 00 00 00 00 00 00 00 00 00 00 00 00 00 00 00 00 00 00 00 00 00 00 00 00 00 00 00 00  ----- Write Block #226 -----
 i = 226

2026/9/14 15:12:27.436 [TX] - 56 69 56 4F 74 65 63 68 32 00 2C 08 00 12 31 E2 E3 00 00 00 00 00 00 00 00 00 00 00 00 00 00 00 B0 E7 
2026/9/14 15:12:27.446 [RX] - 56 69 56 4F 74 65 63 68 32 00 2C 00 00 00 1C 9B  PT command (OK)

2026/9/14 15:12:27.446 [RX] - 00 00 00 00 00 00 00 00 00 00 00 00 00 00 00 00 00 00 00 00 00 00 00 00 00 00 00 00 00 00 00 00 00 00 00 00 00 00 00 00 00 00 00 00 00 00 00  ----- Write Block #227 -----
 i = 227

2026/9/14 15:12:27.481 [TX] - 56 69 56 4F 74 65 63 68 32 00 2C 08 00 12 31 E3 E4 00 00 00 00 00 00 00 00 00 00 00 00 00 00 00 C8 9A 
2026/9/14 15:12:27.493 [RX] - 56 69 56 4F 74 65 63 68 32 00 2C 00 00 00 1C 9B  PT command (OK)

2026/9/14 15:12:27.493 [RX] - 00 00 00 00 00 00 00 00 00 00 00 00 00 00 00 00 00 00 00 00 00 00 00 00 00 00 00 00 00 00 00 00 00 00 00 00 00 00 00 00 00 00 00 00 00 00 00  
Mifare auth - 228

2026/9/14 15:12:27.515 [TX] - 56 69 56 4F 74 65 63 68 32 00 2C 06 00 08 E4 01 FF FF FF FF FF FF 73 4F 
2026/9/14 15:12:27.523 [RX] - 56 69 56 4F 74 65 63 68 32 00 2C 00 00 00 1C 9B  PT command (OK)

2026/9/14 15:12:27.523 [RX] - 00 00 00 00 00 00 00 00 00 00 00 00 00 00 00 00 00 00 00 00 00 00 00 00 00 00 00 00 00 00 00 00 00 00 00 00 00 00 00 00 00 00 00 00 00 00 00  ----- Write Block #228 -----
 i = 228

2026/9/14 15:12:27.558 [TX] - 56 69 56 4F 74 65 63 68 32 00 2C 08 00 12 31 E4 E5 00 00 00 00 00 00 00 00 00 00 00 00 00 00 00 12 10 
2026/9/14 15:12:27.570 [RX] - 56 69 56 4F 74 65 63 68 32 00 2C 00 00 00 1C 9B  PT command (OK)

2026/9/14 15:12:27.570 [RX] - 00 00 00 00 00 00 00 00 00 00 00 00 00 00 00 00 00 00 00 00 00 00 00 00 00 00 00 00 00 00 00 00 00 00 00 00 00 00 00 00 00 00 00 00 00 00 00  ----- Write Block #229 -----
 i = 229

2026/9/14 15:12:27.602 [TX] - 56 69 56 4F 74 65 63 68 32 00 2C 08 00 12 31 E5 E6 00 00 00 00 00 00 00 00 00 00 00 00 00 00 00 EA BF 
2026/9/14 15:12:27.616 [RX] - 56 69 56 4F 74 65 63 68 32 00 2C 00 00 00 1C 9B  PT command (OK)

2026/9/14 15:12:27.616 [RX] - 00 00 00 00 00 00 00 00 00 00 00 00 00 00 00 00 00 00 00 00 00 00 00 00 00 00 00 00 00 00 00 00 00 00 00 00 00 00 00 00 00 00 00 00 00 00 00  ----- Write Block #230 -----
 i = 230

2026/9/14 15:12:27.648 [TX] - 56 69 56 4F 74 65 63 68 32 00 2C 08 00 12 31 E6 E7 00 00 00 00 00 00 00 00 00 00 00 00 00 00 00 73 BD 
2026/9/14 15:12:27.663 [RX] - 56 69 56 4F 74 65 63 68 32 00 2C 00 00 00 1C 9B  PT command (OK)

2026/9/14 15:12:27.663 [RX] - 00 00 00 00 00 00 00 00 00 00 00 00 00 00 00 00 00 00 00 00 00 00 00 00 00 00 00 00 00 00 00 00 00 00 00 00 00 00 00 00 00 00 00 00 00 00 00  ----- Write Block #231 -----
 i = 231

2026/9/14 15:12:27.696 [TX] - 56 69 56 4F 74 65 63 68 32 00 2C 08 00 12 31 E7 E8 00 00 00 00 00 00 00 00 00 00 00 00 00 00 00 1A 45 
2026/9/14 15:12:27.709 [RX] - 56 69 56 4F 74 65 63 68 32 00 2C 00 00 00 1C 9B  PT command (OK)

2026/9/14 15:12:27.709 [RX] - 00 00 00 00 00 00 00 00 00 00 00 00 00 00 00 00 00 00 00 00 00 00 00 00 00 00 00 00 00 00 00 00 00 00 00 00 00 00 00 00 00 00 00 00 00 00 00  
Mifare auth - 232

2026/9/14 15:12:27.730 [TX] - 56 69 56 4F 74 65 63 68 32 00 2C 06 00 08 E8 01 FF FF FF FF FF FF 62 F8 
2026/9/14 15:12:27.741 [RX] - 56 69 56 4F 74 65 63 68 32 00 2C 00 00 00 1C 9B  PT command (OK)

2026/9/14 15:12:27.741 [RX] - 00 00 00 00 00 00 00 00 00 00 00 00 00 00 00 00 00 00 00 00 00 00 00 00 00 00 00 00 00 00 00 00 00 00 00 00 00 00 00 00 00 00 00 00 00 00 00  ----- Write Block #232 -----
 i = 232

2026/9/14 15:12:27.775 [TX] - 56 69 56 4F 74 65 63 68 32 00 2C 08 00 12 31 E8 E9 00 00 00 00 00 00 00 00 00 00 00 00 00 00 00 47 DF 
2026/9/14 15:12:27.788 [RX] - 56 69 56 4F 74 65 63 68 32 00 2C 00 00 00 1C 9B  PT command (OK)

2026/9/14 15:12:27.788 [RX] - 00 00 00 00 00 00 00 00 00 00 00 00 00 00 00 00 00 00 00 00 00 00 00 00 00 00 00 00 00 00 00 00 00 00 00 00 00 00 00 00 00 00 00 00 00 00 00  ----- Write Block #233 -----
 i = 233

2026/9/14 15:12:27.818 [TX] - 56 69 56 4F 74 65 63 68 32 00 2C 08 00 12 31 E9 EA 00 00 00 00 00 00 00 00 00 00 00 00 00 00 00 BF 70 
2026/9/14 15:12:27.829 [RX] - 56 69 56 4F 74 65 63 68 32 00 2C 00 00 00 1C 9B  PT command (OK)

2026/9/14 15:12:27.829 [RX] - 00 00 00 00 00 00 00 00 00 00 00 00 00 00 00 00 00 00 00 00 00 00 00 00 00 00 00 00 00 00 00 00 00 00 00 00 00 00 00 00 00 00 00 00 00 00 00  ----- Write Block #234 -----
 i = 234

2026/9/14 15:12:27.866 [TX] - 56 69 56 4F 74 65 63 68 32 00 2C 08 00 12 31 EA EB 00 00 00 00 00 00 00 00 00 00 00 00 00 00 00 26 72 
2026/9/14 15:12:27.880 [RX] - 56 69 56 4F 74 65 63 68 32 00 2C 00 00 00 1C 9B  PT command (OK)

2026/9/14 15:12:27.880 [RX] - 00 00 00 00 00 00 00 00 00 00 00 00 00 00 00 00 00 00 00 00 00 00 00 00 00 00 00 00 00 00 00 00 00 00 00 00 00 00 00 00 00 00 00 00 00 00 00  ----- Write Block #235 -----
 i = 235

2026/9/14 15:12:27.922 [TX] - 56 69 56 4F 74 65 63 68 32 00 2C 08 00 12 31 EB EC 00 00 00 00 00 00 00 00 00 00 00 00 00 00 00 5E 0F 
2026/9/14 15:12:27.933 [RX] - 56 69 56 4F 74 65 63 68 32 00 2C 00 00 00 1C 9B  PT command (OK)

2026/9/14 15:12:27.933 [RX] - 00 00 00 00 00 00 00 00 00 00 00 00 00 00 00 00 00 00 00 00 00 00 00 00 00 00 00 00 00 00 00 00 00 00 00 00 00 00 00 00 00 00 00 00 00 00 00  
Mifare auth - 236

2026/9/14 15:12:27.957 [TX] - 56 69 56 4F 74 65 63 68 32 00 2C 06 00 08 EC 01 FF FF FF FF FF FF 6D 95 
2026/9/14 15:12:27.965 [RX] - 56 69 56 4F 74 65 63 68 32 00 2C 00 00 00 1C 9B  PT command (OK)

2026/9/14 15:12:27.965 [RX] - 00 00 00 00 00 00 00 00 00 00 00 00 00 00 00 00 00 00 00 00 00 00 00 00 00 00 00 00 00 00 00 00 00 00 00 00 00 00 00 00 00 00 00 00 00 00 00  ----- Write Block #236 -----
 i = 236

2026/9/14 15:12:28.004 [TX] - 56 69 56 4F 74 65 63 68 32 00 2C 08 00 12 31 EC ED 00 00 00 00 00 00 00 00 00 00 00 00 00 00 00 84 85 
2026/9/14 15:12:28.014 [RX] - 56 69 56 4F 74 65 63 68 32 00 2C 00 00 00 1C 9B  PT command (OK)

2026/9/14 15:12:28.014 [RX] - 00 00 00 00 00 00 00 00 00 00 00 00 00 00 00 00 00 00 00 00 00 00 00 00 00 00 00 00 00 00 00 00 00 00 00 00 00 00 00 00 00 00 00 00 00 00 00  ----- Write Block #237 -----
 i = 237

2026/9/14 15:12:28.050 [TX] - 56 69 56 4F 74 65 63 68 32 00 2C 08 00 12 31 ED EE 00 00 00 00 00 00 00 00 00 00 00 00 00 00 00 7C 2A 
2026/9/14 15:12:28.060 [RX] - 56 69 56 4F 74 65 63 68 32 00 2C 00 00 00 1C 9B  PT command (OK)

2026/9/14 15:12:28.060 [RX] - 00 00 00 00 00 00 00 00 00 00 00 00 00 00 00 00 00 00 00 00 00 00 00 00 00 00 00 00 00 00 00 00 00 00 00 00 00 00 00 00 00 00 00 00 00 00 00  ----- Write Block #238 -----
 i = 238

2026/9/14 15:12:28.098 [TX] - 56 69 56 4F 74 65 63 68 32 00 2C 08 00 12 31 EE EF 00 00 00 00 00 00 00 00 00 00 00 00 00 00 00 E5 28 
2026/9/14 15:12:28.109 [RX] - 56 69 56 4F 74 65 63 68 32 00 2C 00 00 00 1C 9B  PT command (OK)

2026/9/14 15:12:28.109 [RX] - 00 00 00 00 00 00 00 00 00 00 00 00 00 00 00 00 00 00 00 00 00 00 00 00 00 00 00 00 00 00 00 00 00 00 00 00 00 00 00 00 00 00 00 00 00 00 00  ----- #239 was SKIPPED -----
 
Mifare auth - 240

2026/9/14 15:12:28.145 [TX] - 56 69 56 4F 74 65 63 68 32 00 2C 06 00 08 F0 01 FF FF FF FF FF FF 41 96 
2026/9/14 15:12:28.153 [RX] - 56 69 56 4F 74 65 63 68 32 00 2C 00 00 00 1C 9B  PT command (OK)

2026/9/14 15:12:28.153 [RX] - 00 00 00 00 00 00 00 00 00 00 00 00 00 00 00 00 00 00 00 00 00 00 00 00 00 00 00 00 00 00 00 00 00 00 00 00 00 00 00 00 00 00 00 00 00 00 00  ----- Write Block #240 -----
 i = 240

2026/9/14 15:12:28.195 [TX] - 56 69 56 4F 74 65 63 68 32 00 2C 08 00 12 31 F0 F1 00 00 00 00 00 00 00 00 00 00 00 00 00 00 00 EC 41 
2026/9/14 15:12:28.209 [RX] - 56 69 56 4F 74 65 63 68 32 00 2C 00 00 00 1C 9B  PT command (OK)

2026/9/14 15:12:28.209 [RX] - 00 00 00 00 00 00 00 00 00 00 00 00 00 00 00 00 00 00 00 00 00 00 00 00 00 00 00 00 00 00 00 00 00 00 00 00 00 00 00 00 00 00 00 00 00 00 00  ----- Write Block #241 -----
 i = 241

2026/9/14 15:12:28.246 [TX] - 56 69 56 4F 74 65 63 68 32 00 2C 08 00 12 31 F1 F2 00 00 00 00 00 00 00 00 00 00 00 00 00 00 00 14 EE 
2026/9/14 15:12:28.257 [RX] - 56 69 56 4F 74 65 63 68 32 00 2C 00 00 00 1C 9B  PT command (OK)

2026/9/14 15:12:28.257 [RX] - 00 00 00 00 00 00 00 00 00 00 00 00 00 00 00 00 00 00 00 00 00 00 00 00 00 00 00 00 00 00 00 00 00 00 00 00 00 00 00 00 00 00 00 00 00 00 00  ----- Write Block #242 -----
 i = 242

2026/9/14 15:12:28.295 [TX] - 56 69 56 4F 74 65 63 68 32 00 2C 08 00 12 31 F2 F3 00 00 00 00 00 00 00 00 00 00 00 00 00 00 00 8D EC 
2026/9/14 15:12:28.306 [RX] - 56 69 56 4F 74 65 63 68 32 00 2C 00 00 00 1C 9B  PT command (OK)

2026/9/14 15:12:28.306 [RX] - 00 00 00 00 00 00 00 00 00 00 00 00 00 00 00 00 00 00 00 00 00 00 00 00 00 00 00 00 00 00 00 00 00 00 00 00 00 00 00 00 00 00 00 00 00 00 00  ----- Write Block #243 -----
 i = 243

2026/9/14 15:12:28.342 [TX] - 56 69 56 4F 74 65 63 68 32 00 2C 08 00 12 31 F3 F4 00 00 00 00 00 00 00 00 00 00 00 00 00 00 00 F5 91 
2026/9/14 15:12:28.353 [RX] - 56 69 56 4F 74 65 63 68 32 00 2C 00 00 00 1C 9B  PT command (OK)

2026/9/14 15:12:28.353 [RX] - 00 00 00 00 00 00 00 00 00 00 00 00 00 00 00 00 00 00 00 00 00 00 00 00 00 00 00 00 00 00 00 00 00 00 00 00 00 00 00 00 00 00 00 00 00 00 00  
Mifare auth - 244

2026/9/14 15:12:28.375 [TX] - 56 69 56 4F 74 65 63 68 32 00 2C 06 00 08 F4 01 FF FF FF FF FF FF 4E FB 
2026/9/14 15:12:28.382 [RX] - 56 69 56 4F 74 65 63 68 32 00 2C 00 00 00 1C 9B  PT command (OK)

2026/9/14 15:12:28.382 [RX] - 00 00 00 00 00 00 00 00 00 00 00 00 00 00 00 00 00 00 00 00 00 00 00 00 00 00 00 00 00 00 00 00 00 00 00 00 00 00 00 00 00 00 00 00 00 00 00  ----- Write Block #244 -----
 i = 244

2026/9/14 15:12:28.419 [TX] - 56 69 56 4F 74 65 63 68 32 00 2C 08 00 12 31 F4 F5 00 00 00 00 00 00 00 00 00 00 00 00 00 00 00 2F 1B 
2026/9/14 15:12:28.430 [RX] - 56 69 56 4F 74 65 63 68 32 00 2C 00 00 00 1C 9B  PT command (OK)

2026/9/14 15:12:28.430 [RX] - 00 00 00 00 00 00 00 00 00 00 00 00 00 00 00 00 00 00 00 00 00 00 00 00 00 00 00 00 00 00 00 00 00 00 00 00 00 00 00 00 00 00 00 00 00 00 00  ----- Write Block #245 -----
 i = 245

2026/9/14 15:12:28.469 [TX] - 56 69 56 4F 74 65 63 68 32 00 2C 08 00 12 31 F5 F6 00 00 00 00 00 00 00 00 00 00 00 00 00 00 00 D7 B4 
2026/9/14 15:12:28.479 [RX] - 56 69 56 4F 74 65 63 68 32 00 2C 00 00 00 1C 9B  PT command (OK)

2026/9/14 15:12:28.479 [RX] - 00 00 00 00 00 00 00 00 00 00 00 00 00 00 00 00 00 00 00 00 00 00 00 00 00 00 00 00 00 00 00 00 00 00 00 00 00 00 00 00 00 00 00 00 00 00 00  ----- Write Block #246 -----
 i = 246

2026/9/14 15:12:28.525 [TX] - 56 69 56 4F 74 65 63 68 32 00 2C 08 00 12 31 F6 F7 00 00 00 00 00 00 00 00 00 00 00 00 00 00 00 4E B6 
2026/9/14 15:12:28.538 [RX] - 56 69 56 4F 74 65 63 68 32 00 2C 00 00 00 1C 9B  PT command (OK)

2026/9/14 15:12:28.538 [RX] - 00 00 00 00 00 00 00 00 00 00 00 00 00 00 00 00 00 00 00 00 00 00 00 00 00 00 00 00 00 00 00 00 00 00 00 00 00 00 00 00 00 00 00 00 00 00 00  ----- Write Block #247 -----
 i = 247

2026/9/14 15:12:28.569 [TX] - 56 69 56 4F 74 65 63 68 32 00 2C 08 00 12 31 F7 F8 00 00 00 00 00 00 00 00 00 00 00 00 00 00 00 27 4E 
2026/9/14 15:12:28.581 [RX] - 56 69 56 4F 74 65 63 68 32 00 2C 00 00 00 1C 9B  PT command (OK)

2026/9/14 15:12:28.581 [RX] - 00 00 00 00 00 00 00 00 00 00 00 00 00 00 00 00 00 00 00 00 00 00 00 00 00 00 00 00 00 00 00 00 00 00 00 00 00 00 00 00 00 00 00 00 00 00 00  
Mifare auth - 248

2026/9/14 15:12:28.608 [TX] - 56 69 56 4F 74 65 63 68 32 00 2C 06 00 08 F8 01 FF FF FF FF FF FF 5F 4C 
2026/9/14 15:12:28.617 [RX] - 56 69 56 4F 74 65 63 68 32 00 2C 00 00 00 1C 9B  PT command (OK)

2026/9/14 15:12:28.617 [RX] - 00 00 00 00 00 00 00 00 00 00 00 00 00 00 00 00 00 00 00 00 00 00 00 00 00 00 00 00 00 00 00 00 00 00 00 00 00 00 00 00 00 00 00 00 00 00 00  ----- Write Block #248 -----
 i = 248

2026/9/14 15:12:28.656 [TX] - 56 69 56 4F 74 65 63 68 32 00 2C 08 00 12 31 F8 F9 00 00 00 00 00 00 00 00 00 00 00 00 00 00 00 7A D4 
2026/9/14 15:12:28.666 [RX] - 56 69 56 4F 74 65 63 68 32 00 2C 00 00 00 1C 9B  PT command (OK)

2026/9/14 15:12:28.666 [RX] - 00 00 00 00 00 00 00 00 00 00 00 00 00 00 00 00 00 00 00 00 00 00 00 00 00 00 00 00 00 00 00 00 00 00 00 00 00 00 00 00 00 00 00 00 00 00 00  ----- Write Block #249 -----
 i = 249

2026/9/14 15:12:28.703 [TX] - 56 69 56 4F 74 65 63 68 32 00 2C 08 00 12 31 F9 FA 00 00 00 00 00 00 00 00 00 00 00 00 00 00 00 82 7B 
2026/9/14 15:12:28.714 [RX] - 56 69 56 4F 74 65 63 68 32 00 2C 00 00 00 1C 9B  PT command (OK)

2026/9/14 15:12:28.714 [RX] - 00 00 00 00 00 00 00 00 00 00 00 00 00 00 00 00 00 00 00 00 00 00 00 00 00 00 00 00 00 00 00 00 00 00 00 00 00 00 00 00 00 00 00 00 00 00 00  ----- Write Block #250 -----
 i = 250

2026/9/14 15:12:28.754 [TX] - 56 69 56 4F 74 65 63 68 32 00 2C 08 00 12 31 FA FB 00 00 00 00 00 00 00 00 00 00 00 00 00 00 00 1B 79 
2026/9/14 15:12:28.765 [RX] - 56 69 56 4F 74 65 63 68 32 00 2C 00 00 00 1C 9B  PT command (OK)

2026/9/14 15:12:28.765 [RX] - 00 00 00 00 00 00 00 00 00 00 00 00 00 00 00 00 00 00 00 00 00 00 00 00 00 00 00 00 00 00 00 00 00 00 00 00 00 00 00 00 00 00 00 00 00 00 00  ----- Write Block #251 -----
 i = 251

2026/9/14 15:12:28.801 [TX] - 56 69 56 4F 74 65 63 68 32 00 2C 08 00 12 31 FB FC 00 00 00 00 00 00 00 00 00 00 00 00 00 00 00 63 04 
2026/9/14 15:12:28.813 [RX] - 56 69 56 4F 74 65 63 68 32 00 2C 00 00 00 1C 9B  PT command (OK)

2026/9/14 15:12:28.813 [RX] - 00 00 00 00 00 00 00 00 00 00 00 00 00 00 00 00 00 00 00 00 00 00 00 00 00 00 00 00 00 00 00 00 00 00 00 00 00 00 00 00 00 00 00 00 00 00 00  
Mifare auth - 252

2026/9/14 15:12:28.839 [TX] - 56 69 56 4F 74 65 63 68 32 00 2C 06 00 08 FC 01 FF FF FF FF FF FF 50 21 
2026/9/14 15:12:28.850 [RX] - 56 69 56 4F 74 65 63 68 32 00 2C 00 00 00 1C 9B  PT command (OK)

2026/9/14 15:12:28.850 [RX] - 00 00 00 00 00 00 00 00 00 00 00 00 00 00 00 00 00 00 00 00 00 00 00 00 00 00 00 00 00 00 00 00 00 00 00 00 00 00 00 00 00 00 00 00 00 00 00  ----- Write Block #252 -----
 i = 252

2026/9/14 15:12:28.888 [TX] - 56 69 56 4F 74 65 63 68 32 00 2C 08 00 12 31 FC FD 00 00 00 00 00 00 00 00 00 00 00 00 00 00 00 B9 8E 
2026/9/14 15:12:28.899 [RX] - 56 69 56 4F 74 65 63 68 32 00 2C 00 00 00 1C 9B  PT command (OK)

2026/9/14 15:12:28.899 [RX] - 00 00 00 00 00 00 00 00 00 00 00 00 00 00 00 00 00 00 00 00 00 00 00 00 00 00 00 00 00 00 00 00 00 00 00 00 00 00 00 00 00 00 00 00 00 00 00  ----- Write Block #253 -----
 i = 253

2026/9/14 15:12:28.941 [TX] - 56 69 56 4F 74 65 63 68 32 00 2C 08 00 12 31 FD FE 00 00 00 00 00 00 00 00 00 00 00 00 00 00 00 41 21 
2026/9/14 15:12:28.951 [RX] - 56 69 56 4F 74 65 63 68 32 00 2C 00 00 00 1C 9B  PT command (OK)

2026/9/14 15:12:28.951 [RX] - 00 00 00 00 00 00 00 00 00 00 00 00 00 00 00 00 00 00 00 00 00 00 00 00 00 00 00 00 00 00 00 00 00 00 00 00 00 00 00 00 00 00 00 00 00 00 00  ----- Write Block #254 -----
 i = 254

2026/9/14 15:12:28.987 [TX] - 56 69 56 4F 74 65 63 68 32 00 2C 08 00 12 31 FE FF 00 00 00 00 00 00 00 00 00 00 00 00 00 00 00 D8 23 
2026/9/14 15:12:28.998 [RX] - 56 69 56 4F 74 65 63 68 32 00 2C 00 00 00 1C 9B  PT command (OK)

2026/9/14 15:12:28.998 [RX] - 00 00 00 00 00 00 00 00 00 00 00 00 00 00 00 00 00 00 00 00 00 00 00 00 00 00 00 00 00 00 00 00 00 00 00 00 00 00 00 00 00 00 00 00 00 00 00  ----- #255 was SKIPPED -----
 
Skipped = 40
Written = 215
 
PASSED = 215
FAILED = 0

2026/9/14 15:12:29.042 [TX] - 56 69 56 4F 74 65 63 68 32 00 2C 01 00 01 00 0D 38 
2026/9/14 15:12:29.054 [RX] - 56 69 56 4F 74 65 63 68 32 00 2C 00 00 00 1C 9B  PT command (OK)

2026/9/14 15:12:29.054 [RX] - 00 00 00 00 00 00 00 00 00 00 00 00 00 00 00 00 00 00 00 00 00 00 00 00 00 00 00 00 00 00 00 00 00 00 00 00 00 00 00 00 00 00 00 00 00 00 00  Result = PASSED
 ---------- END OF TEST ----------

 

 MASTER RESULT = PASSED


Docklight Log File (HEX) - Stopped 2026/9/14 15:12:32.185 

