Docklight Log File (HEX) - Started 2026/9/30 15:36:34.003 
 TEST CASE: MF000100-4K

 --- Set POS COM PORT Settings
 Set POS COM PORT...
 POS operating on COM90 @ 115200 baud...
 Set POS COM PORT - COMPLETE


2026/9/30 15:36:35.330 [TX] - 56 69 56 4F 74 65 63 68 32 00 2C 01 00 01 00 0D 38 
2026/9/30 15:36:35.341 [RX] - 56 69 56 4F 74 65 63 68 32 00 2C 0C 00 00 69 FA 00 00 00 00 00 00 00 00 00 00 00 00 00 00 00 00 00 00 00 00 00 00 00 00 00 00 00 00 00 00 00 00 00 00 00 00 00 00 00 00 00 00 00 00 00 00 00  
PT Start


2026/9/30 15:36:38.344 [TX] - 56 69 56 4F 74 65 63 68 32 00 2C 01 00 01 01 1D 19 
2026/9/30 15:36:38.357 [RX] - 56 69 56 4F 74 65 63 68 32 00 2C 00 00 00 1C 9B  PT command (OK)

2026/9/30 15:36:38.357 [RX] - 00 00 00 00 00 00 00 00 00 00 00 00 00 00 00 00 00 00 00 00 00 00 00 00 00 00 00 00 00 00 00 00 00 00 00 00 00 00 00 00 00 00 00 00 00 00 00  
Antenna Enable


2026/9/30 15:36:38.367 [TX] - 56 69 56 4F 74 65 63 68 32 00 28 01 00 01 01 94 1F 
2026/9/30 15:36:38.376 [RX] - 56 69 56 4F 74 65 63 68 32 00 28 00 00 00 D6 6A  Antenna Enable (OK)

2026/9/30 15:36:38.376 [RX] - 00 00 00 00 00 00 00 00 00 00 00 00 00 00 00 00 00 00 00 00 00 00 00 00 00 00 00 00 00 00 00 00 00 00 00 00 00 00 00 00 00 00 00 00 00 00 00  
Poll for Token (10 sec)


2026/9/30 15:36:38.940 [TX] - 56 69 56 4F 74 65 63 68 32 00 2C 02 00 02 0A 00 B1 E4 
2026/9/30 15:36:39.078 [RX] - 56 69 56 4F 74 65 63 68 32 00 2C 00 00 05  Poll for Token (OK)

2026/9/30 15:36:39.078 [RX] - 03 E8 C3 E5 95 B8 F7 00 00 00 00 00 00 00 00 00 00 00 00 00 00 00 00 00 00 00 00 00 00 00 00 00 00 00 00 00 00 00 00 00 00 00 00 00 00 00 00 00 00  
Mifare auth - Sector 1


2026/9/30 15:36:39.206 [TX] - 56 69 56 4F 74 65 63 68 32 00 2C 06 00 08 01 01 FF FF FF FF FF FF 4B C8 
2026/9/30 15:36:39.218 [RX] - 56 69 56 4F 74 65 63 68 32 00 2C 00 00 00 1C 9B  PT command (OK)

2026/9/30 15:36:39.218 [RX] - 00 00 00 00 00 00 00 00 00 00 00 00 00 00 00 00 00 00 00 00 00 00 00 00 00 00 00 00 00 00 00 00 00 00 00 00 00 00 00 00 00 00 00 00 00 00 00  ---------- READ ALL BLOCKS ----------
 
Mifare auth - 0

2026/9/30 15:36:39.351 [TX] - 56 69 56 4F 74 65 63 68 32 00 2C 06 00 08 00 01 FF FF FF FF FF FF 0C 1B 
2026/9/30 15:36:39.363 [RX] - 56 69 56 4F 74 65 63 68 32 00 2C 00 00 00 1C 9B  PT command (OK)

2026/9/30 15:36:39.363 [RX] - 00 00 00 00 00 00 00 00 00 00 00 00 00 00 00 00 00 00 00 00 00 00 00 00 00 00 00 00 00 00 00 00 00 00 00 00 00 00 00 00 00 00 00 00 00 00 00  
--- Read Block #000 ---

 i = 000

2026/9/30 15:36:39.393 [TX] - 56 69 56 4F 74 65 63 68 32 00 2C 07 00 02 31 00 4B DC 
2026/9/30 15:36:39.401 [RX] - 56 69 56 4F 74 65 63 68 32 00 2C 00 00 10 E8 C3 E5 95 5B 98 02 00 64 8E 3A D3 5D 40 09 13 4E 36  Read Block OK

2026/9/30 15:36:39.401 [RX] - 00 00 00 00 00 00 00 00 00 00 00 00 00 00 00 00 00 00 00 00 00 00 00 00 00 00 00 00 00 00 00  
--- Read Block #001 ---

 i = 001

2026/9/30 15:36:39.425 [TX] - 56 69 56 4F 74 65 63 68 32 00 2C 07 00 02 31 01 5B FD 
2026/9/30 15:36:39.434 [RX] - 56 69 56 4F 74 65 63 68 32 00 2C 00 00 10 02 00 00 00 00 00 00 00 00 00 00 00 00 00 00 00 32 CD  Read Block OK

2026/9/30 15:36:39.434 [RX] - 00 00 00 00 00 00 00 00 00 00 00 00 00 00 00 00 00 00 00 00 00 00 00 00 00 00 00 00 00 00 00  
--- Read Block #002 ---

 i = 002

2026/9/30 15:36:39.469 [TX] - 56 69 56 4F 74 65 63 68 32 00 2C 07 00 02 31 02 6B 9E 
2026/9/30 15:36:39.479 [RX] - 56 69 56 4F 74 65 63 68 32 00 2C 00 00 10 03 00 00 00 00 00 00 00 00 00 00 00 00 00 00 00 9A E9  Read Block OK

2026/9/30 15:36:39.479 [RX] - 00 00 00 00 00 00 00 00 00 00 00 00 00 00 00 00 00 00 00 00 00 00 00 00 00 00 00 00 00 00 00  
--- Read Block #003 ---

 i = 003

2026/9/30 15:36:39.501 [TX] - 56 69 56 4F 74 65 63 68 32 00 2C 07 00 02 31 03 7B BF 
2026/9/30 15:36:39.510 [RX] - 56 69 56 4F 74 65 63 68 32 00 2C 00 00 10 00 00 00 00 00 00 FF 07 80 69 FF FF FF FF FF FF 5C 83  Read Block OK

2026/9/30 15:36:39.510 [RX] - 00 00 00 00 00 00 00 00 00 00 00 00 00 00 00 00 00 00 00 00 00 00 00 00 00 00 00 00 00 00 00  
Mifare auth - 4

2026/9/30 15:36:39.629 [TX] - 56 69 56 4F 74 65 63 68 32 00 2C 06 00 08 04 01 FF FF FF FF FF FF 03 76 
2026/9/30 15:36:39.641 [RX] - 56 69 56 4F 74 65 63 68 32 00 2C 00 00 00 1C 9B  PT command (OK)

2026/9/30 15:36:39.641 [RX] - 00 00 00 00 00 00 00 00 00 00 00 00 00 00 00 00 00 00 00 00 00 00 00 00 00 00 00 00 00 00 00 00 00 00 00 00 00 00 00 00 00 00 00 00 00 00 00  
--- Read Block #004 ---

 i = 004

2026/9/30 15:36:39.675 [TX] - 56 69 56 4F 74 65 63 68 32 00 2C 07 00 02 31 04 0B 58 
2026/9/30 15:36:39.683 [RX] - 56 69 56 4F 74 65 63 68 32 00 2C 00 00 10 05 00 00 00 00 00 00 00 00 00 00 00 00 00 00 00 5A 52  Read Block OK

2026/9/30 15:36:39.683 [RX] - 00 00 00 00 00 00 00 00 00 00 00 00 00 00 00 00 00 00 00 00 00 00 00 00 00 00 00 00 00 00 00  
--- Read Block #005 ---

 i = 005

2026/9/30 15:36:39.729 [TX] - 56 69 56 4F 74 65 63 68 32 00 2C 07 00 02 31 05 1B 79 
2026/9/30 15:36:39.745 [RX] - 56 69 56 4F 74 65 63 68 32 00 2C 00 00 10 06 00 00 00 00 00 00 00 00 00 00 00 00 00 00 00 B2 1F  Read Block OK

2026/9/30 15:36:39.745 [RX] - 00 00 00 00 00 00 00 00 00 00 00 00 00 00 00 00 00 00 00 00 00 00 00 00 00 00 00 00 00 00 00  
--- Read Block #006 ---

 i = 006

2026/9/30 15:36:39.769 [TX] - 56 69 56 4F 74 65 63 68 32 00 2C 07 00 02 31 06 2B 1A 
2026/9/30 15:36:39.778 [RX] - 56 69 56 4F 74 65 63 68 32 00 2C 00 00 10 07 00 00 00 00 00 00 00 00 00 00 00 00 00 00 00 1A 3B  Read Block OK

2026/9/30 15:36:39.778 [RX] - 00 00 00 00 00 00 00 00 00 00 00 00 00 00 00 00 00 00 00 00 00 00 00 00 00 00 00 00 00 00 00  
--- Read Block #007 ---

 i = 007

2026/9/30 15:36:39.816 [TX] - 56 69 56 4F 74 65 63 68 32 00 2C 07 00 02 31 07 3B 3B 
2026/9/30 15:36:39.825 [RX] - 56 69 56 4F 74 65 63 68 32 00 2C 00 00 10 00 00 00 00 00 00 FF 07 80 69 FF FF FF FF FF FF 5C 83  Read Block OK

2026/9/30 15:36:39.825 [RX] - 00 00 00 00 00 00 00 00 00 00 00 00 00 00 00 00 00 00 00 00 00 00 00 00 00 00 00 00 00 00 00  
Mifare auth - 8

2026/9/30 15:36:39.961 [TX] - 56 69 56 4F 74 65 63 68 32 00 2C 06 00 08 08 01 FF FF FF FF FF FF 12 C1 
2026/9/30 15:36:39.973 [RX] - 56 69 56 4F 74 65 63 68 32 00 2C 00 00 00 1C 9B  PT command (OK)

2026/9/30 15:36:39.973 [RX] - 00 00 00 00 00 00 00 00 00 00 00 00 00 00 00 00 00 00 00 00 00 00 00 00 00 00 00 00 00 00 00 00 00 00 00 00 00 00 00 00 00 00 00 00 00 00 00  
--- Read Block #008 ---

 i = 008

2026/9/30 15:36:40.003 [TX] - 56 69 56 4F 74 65 63 68 32 00 2C 07 00 02 31 08 CA D4 
2026/9/30 15:36:40.012 [RX] - 56 69 56 4F 74 65 63 68 32 00 2C 00 00 10 09 00 00 00 00 00 00 00 00 00 00 00 00 00 00 00 CB 05  Read Block OK

2026/9/30 15:36:40.012 [RX] - 00 00 00 00 00 00 00 00 00 00 00 00 00 00 00 00 00 00 00 00 00 00 00 00 00 00 00 00 00 00 00  
--- Read Block #009 ---

 i = 009

2026/9/30 15:36:40.036 [TX] - 56 69 56 4F 74 65 63 68 32 00 2C 07 00 02 31 09 DA F5 
2026/9/30 15:36:40.045 [RX] - 56 69 56 4F 74 65 63 68 32 00 2C 00 00 10 0A 00 00 00 00 00 00 00 00 00 00 00 00 00 00 00 23 48  Read Block OK

2026/9/30 15:36:40.045 [RX] - 00 00 00 00 00 00 00 00 00 00 00 00 00 00 00 00 00 00 00 00 00 00 00 00 00 00 00 00 00 00 00  
--- Read Block #010 ---

 i = 010

2026/9/30 15:36:40.085 [TX] - 56 69 56 4F 74 65 63 68 32 00 2C 07 00 02 31 0A EA 96 
2026/9/30 15:36:40.094 [RX] - 56 69 56 4F 74 65 63 68 32 00 2C 00 00 10 0B 00 00 00 00 00 00 00 00 00 00 00 00 00 00 00 8B 6C  Read Block OK

2026/9/30 15:36:40.094 [RX] - 00 00 00 00 00 00 00 00 00 00 00 00 00 00 00 00 00 00 00 00 00 00 00 00 00 00 00 00 00 00 00  
--- Read Block #011 ---

 i = 011

2026/9/30 15:36:40.135 [TX] - 56 69 56 4F 74 65 63 68 32 00 2C 07 00 02 31 0B FA B7 
2026/9/30 15:36:40.144 [RX] - 56 69 56 4F 74 65 63 68 32 00 2C 00 00 10 00 00 00 00 00 00 FF 07 80 69 FF FF FF FF FF FF 5C 83  Read Block OK

2026/9/30 15:36:40.144 [RX] - 00 00 00 00 00 00 00 00 00 00 00 00 00 00 00 00 00 00 00 00 00 00 00 00 00 00 00 00 00 00 00  
Mifare auth - 12

2026/9/30 15:36:40.271 [TX] - 56 69 56 4F 74 65 63 68 32 00 2C 06 00 08 0C 01 FF FF FF FF FF FF 1D AC 
2026/9/30 15:36:40.282 [RX] - 56 69 56 4F 74 65 63 68 32 00 2C 00 00 00 1C 9B  PT command (OK)

2026/9/30 15:36:40.282 [RX] - 00 00 00 00 00 00 00 00 00 00 00 00 00 00 00 00 00 00 00 00 00 00 00 00 00 00 00 00 00 00 00 00 00 00 00 00 00 00 00 00 00 00 00 00 00 00 00  
--- Read Block #012 ---

 i = 012

2026/9/30 15:36:40.320 [TX] - 56 69 56 4F 74 65 63 68 32 00 2C 07 00 02 31 0C 8A 50 
2026/9/30 15:36:40.329 [RX] - 56 69 56 4F 74 65 63 68 32 00 2C 00 00 10 0D 00 00 00 00 00 00 00 00 00 00 00 00 00 00 00 4B D7  Read Block OK

2026/9/30 15:36:40.329 [RX] - 00 00 00 00 00 00 00 00 00 00 00 00 00 00 00 00 00 00 00 00 00 00 00 00 00 00 00 00 00 00 00  
--- Read Block #013 ---

 i = 013

2026/9/30 15:36:40.369 [TX] - 56 69 56 4F 74 65 63 68 32 00 2C 07 00 02 31 0D 9A 71 
2026/9/30 15:36:40.377 [RX] - 56 69 56 4F 74 65 63 68 32 00 2C 00 00 10 0E 00 00 00 00 00 00 00 00 00 00 00 00 00 00 00 A3 9A  Read Block OK

2026/9/30 15:36:40.377 [RX] - 00 00 00 00 00 00 00 00 00 00 00 00 00 00 00 00 00 00 00 00 00 00 00 00 00 00 00 00 00 00 00  
--- Read Block #014 ---

 i = 014

2026/9/30 15:36:40.417 [TX] - 56 69 56 4F 74 65 63 68 32 00 2C 07 00 02 31 0E AA 12 
2026/9/30 15:36:40.425 [RX] - 56 69 56 4F 74 65 63 68 32 00 2C 00 00 10 0F 00 00 00 00 00 00 00 00 00 00 00 00 00 00 00 0B BE  Read Block OK

2026/9/30 15:36:40.425 [RX] - 00 00 00 00 00 00 00 00 00 00 00 00 00 00 00 00 00 00 00 00 00 00 00 00 00 00 00 00 00 00 00  
--- Read Block #015 ---

 i = 015

2026/9/30 15:36:40.453 [TX] - 56 69 56 4F 74 65 63 68 32 00 2C 07 00 02 31 0F BA 33 
2026/9/30 15:36:40.466 [RX] - 56 69 56 4F 74 65 63 68 32 00 2C 00 00 10 00 00 00 00 00 00 FF 07 80 69 FF FF FF FF FF FF 5C 83  Read Block OK

2026/9/30 15:36:40.466 [RX] - 00 00 00 00 00 00 00 00 00 00 00 00 00 00 00 00 00 00 00 00 00 00 00 00 00 00 00 00 00 00 00  
Mifare auth - 16

2026/9/30 15:36:40.710 [TX] - 56 69 56 4F 74 65 63 68 32 00 2C 06 00 08 10 01 FF FF FF FF FF FF 31 AF 
2026/9/30 15:36:40.721 [RX] - 56 69 56 4F 74 65 63 68 32 00 2C 00 00 00 1C 9B  PT command (OK)

2026/9/30 15:36:40.721 [RX] - 00 00 00 00 00 00 00 00 00 00 00 00 00 00 00 00 00 00 00 00 00 00 00 00 00 00 00 00 00 00 00 00 00 00 00 00 00 00 00 00 00 00 00 00 00 00 00  
--- Read Block #016 ---

 i = 016

2026/9/30 15:36:40.755 [TX] - 56 69 56 4F 74 65 63 68 32 00 2C 07 00 02 31 10 59 ED 
2026/9/30 15:36:40.764 [RX] - 56 69 56 4F 74 65 63 68 32 00 2C 00 00 10 11 00 00 00 00 00 00 00 00 00 00 00 00 00 00 00 F9 8A  Read Block OK

2026/9/30 15:36:40.764 [RX] - 00 00 00 00 00 00 00 00 00 00 00 00 00 00 00 00 00 00 00 00 00 00 00 00 00 00 00 00 00 00 00  
--- Read Block #017 ---

 i = 017

2026/9/30 15:36:40.802 [TX] - 56 69 56 4F 74 65 63 68 32 00 2C 07 00 02 31 11 49 CC 
2026/9/30 15:36:40.811 [RX] - 56 69 56 4F 74 65 63 68 32 00 2C 00 00 10 12 00 00 00 00 00 00 00 00 00 00 00 00 00 00 00 11 C7  Read Block OK

2026/9/30 15:36:40.811 [RX] - 00 00 00 00 00 00 00 00 00 00 00 00 00 00 00 00 00 00 00 00 00 00 00 00 00 00 00 00 00 00 00  
--- Read Block #018 ---

 i = 018

2026/9/30 15:36:40.833 [TX] - 56 69 56 4F 74 65 63 68 32 00 2C 07 00 02 31 12 79 AF 
2026/9/30 15:36:40.843 [RX] - 56 69 56 4F 74 65 63 68 32 00 2C 00 00 10 13 00 00 00 00 00 00 00 00 00 00 00 00 00 00 00 B9 E3  Read Block OK

2026/9/30 15:36:40.843 [RX] - 00 00 00 00 00 00 00 00 00 00 00 00 00 00 00 00 00 00 00 00 00 00 00 00 00 00 00 00 00 00 00  
--- Read Block #019 ---

 i = 019

2026/9/30 15:36:40.882 [TX] - 56 69 56 4F 74 65 63 68 32 00 2C 07 00 02 31 13 69 8E 
2026/9/30 15:36:40.891 [RX] - 56 69 56 4F 74 65 63 68 32 00 2C 00 00 10 00 00 00 00 00 00 FF 07 80 69 FF FF FF FF FF FF 5C 83  Read Block OK

2026/9/30 15:36:40.891 [RX] - 00 00 00 00 00 00 00 00 00 00 00 00 00 00 00 00 00 00 00 00 00 00 00 00 00 00 00 00 00 00 00  
Mifare auth - 20

2026/9/30 15:36:41.022 [TX] - 56 69 56 4F 74 65 63 68 32 00 2C 06 00 08 14 01 FF FF FF FF FF FF 3E C2 
2026/9/30 15:36:41.034 [RX] - 56 69 56 4F 74 65 63 68 32 00 2C 00 00 00 1C 9B  PT command (OK)

2026/9/30 15:36:41.034 [RX] - 00 00 00 00 00 00 00 00 00 00 00 00 00 00 00 00 00 00 00 00 00 00 00 00 00 00 00 00 00 00 00 00 00 00 00 00 00 00 00 00 00 00 00 00 00 00 00  
--- Read Block #020 ---

 i = 020

2026/9/30 15:36:41.069 [TX] - 56 69 56 4F 74 65 63 68 32 00 2C 07 00 02 31 14 19 69 
2026/9/30 15:36:41.077 [RX] - 56 69 56 4F 74 65 63 68 32 00 2C 00 00 10 15 00 00 00 00 00 00 00 00 00 00 00 00 00 00 00 79 58  Read Block OK

2026/9/30 15:36:41.077 [RX] - 00 00 00 00 00 00 00 00 00 00 00 00 00 00 00 00 00 00 00 00 00 00 00 00 00 00 00 00 00 00 00  
--- Read Block #021 ---

 i = 021

2026/9/30 15:36:41.114 [TX] - 56 69 56 4F 74 65 63 68 32 00 2C 07 00 02 31 15 09 48 
2026/9/30 15:36:41.124 [RX] - 56 69 56 4F 74 65 63 68 32 00 2C 00 00 10 16 00 00 00 00 00 00 00 00 00 00 00 00 00 00 00 91 15  Read Block OK

2026/9/30 15:36:41.124 [RX] - 00 00 00 00 00 00 00 00 00 00 00 00 00 00 00 00 00 00 00 00 00 00 00 00 00 00 00 00 00 00 00  
--- Read Block #022 ---

 i = 022

2026/9/30 15:36:41.146 [TX] - 56 69 56 4F 74 65 63 68 32 00 2C 07 00 02 31 16 39 2B 
2026/9/30 15:36:41.156 [RX] - 56 69 56 4F 74 65 63 68 32 00 2C 00 00 10 17 00 00 00 00 00 00 00 00 00 00 00 00 00 00 00 39 31  Read Block OK

2026/9/30 15:36:41.156 [RX] - 00 00 00 00 00 00 00 00 00 00 00 00 00 00 00 00 00 00 00 00 00 00 00 00 00 00 00 00 00 00 00  
--- Read Block #023 ---

 i = 023

2026/9/30 15:36:41.179 [TX] - 56 69 56 4F 74 65 63 68 32 00 2C 07 00 02 31 17 29 0A 
2026/9/30 15:36:41.188 [RX] - 56 69 56 4F 74 65 63 68 32 00 2C 00 00 10 00 00 00 00 00 00 FF 07 80 69 FF FF FF FF FF FF 5C 83  Read Block OK

2026/9/30 15:36:41.188 [RX] - 00 00 00 00 00 00 00 00 00 00 00 00 00 00 00 00 00 00 00 00 00 00 00 00 00 00 00 00 00 00 00  
Mifare auth - 24

2026/9/30 15:36:41.319 [TX] - 56 69 56 4F 74 65 63 68 32 00 2C 06 00 08 18 01 FF FF FF FF FF FF 2F 75 
2026/9/30 15:36:41.377 [RX] - 56 69 56 4F 74 65 63 68 32 00 2C 00 00 00 1C 9B  PT command (OK)

2026/9/30 15:36:41.377 [RX] - 00 00 00 00 00 00 00 00 00 00 00 00 00 00 00 00 00 00 00 00 00 00 00 00 00 00 00 00 00 00 00 00 00 00 00 00 00 00 00 00 00 00 00 00 00 00 00  
--- Read Block #024 ---

 i = 024

2026/9/30 15:36:41.409 [TX] - 56 69 56 4F 74 65 63 68 32 00 2C 07 00 02 31 18 D8 E5 
2026/9/30 15:36:41.423 [RX] - 56 69 56 4F 74 65 63 68 32 00 2C 00 00 10 19 00 00 00 00 00 00 00 00 00 00 00 00 00 00 00 E8 0F  Read Block OK

2026/9/30 15:36:41.423 [RX] - 00 00 00 00 00 00 00 00 00 00 00 00 00 00 00 00 00 00 00 00 00 00 00 00 00 00 00 00 00 00 00  
--- Read Block #025 ---

 i = 025

2026/9/30 15:36:41.450 [TX] - 56 69 56 4F 74 65 63 68 32 00 2C 07 00 02 31 19 C8 C4 
2026/9/30 15:36:41.458 [RX] - 56 69 56 4F 74 65 63 68 32 00 2C 00 00 10 1A 00 00 00 00 00 00 00 00 00 00 00 00 00 00 00 00 42  Read Block OK

2026/9/30 15:36:41.458 [RX] - 00 00 00 00 00 00 00 00 00 00 00 00 00 00 00 00 00 00 00 00 00 00 00 00 00 00 00 00 00 00 00  
--- Read Block #026 ---

 i = 026

2026/9/30 15:36:41.497 [TX] - 56 69 56 4F 74 65 63 68 32 00 2C 07 00 02 31 1A F8 A7 
2026/9/30 15:36:41.506 [RX] - 56 69 56 4F 74 65 63 68 32 00 2C 00 00 10 1B 00 00 00 00 00 00 00 00 00 00 00 00 00 00 00 A8 66  Read Block OK

2026/9/30 15:36:41.506 [RX] - 00 00 00 00 00 00 00 00 00 00 00 00 00 00 00 00 00 00 00 00 00 00 00 00 00 00 00 00 00 00 00  
--- Read Block #027 ---

 i = 027

2026/9/30 15:36:41.547 [TX] - 56 69 56 4F 74 65 63 68 32 00 2C 07 00 02 31 1B E8 86 
2026/9/30 15:36:41.563 [RX] - 56 69 56 4F 74 65 63 68 32 00 2C 00 00 10 00 00 00 00 00 00 FF 07 80 69 FF FF FF FF FF FF 5C 83  Read Block OK

2026/9/30 15:36:41.563 [RX] - 00 00 00 00 00 00 00 00 00 00 00 00 00 00 00 00 00 00 00 00 00 00 00 00 00 00 00 00 00 00 00  
Mifare auth - 28

2026/9/30 15:36:41.696 [TX] - 56 69 56 4F 74 65 63 68 32 00 2C 06 00 08 1C 01 FF FF FF FF FF FF 20 18 
2026/9/30 15:36:41.707 [RX] - 56 69 56 4F 74 65 63 68 32 00 2C 00 00 00 1C 9B  PT command (OK)

2026/9/30 15:36:41.707 [RX] - 00 00 00 00 00 00 00 00 00 00 00 00 00 00 00 00 00 00 00 00 00 00 00 00 00 00 00 00 00 00 00 00 00 00 00 00 00 00 00 00 00 00 00 00 00 00 00  
--- Read Block #028 ---

 i = 028

2026/9/30 15:36:41.743 [TX] - 56 69 56 4F 74 65 63 68 32 00 2C 07 00 02 31 1C 98 61 
2026/9/30 15:36:41.752 [RX] - 56 69 56 4F 74 65 63 68 32 00 2C 00 00 10 1D 00 00 00 00 00 00 00 00 00 00 00 00 00 00 00 68 DD  Read Block OK

2026/9/30 15:36:41.752 [RX] - 00 00 00 00 00 00 00 00 00 00 00 00 00 00 00 00 00 00 00 00 00 00 00 00 00 00 00 00 00 00 00  
--- Read Block #029 ---

 i = 029

2026/9/30 15:36:41.787 [TX] - 56 69 56 4F 74 65 63 68 32 00 2C 07 00 02 31 1D 88 40 
2026/9/30 15:36:41.796 [RX] - 56 69 56 4F 74 65 63 68 32 00 2C 00 00 10 1E 00 00 00 00 00 00 00 00 00 00 00 00 00 00 00 80 90  Read Block OK

2026/9/30 15:36:41.796 [RX] - 00 00 00 00 00 00 00 00 00 00 00 00 00 00 00 00 00 00 00 00 00 00 00 00 00 00 00 00 00 00 00  
--- Read Block #030 ---

 i = 030

2026/9/30 15:36:41.819 [TX] - 56 69 56 4F 74 65 63 68 32 00 2C 07 00 02 31 1E B8 23 
2026/9/30 15:36:41.828 [RX] - 56 69 56 4F 74 65 63 68 32 00 2C 00 00 10 1F 00 00 00 00 00 00 00 00 00 00 00 00 00 00 00 28 B4  Read Block OK

2026/9/30 15:36:41.828 [RX] - 00 00 00 00 00 00 00 00 00 00 00 00 00 00 00 00 00 00 00 00 00 00 00 00 00 00 00 00 00 00 00  
--- Read Block #031 ---

 i = 031

2026/9/30 15:36:41.865 [TX] - 56 69 56 4F 74 65 63 68 32 00 2C 07 00 02 31 1F A8 02 
2026/9/30 15:36:41.874 [RX] - 56 69 56 4F 74 65 63 68 32 00 2C 00 00 10 00 00 00 00 00 00 FF 07 80 69 FF FF FF FF FF FF 5C 83  Read Block OK

2026/9/30 15:36:41.874 [RX] - 00 00 00 00 00 00 00 00 00 00 00 00 00 00 00 00 00 00 00 00 00 00 00 00 00 00 00 00 00 00 00  
Mifare auth - 32

2026/9/30 15:36:42.020 [TX] - 56 69 56 4F 74 65 63 68 32 00 2C 06 00 08 20 01 FF FF FF FF FF FF 77 73 
2026/9/30 15:36:42.032 [RX] - 56 69 56 4F 74 65 63 68 32 00 2C 00 00 00 1C 9B  PT command (OK)

2026/9/30 15:36:42.032 [RX] - 00 00 00 00 00 00 00 00 00 00 00 00 00 00 00 00 00 00 00 00 00 00 00 00 00 00 00 00 00 00 00 00 00 00 00 00 00 00 00 00 00 00 00 00 00 00 00  
--- Read Block #032 ---

 i = 032

2026/9/30 15:36:42.070 [TX] - 56 69 56 4F 74 65 63 68 32 00 2C 07 00 02 31 20 6F BE 
2026/9/30 15:36:42.079 [RX] - 56 69 56 4F 74 65 63 68 32 00 2C 00 00 10 21 00 00 00 00 00 00 00 00 00 00 00 00 00 00 00 9C 94  Read Block OK

2026/9/30 15:36:42.079 [RX] - 00 00 00 00 00 00 00 00 00 00 00 00 00 00 00 00 00 00 00 00 00 00 00 00 00 00 00 00 00 00 00  
--- Read Block #033 ---

 i = 033

2026/9/30 15:36:42.114 [TX] - 56 69 56 4F 74 65 63 68 32 00 2C 07 00 02 31 21 7F 9F 
2026/9/30 15:36:42.123 [RX] - 56 69 56 4F 74 65 63 68 32 00 2C 00 00 10 22 00 00 00 00 00 00 00 00 00 00 00 00 00 00 00 74 D9  Read Block OK

2026/9/30 15:36:42.123 [RX] - 00 00 00 00 00 00 00 00 00 00 00 00 00 00 00 00 00 00 00 00 00 00 00 00 00 00 00 00 00 00 00  
--- Read Block #034 ---

 i = 034

2026/9/30 15:36:42.147 [TX] - 56 69 56 4F 74 65 63 68 32 00 2C 07 00 02 31 22 4F FC 
2026/9/30 15:36:42.156 [RX] - 56 69 56 4F 74 65 63 68 32 00 2C 00 00 10 23 00 00 00 00 00 00 00 00 00 00 00 00 00 00 00 DC FD  Read Block OK

2026/9/30 15:36:42.156 [RX] - 00 00 00 00 00 00 00 00 00 00 00 00 00 00 00 00 00 00 00 00 00 00 00 00 00 00 00 00 00 00 00  
--- Read Block #035 ---

 i = 035

2026/9/30 15:36:42.194 [TX] - 56 69 56 4F 74 65 63 68 32 00 2C 07 00 02 31 23 5F DD 
2026/9/30 15:36:42.203 [RX] - 56 69 56 4F 74 65 63 68 32 00 2C 00 00 10 00 00 00 00 00 00 FF 07 80 69 FF FF FF FF FF FF 5C 83  Read Block OK

2026/9/30 15:36:42.203 [RX] - 00 00 00 00 00 00 00 00 00 00 00 00 00 00 00 00 00 00 00 00 00 00 00 00 00 00 00 00 00 00 00  
Mifare auth - 36

2026/9/30 15:36:42.475 [TX] - 56 69 56 4F 74 65 63 68 32 00 2C 06 00 08 24 01 FF FF FF FF FF FF 78 1E 
2026/9/30 15:36:42.486 [RX] - 56 69 56 4F 74 65 63 68 32 00 2C 00 00 00 1C 9B  PT command (OK)

2026/9/30 15:36:42.486 [RX] - 00 00 00 00 00 00 00 00 00 00 00 00 00 00 00 00 00 00 00 00 00 00 00 00 00 00 00 00 00 00 00 00 00 00 00 00 00 00 00 00 00 00 00 00 00 00 00  
--- Read Block #036 ---

 i = 036

2026/9/30 15:36:42.522 [TX] - 56 69 56 4F 74 65 63 68 32 00 2C 07 00 02 31 24 2F 3A 
2026/9/30 15:36:42.530 [RX] - 56 69 56 4F 74 65 63 68 32 00 2C 00 00 10 25 00 00 00 00 00 00 00 00 00 00 00 00 00 00 00 1C 46  Read Block OK

2026/9/30 15:36:42.530 [RX] - 00 00 00 00 00 00 00 00 00 00 00 00 00 00 00 00 00 00 00 00 00 00 00 00 00 00 00 00 00 00 00  
--- Read Block #037 ---

 i = 037

2026/9/30 15:36:42.564 [TX] - 56 69 56 4F 74 65 63 68 32 00 2C 07 00 02 31 25 3F 1B 
2026/9/30 15:36:42.575 [RX] - 56 69 56 4F 74 65 63 68 32 00 2C 00 00 10 26 00 00 00 00 00 00 00 00 00 00 00 00 00 00 00 F4 0B  Read Block OK

2026/9/30 15:36:42.575 [RX] - 00 00 00 00 00 00 00 00 00 00 00 00 00 00 00 00 00 00 00 00 00 00 00 00 00 00 00 00 00 00 00  
--- Read Block #038 ---

 i = 038

2026/9/30 15:36:42.599 [TX] - 56 69 56 4F 74 65 63 68 32 00 2C 07 00 02 31 26 0F 78 
2026/9/30 15:36:42.607 [RX] - 56 69 56 4F 74 65 63 68 32 00 2C 00 00 10 27 00 00 00 00 00 00 00 00 00 00 00 00 00 00 00 5C 2F  Read Block OK

2026/9/30 15:36:42.607 [RX] - 00 00 00 00 00 00 00 00 00 00 00 00 00 00 00 00 00 00 00 00 00 00 00 00 00 00 00 00 00 00 00  
--- Read Block #039 ---

 i = 039

2026/9/30 15:36:42.648 [TX] - 56 69 56 4F 74 65 63 68 32 00 2C 07 00 02 31 27 1F 59 
2026/9/30 15:36:42.657 [RX] - 56 69 56 4F 74 65 63 68 32 00 2C 00 00 10 00 00 00 00 00 00 FF 07 80 69 FF FF FF FF FF FF 5C 83  Read Block OK

2026/9/30 15:36:42.657 [RX] - 00 00 00 00 00 00 00 00 00 00 00 00 00 00 00 00 00 00 00 00 00 00 00 00 00 00 00 00 00 00 00  
Mifare auth - 40

2026/9/30 15:36:42.799 [TX] - 56 69 56 4F 74 65 63 68 32 00 2C 06 00 08 28 01 FF FF FF FF FF FF 69 A9 
2026/9/30 15:36:42.811 [RX] - 56 69 56 4F 74 65 63 68 32 00 2C 00 00 00 1C 9B  PT command (OK)

2026/9/30 15:36:42.811 [RX] - 00 00 00 00 00 00 00 00 00 00 00 00 00 00 00 00 00 00 00 00 00 00 00 00 00 00 00 00 00 00 00 00 00 00 00 00 00 00 00 00 00 00 00 00 00 00 00  
--- Read Block #040 ---

 i = 040

2026/9/30 15:36:42.833 [TX] - 56 69 56 4F 74 65 63 68 32 00 2C 07 00 02 31 28 EE B6 
2026/9/30 15:36:42.841 [RX] - 56 69 56 4F 74 65 63 68 32 00 2C 00 00 10 29 00 00 00 00 00 00 00 00 00 00 00 00 00 00 00 8D 11  Read Block OK

2026/9/30 15:36:42.841 [RX] - 00 00 00 00 00 00 00 00 00 00 00 00 00 00 00 00 00 00 00 00 00 00 00 00 00 00 00 00 00 00 00  
--- Read Block #041 ---

 i = 041

2026/9/30 15:36:42.882 [TX] - 56 69 56 4F 74 65 63 68 32 00 2C 07 00 02 31 29 FE 97 
2026/9/30 15:36:42.891 [RX] - 56 69 56 4F 74 65 63 68 32 00 2C 00 00 10 2A 00 00 00 00 00 00 00 00 00 00 00 00 00 00 00 65 5C  Read Block OK

2026/9/30 15:36:42.891 [RX] - 00 00 00 00 00 00 00 00 00 00 00 00 00 00 00 00 00 00 00 00 00 00 00 00 00 00 00 00 00 00 00  
--- Read Block #042 ---

 i = 042

2026/9/30 15:36:42.927 [TX] - 56 69 56 4F 74 65 63 68 32 00 2C 07 00 02 31 2A CE F4 
2026/9/30 15:36:42.936 [RX] - 56 69 56 4F 74 65 63 68 32 00 2C 00 00 10 2B 00 00 00 00 00 00 00 00 00 00 00 00 00 00 00 CD 78  Read Block OK

2026/9/30 15:36:42.936 [RX] - 00 00 00 00 00 00 00 00 00 00 00 00 00 00 00 00 00 00 00 00 00 00 00 00 00 00 00 00 00 00 00  
--- Read Block #043 ---

 i = 043

2026/9/30 15:36:42.972 [TX] - 56 69 56 4F 74 65 63 68 32 00 2C 07 00 02 31 2B DE D5 
2026/9/30 15:36:42.982 [RX] - 56 69 56 4F 74 65 63 68 32 00 2C 00 00 10 00 00 00 00 00 00 FF 07 80 69 FF FF FF FF FF FF 5C 83  Read Block OK

2026/9/30 15:36:42.982 [RX] - 00 00 00 00 00 00 00 00 00 00 00 00 00 00 00 00 00 00 00 00 00 00 00 00 00 00 00 00 00 00 00  
Mifare auth - 44

2026/9/30 15:36:43.114 [TX] - 56 69 56 4F 74 65 63 68 32 00 2C 06 00 08 2C 01 FF FF FF FF FF FF 66 C4 
2026/9/30 15:36:43.126 [RX] - 56 69 56 4F 74 65 63 68 32 00 2C 00 00 00 1C 9B  PT command (OK)

2026/9/30 15:36:43.126 [RX] - 00 00 00 00 00 00 00 00 00 00 00 00 00 00 00 00 00 00 00 00 00 00 00 00 00 00 00 00 00 00 00 00 00 00 00 00 00 00 00 00 00 00 00 00 00 00 00  
--- Read Block #044 ---

 i = 044

2026/9/30 15:36:43.167 [TX] - 56 69 56 4F 74 65 63 68 32 00 2C 07 00 02 31 2C AE 32 
2026/9/30 15:36:43.176 [RX] - 56 69 56 4F 74 65 63 68 32 00 2C 00 00 10 2D 00 00 00 00 00 00 00 00 00 00 00 00 00 00 00 0D C3  Read Block OK

2026/9/30 15:36:43.176 [RX] - 00 00 00 00 00 00 00 00 00 00 00 00 00 00 00 00 00 00 00 00 00 00 00 00 00 00 00 00 00 00 00  
--- Read Block #045 ---

 i = 045

2026/9/30 15:36:43.205 [TX] - 56 69 56 4F 74 65 63 68 32 00 2C 07 00 02 31 2D BE 13 
2026/9/30 15:36:43.216 [RX] - 56 69 56 4F 74 65 63 68 32 00 2C 00 00 10 2E 00 00 00 00 00 00 00 00 00 00 00 00 00 00 00 E5 8E  Read Block OK

2026/9/30 15:36:43.216 [RX] - 00 00 00 00 00 00 00 00 00 00 00 00 00 00 00 00 00 00 00 00 00 00 00 00 00 00 00 00 00 00 00  
--- Read Block #046 ---

 i = 046

2026/9/30 15:36:43.239 [TX] - 56 69 56 4F 74 65 63 68 32 00 2C 07 00 02 31 2E 8E 70 
2026/9/30 15:36:43.247 [RX] - 56 69 56 4F 74 65 63 68 32 00 2C 00 00 10 2F 00 00 00 00 00 00 00 00 00 00 00 00 00 00 00 4D AA  Read Block OK

2026/9/30 15:36:43.247 [RX] - 00 00 00 00 00 00 00 00 00 00 00 00 00 00 00 00 00 00 00 00 00 00 00 00 00 00 00 00 00 00 00  
--- Read Block #047 ---

 i = 047

2026/9/30 15:36:43.273 [TX] - 56 69 56 4F 74 65 63 68 32 00 2C 07 00 02 31 2F 9E 51 
2026/9/30 15:36:43.282 [RX] - 56 69 56 4F 74 65 63 68 32 00 2C 00 00 10 00 00 00 00 00 00 FF 07 80 69 FF FF FF FF FF FF 5C 83  Read Block OK

2026/9/30 15:36:43.282 [RX] - 00 00 00 00 00 00 00 00 00 00 00 00 00 00 00 00 00 00 00 00 00 00 00 00 00 00 00 00 00 00 00  
Mifare auth - 48

2026/9/30 15:36:43.411 [TX] - 56 69 56 4F 74 65 63 68 32 00 2C 06 00 08 30 01 FF FF FF FF FF FF 4A C7 
2026/9/30 15:36:43.422 [RX] - 56 69 56 4F 74 65 63 68 32 00 2C 00 00 00 1C 9B  PT command (OK)

2026/9/30 15:36:43.422 [RX] - 00 00 00 00 00 00 00 00 00 00 00 00 00 00 00 00 00 00 00 00 00 00 00 00 00 00 00 00 00 00 00 00 00 00 00 00 00 00 00 00 00 00 00 00 00 00 00  
--- Read Block #048 ---

 i = 048

2026/9/30 15:36:43.459 [TX] - 56 69 56 4F 74 65 63 68 32 00 2C 07 00 02 31 30 7D 8F 
2026/9/30 15:36:43.468 [RX] - 56 69 56 4F 74 65 63 68 32 00 2C 00 00 10 31 00 00 00 00 00 00 00 00 00 00 00 00 00 00 00 BF 9E  Read Block OK

2026/9/30 15:36:43.468 [RX] - 00 00 00 00 00 00 00 00 00 00 00 00 00 00 00 00 00 00 00 00 00 00 00 00 00 00 00 00 00 00 00  
--- Read Block #049 ---

 i = 049

2026/9/30 15:36:43.505 [TX] - 56 69 56 4F 74 65 63 68 32 00 2C 07 00 02 31 31 6D AE 
2026/9/30 15:36:43.513 [RX] - 56 69 56 4F 74 65 63 68 32 00 2C 00 00 10 32 00 00 00 00 00 00 00 00 00 00 00 00 00 00 00 57 D3  Read Block OK

2026/9/30 15:36:43.513 [RX] - 00 00 00 00 00 00 00 00 00 00 00 00 00 00 00 00 00 00 00 00 00 00 00 00 00 00 00 00 00 00 00  
--- Read Block #050 ---

 i = 050

2026/9/30 15:36:43.551 [TX] - 56 69 56 4F 74 65 63 68 32 00 2C 07 00 02 31 32 5D CD 
2026/9/30 15:36:43.560 [RX] - 56 69 56 4F 74 65 63 68 32 00 2C 00 00 10 33 00 00 00 00 00 00 00 00 00 00 00 00 00 00 00 FF F7  Read Block OK

2026/9/30 15:36:43.560 [RX] - 00 00 00 00 00 00 00 00 00 00 00 00 00 00 00 00 00 00 00 00 00 00 00 00 00 00 00 00 00 00 00  
--- Read Block #051 ---

 i = 051

2026/9/30 15:36:43.585 [TX] - 56 69 56 4F 74 65 63 68 32 00 2C 07 00 02 31 33 4D EC 
2026/9/30 15:36:43.594 [RX] - 56 69 56 4F 74 65 63 68 32 00 2C 00 00 10 00 00 00 00 00 00 FF 07 80 69 FF FF FF FF FF FF 5C 83  Read Block OK

2026/9/30 15:36:43.594 [RX] - 00 00 00 00 00 00 00 00 00 00 00 00 00 00 00 00 00 00 00 00 00 00 00 00 00 00 00 00 00 00 00  
Mifare auth - 52

2026/9/30 15:36:43.724 [TX] - 56 69 56 4F 74 65 63 68 32 00 2C 06 00 08 34 01 FF FF FF FF FF FF 45 AA 
2026/9/30 15:36:43.736 [RX] - 56 69 56 4F 74 65 63 68 32 00 2C 00 00 00 1C 9B  PT command (OK)

2026/9/30 15:36:43.736 [RX] - 00 00 00 00 00 00 00 00 00 00 00 00 00 00 00 00 00 00 00 00 00 00 00 00 00 00 00 00 00 00 00 00 00 00 00 00 00 00 00 00 00 00 00 00 00 00 00  
--- Read Block #052 ---

 i = 052

2026/9/30 15:36:43.777 [TX] - 56 69 56 4F 74 65 63 68 32 00 2C 07 00 02 31 34 3D 0B 
2026/9/30 15:36:43.794 [RX] - 56 69 56 4F 74 65 63 68 32 00 2C 00 00 10 35 00 00 00 00 00 00 00 00 00 00 00 00 00 00 00 3F 4C  Read Block OK

2026/9/30 15:36:43.794 [RX] - 00 00 00 00 00 00 00 00 00 00 00 00 00 00 00 00 00 00 00 00 00 00 00 00 00 00 00 00 00 00 00  
--- Read Block #053 ---

 i = 053

2026/9/30 15:36:43.818 [TX] - 56 69 56 4F 74 65 63 68 32 00 2C 07 00 02 31 35 2D 2A 
2026/9/30 15:36:43.826 [RX] - 56 69 56 4F 74 65 63 68 32 00 2C 00 00 10 36 00 00 00 00 00 00 00 00 00 00 00 00 00 00 00 D7 01  Read Block OK

2026/9/30 15:36:43.826 [RX] - 00 00 00 00 00 00 00 00 00 00 00 00 00 00 00 00 00 00 00 00 00 00 00 00 00 00 00 00 00 00 00  
--- Read Block #054 ---

 i = 054

2026/9/30 15:36:43.852 [TX] - 56 69 56 4F 74 65 63 68 32 00 2C 07 00 02 31 36 1D 49 
2026/9/30 15:36:43.861 [RX] - 56 69 56 4F 74 65 63 68 32 00 2C 00 00 10 37 00 00 00 00 00 00 00 00 00 00 00 00 00 00 00 7F 25  Read Block OK

2026/9/30 15:36:43.861 [RX] - 00 00 00 00 00 00 00 00 00 00 00 00 00 00 00 00 00 00 00 00 00 00 00 00 00 00 00 00 00 00 00  
--- Read Block #055 ---

 i = 055

2026/9/30 15:36:43.896 [TX] - 56 69 56 4F 74 65 63 68 32 00 2C 07 00 02 31 37 0D 68 
2026/9/30 15:36:43.904 [RX] - 56 69 56 4F 74 65 63 68 32 00 2C 00 00 10 00 00 00 00 00 00 FF 07 80 69 FF FF FF FF FF FF 5C 83  Read Block OK

2026/9/30 15:36:43.904 [RX] - 00 00 00 00 00 00 00 00 00 00 00 00 00 00 00 00 00 00 00 00 00 00 00 00 00 00 00 00 00 00 00  
Mifare auth - 56

2026/9/30 15:36:44.051 [TX] - 56 69 56 4F 74 65 63 68 32 00 2C 06 00 08 38 01 FF FF FF FF FF FF 54 1D 
2026/9/30 15:36:44.062 [RX] - 56 69 56 4F 74 65 63 68 32 00 2C 00 00 00 1C 9B  PT command (OK)

2026/9/30 15:36:44.062 [RX] - 00 00 00 00 00 00 00 00 00 00 00 00 00 00 00 00 00 00 00 00 00 00 00 00 00 00 00 00 00 00 00 00 00 00 00 00 00 00 00 00 00 00 00 00 00 00 00  
--- Read Block #056 ---

 i = 056

2026/9/30 15:36:44.099 [TX] - 56 69 56 4F 74 65 63 68 32 00 2C 07 00 02 31 38 FC 87 
2026/9/30 15:36:44.108 [RX] - 56 69 56 4F 74 65 63 68 32 00 2C 00 00 10 39 00 00 00 00 00 00 00 00 00 00 00 00 00 00 00 AE 1B  Read Block OK

2026/9/30 15:36:44.108 [RX] - 00 00 00 00 00 00 00 00 00 00 00 00 00 00 00 00 00 00 00 00 00 00 00 00 00 00 00 00 00 00 00  
--- Read Block #057 ---

 i = 057

2026/9/30 15:36:44.146 [TX] - 56 69 56 4F 74 65 63 68 32 00 2C 07 00 02 31 39 EC A6 
2026/9/30 15:36:44.154 [RX] - 56 69 56 4F 74 65 63 68 32 00 2C 00 00 10 3A 00 00 00 00 00 00 00 00 00 00 00 00 00 00 00 46 56  Read Block OK

2026/9/30 15:36:44.154 [RX] - 00 00 00 00 00 00 00 00 00 00 00 00 00 00 00 00 00 00 00 00 00 00 00 00 00 00 00 00 00 00 00  
--- Read Block #058 ---

 i = 058

2026/9/30 15:36:44.179 [TX] - 56 69 56 4F 74 65 63 68 32 00 2C 07 00 02 31 3A DC C5 
2026/9/30 15:36:44.188 [RX] - 56 69 56 4F 74 65 63 68 32 00 2C 00 00 10 3B 00 00 00 00 00 00 00 00 00 00 00 00 00 00 00 EE 72  Read Block OK

2026/9/30 15:36:44.188 [RX] - 00 00 00 00 00 00 00 00 00 00 00 00 00 00 00 00 00 00 00 00 00 00 00 00 00 00 00 00 00 00 00  
--- Read Block #059 ---

 i = 059

2026/9/30 15:36:44.223 [TX] - 56 69 56 4F 74 65 63 68 32 00 2C 07 00 02 31 3B CC E4 
2026/9/30 15:36:44.231 [RX] - 56 69 56 4F 74 65 63 68 32 00 2C 00 00 10 00 00 00 00 00 00 FF 07 80 69 FF FF FF FF FF FF 5C 83  Read Block OK

2026/9/30 15:36:44.231 [RX] - 00 00 00 00 00 00 00 00 00 00 00 00 00 00 00 00 00 00 00 00 00 00 00 00 00 00 00 00 00 00 00  
Mifare auth - 60

2026/9/30 15:36:44.370 [TX] - 56 69 56 4F 74 65 63 68 32 00 2C 06 00 08 3C 01 FF FF FF FF FF FF 5B 70 
2026/9/30 15:36:44.382 [RX] - 56 69 56 4F 74 65 63 68 32 00 2C 00 00 00 1C 9B  PT command (OK)

2026/9/30 15:36:44.382 [RX] - 00 00 00 00 00 00 00 00 00 00 00 00 00 00 00 00 00 00 00 00 00 00 00 00 00 00 00 00 00 00 00 00 00 00 00 00 00 00 00 00 00 00 00 00 00 00 00  
--- Read Block #060 ---

 i = 060

2026/9/30 15:36:44.413 [TX] - 56 69 56 4F 74 65 63 68 32 00 2C 07 00 02 31 3C BC 03 
2026/9/30 15:36:44.422 [RX] - 56 69 56 4F 74 65 63 68 32 00 2C 00 00 10 3D 00 00 00 00 00 00 00 00 00 00 00 00 00 00 00 2E C9  Read Block OK

2026/9/30 15:36:44.422 [RX] - 00 00 00 00 00 00 00 00 00 00 00 00 00 00 00 00 00 00 00 00 00 00 00 00 00 00 00 00 00 00 00  
--- Read Block #061 ---

 i = 061

2026/9/30 15:36:44.462 [TX] - 56 69 56 4F 74 65 63 68 32 00 2C 07 00 02 31 3D AC 22 
2026/9/30 15:36:44.471 [RX] - 56 69 56 4F 74 65 63 68 32 00 2C 00 00 10 3E 00 00 00 00 00 00 00 00 00 00 00 00 00 00 00 C6 84  Read Block OK

2026/9/30 15:36:44.471 [RX] - 00 00 00 00 00 00 00 00 00 00 00 00 00 00 00 00 00 00 00 00 00 00 00 00 00 00 00 00 00 00 00  
--- Read Block #062 ---

 i = 062

2026/9/30 15:36:44.505 [TX] - 56 69 56 4F 74 65 63 68 32 00 2C 07 00 02 31 3E 9C 41 
2026/9/30 15:36:44.514 [RX] - 56 69 56 4F 74 65 63 68 32 00 2C 00 00 10 3F 00 00 00 00 00 00 00 00 00 00 00 00 00 00 00 6E A0  Read Block OK

2026/9/30 15:36:44.514 [RX] - 00 00 00 00 00 00 00 00 00 00 00 00 00 00 00 00 00 00 00 00 00 00 00 00 00 00 00 00 00 00 00  
--- Read Block #063 ---

 i = 063

2026/9/30 15:36:44.557 [TX] - 56 69 56 4F 74 65 63 68 32 00 2C 07 00 02 31 3F 8C 60 
2026/9/30 15:36:44.565 [RX] - 56 69 56 4F 74 65 63 68 32 00 2C 00 00 10 00 00 00 00 00 00 FF 07 80 69 FF FF FF FF FF FF 5C 83  Read Block OK

2026/9/30 15:36:44.565 [RX] - 00 00 00 00 00 00 00 00 00 00 00 00 00 00 00 00 00 00 00 00 00 00 00 00 00 00 00 00 00 00 00  
Mifare auth - 64

2026/9/30 15:36:44.692 [TX] - 56 69 56 4F 74 65 63 68 32 00 2C 06 00 08 40 01 FF FF FF FF FF FF FA CB 
2026/9/30 15:36:44.704 [RX] - 56 69 56 4F 74 65 63 68 32 00 2C 00 00 00 1C 9B  PT command (OK)

2026/9/30 15:36:44.704 [RX] - 00 00 00 00 00 00 00 00 00 00 00 00 00 00 00 00 00 00 00 00 00 00 00 00 00 00 00 00 00 00 00 00 00 00 00 00 00 00 00 00 00 00 00 00 00 00 00  
--- Read Block #064 ---

 i = 064

2026/9/30 15:36:44.740 [TX] - 56 69 56 4F 74 65 63 68 32 00 2C 07 00 02 31 40 03 18 
2026/9/30 15:36:44.749 [RX] - 56 69 56 4F 74 65 63 68 32 00 2C 00 00 10 41 00 00 00 00 00 00 00 00 00 00 00 00 00 00 00 56 A8  Read Block OK

2026/9/30 15:36:44.749 [RX] - 00 00 00 00 00 00 00 00 00 00 00 00 00 00 00 00 00 00 00 00 00 00 00 00 00 00 00 00 00 00 00  
--- Read Block #065 ---

 i = 065

2026/9/30 15:36:44.774 [TX] - 56 69 56 4F 74 65 63 68 32 00 2C 07 00 02 31 41 13 39 
2026/9/30 15:36:44.783 [RX] - 56 69 56 4F 74 65 63 68 32 00 2C 00 00 10 42 00 00 00 00 00 00 00 00 00 00 00 00 00 00 00 BE E5  Read Block OK

2026/9/30 15:36:44.783 [RX] - 00 00 00 00 00 00 00 00 00 00 00 00 00 00 00 00 00 00 00 00 00 00 00 00 00 00 00 00 00 00 00  
--- Read Block #066 ---

 i = 066

2026/9/30 15:36:44.807 [TX] - 56 69 56 4F 74 65 63 68 32 00 2C 07 00 02 31 42 23 5A 
2026/9/30 15:36:44.816 [RX] - 56 69 56 4F 74 65 63 68 32 00 2C 00 00 10 43 00 00 00 00 00 00 00 00 00 00 00 00 00 00 00 16 C1  Read Block OK

2026/9/30 15:36:44.816 [RX] - 00 00 00 00 00 00 00 00 00 00 00 00 00 00 00 00 00 00 00 00 00 00 00 00 00 00 00 00 00 00 00  
--- Read Block #067 ---

 i = 067

2026/9/30 15:36:44.843 [TX] - 56 69 56 4F 74 65 63 68 32 00 2C 07 00 02 31 43 33 7B 
2026/9/30 15:36:44.857 [RX] - 56 69 56 4F 74 65 63 68 32 00 2C 00 00 10 00 00 00 00 00 00 FF 07 80 69 FF FF FF FF FF FF 5C 83  Read Block OK

2026/9/30 15:36:44.857 [RX] - 00 00 00 00 00 00 00 00 00 00 00 00 00 00 00 00 00 00 00 00 00 00 00 00 00 00 00 00 00 00 00  
Mifare auth - 68

2026/9/30 15:36:44.989 [TX] - 56 69 56 4F 74 65 63 68 32 00 2C 06 00 08 44 01 FF FF FF FF FF FF F5 A6 
2026/9/30 15:36:45.001 [RX] - 56 69 56 4F 74 65 63 68 32 00 2C 00 00 00 1C 9B  PT command (OK)

2026/9/30 15:36:45.001 [RX] - 00 00 00 00 00 00 00 00 00 00 00 00 00 00 00 00 00 00 00 00 00 00 00 00 00 00 00 00 00 00 00 00 00 00 00 00 00 00 00 00 00 00 00 00 00 00 00  
--- Read Block #068 ---

 i = 068

2026/9/30 15:36:45.038 [TX] - 56 69 56 4F 74 65 63 68 32 00 2C 07 00 02 31 44 43 9C 
2026/9/30 15:36:45.046 [RX] - 56 69 56 4F 74 65 63 68 32 00 2C 00 00 10 45 00 00 00 00 00 00 00 00 00 00 00 00 00 00 00 D6 7A  Read Block OK

2026/9/30 15:36:45.046 [RX] - 00 00 00 00 00 00 00 00 00 00 00 00 00 00 00 00 00 00 00 00 00 00 00 00 00 00 00 00 00 00 00  
--- Read Block #069 ---

 i = 069

2026/9/30 15:36:45.070 [TX] - 56 69 56 4F 74 65 63 68 32 00 2C 07 00 02 31 45 53 BD 
2026/9/30 15:36:45.078 [RX] - 56 69 56 4F 74 65 63 68 32 00 2C 00 00 10 46 00 00 00 00 00 00 00 00 00 00 00 00 00 00 00 3E 37  Read Block OK

2026/9/30 15:36:45.078 [RX] - 00 00 00 00 00 00 00 00 00 00 00 00 00 00 00 00 00 00 00 00 00 00 00 00 00 00 00 00 00 00 00  
--- Read Block #070 ---

 i = 070

2026/9/30 15:36:45.103 [TX] - 56 69 56 4F 74 65 63 68 32 00 2C 07 00 02 31 46 63 DE 
2026/9/30 15:36:45.111 [RX] - 56 69 56 4F 74 65 63 68 32 00 2C 00 00 10 47 00 00 00 00 00 00 00 00 00 00 00 00 00 00 00 96 13  Read Block OK

2026/9/30 15:36:45.111 [RX] - 00 00 00 00 00 00 00 00 00 00 00 00 00 00 00 00 00 00 00 00 00 00 00 00 00 00 00 00 00 00 00  
--- Read Block #071 ---

 i = 071

2026/9/30 15:36:45.136 [TX] - 56 69 56 4F 74 65 63 68 32 00 2C 07 00 02 31 47 73 FF 
2026/9/30 15:36:45.144 [RX] - 56 69 56 4F 74 65 63 68 32 00 2C 00 00 10 00 00 00 00 00 00 FF 07 80 69 FF FF FF FF FF FF 5C 83  Read Block OK

2026/9/30 15:36:45.144 [RX] - 00 00 00 00 00 00 00 00 00 00 00 00 00 00 00 00 00 00 00 00 00 00 00 00 00 00 00 00 00 00 00  
Mifare auth - 72

2026/9/30 15:36:45.270 [TX] - 56 69 56 4F 74 65 63 68 32 00 2C 06 00 08 48 01 FF FF FF FF FF FF E4 11 
2026/9/30 15:36:45.281 [RX] - 56 69 56 4F 74 65 63 68 32 00 2C 00 00 00 1C 9B  PT command (OK)

2026/9/30 15:36:45.281 [RX] - 00 00 00 00 00 00 00 00 00 00 00 00 00 00 00 00 00 00 00 00 00 00 00 00 00 00 00 00 00 00 00 00 00 00 00 00 00 00 00 00 00 00 00 00 00 00 00  
--- Read Block #072 ---

 i = 072

2026/9/30 15:36:45.320 [TX] - 56 69 56 4F 74 65 63 68 32 00 2C 07 00 02 31 48 82 10 
2026/9/30 15:36:45.328 [RX] - 56 69 56 4F 74 65 63 68 32 00 2C 00 00 10 49 00 00 00 00 00 00 00 00 00 00 00 00 00 00 00 47 2D  Read Block OK

2026/9/30 15:36:45.328 [RX] - 00 00 00 00 00 00 00 00 00 00 00 00 00 00 00 00 00 00 00 00 00 00 00 00 00 00 00 00 00 00 00  
--- Read Block #073 ---

 i = 073

2026/9/30 15:36:45.356 [TX] - 56 69 56 4F 74 65 63 68 32 00 2C 07 00 02 31 49 92 31 
2026/9/30 15:36:45.373 [RX] - 56 69 56 4F 74 65 63 68 32 00 2C 00 00 10 4A 00 00 00 00 00 00 00 00 00 00 00 00 00 00 00 AF 60  Read Block OK

2026/9/30 15:36:45.373 [RX] - 00 00 00 00 00 00 00 00 00 00 00 00 00 00 00 00 00 00 00 00 00 00 00 00 00 00 00 00 00 00 00  
--- Read Block #074 ---

 i = 074

2026/9/30 15:36:45.396 [TX] - 56 69 56 4F 74 65 63 68 32 00 2C 07 00 02 31 4A A2 52 
2026/9/30 15:36:45.405 [RX] - 56 69 56 4F 74 65 63 68 32 00 2C 00 00 10 4B 00 00 00 00 00 00 00 00 00 00 00 00 00 00 00 07 44  Read Block OK

2026/9/30 15:36:45.405 [RX] - 00 00 00 00 00 00 00 00 00 00 00 00 00 00 00 00 00 00 00 00 00 00 00 00 00 00 00 00 00 00 00  
--- Read Block #075 ---

 i = 075

2026/9/30 15:36:45.446 [TX] - 56 69 56 4F 74 65 63 68 32 00 2C 07 00 02 31 4B B2 73 
2026/9/30 15:36:45.455 [RX] - 56 69 56 4F 74 65 63 68 32 00 2C 00 00 10 00 00 00 00 00 00 FF 07 80 69 FF FF FF FF FF FF 5C 83  Read Block OK

2026/9/30 15:36:45.455 [RX] - 00 00 00 00 00 00 00 00 00 00 00 00 00 00 00 00 00 00 00 00 00 00 00 00 00 00 00 00 00 00 00  
Mifare auth - 76

2026/9/30 15:36:45.601 [TX] - 56 69 56 4F 74 65 63 68 32 00 2C 06 00 08 4C 01 FF FF FF FF FF FF EB 7C 
2026/9/30 15:36:45.613 [RX] - 56 69 56 4F 74 65 63 68 32 00 2C 00 00 00 1C 9B  PT command (OK)

2026/9/30 15:36:45.613 [RX] - 00 00 00 00 00 00 00 00 00 00 00 00 00 00 00 00 00 00 00 00 00 00 00 00 00 00 00 00 00 00 00 00 00 00 00 00 00 00 00 00 00 00 00 00 00 00 00  
--- Read Block #076 ---

 i = 076

2026/9/30 15:36:45.641 [TX] - 56 69 56 4F 74 65 63 68 32 00 2C 07 00 02 31 4C C2 94 
2026/9/30 15:36:45.655 [RX] - 56 69 56 4F 74 65 63 68 32 00 2C 00 00 10 4D 00 00 00 00 00 00 00 00 00 00 00 00 00 00 00 C7 FF  Read Block OK

2026/9/30 15:36:45.655 [RX] - 00 00 00 00 00 00 00 00 00 00 00 00 00 00 00 00 00 00 00 00 00 00 00 00 00 00 00 00 00 00 00  
--- Read Block #077 ---

 i = 077

2026/9/30 15:36:45.680 [TX] - 56 69 56 4F 74 65 63 68 32 00 2C 07 00 02 31 4D D2 B5 
2026/9/30 15:36:45.689 [RX] - 56 69 56 4F 74 65 63 68 32 00 2C 00 00 10 4E 00 00 00 00 00 00 00 00 00 00 00 00 00 00 00 2F B2  Read Block OK

2026/9/30 15:36:45.689 [RX] - 00 00 00 00 00 00 00 00 00 00 00 00 00 00 00 00 00 00 00 00 00 00 00 00 00 00 00 00 00 00 00  
--- Read Block #078 ---

 i = 078

2026/9/30 15:36:45.731 [TX] - 56 69 56 4F 74 65 63 68 32 00 2C 07 00 02 31 4E E2 D6 
2026/9/30 15:36:45.740 [RX] - 56 69 56 4F 74 65 63 68 32 00 2C 00 00 10 4F 00 00 00 00 00 00 00 00 00 00 00 00 00 00 00 87 96  Read Block OK

2026/9/30 15:36:45.740 [RX] - 00 00 00 00 00 00 00 00 00 00 00 00 00 00 00 00 00 00 00 00 00 00 00 00 00 00 00 00 00 00 00  
--- Read Block #079 ---

 i = 079

2026/9/30 15:36:45.775 [TX] - 56 69 56 4F 74 65 63 68 32 00 2C 07 00 02 31 4F F2 F7 
2026/9/30 15:36:45.784 [RX] - 56 69 56 4F 74 65 63 68 32 00 2C 00 00 10 00 00 00 00 00 00 FF 07 80 69 FF FF FF FF FF FF 5C 83  Read Block OK

2026/9/30 15:36:45.784 [RX] - 00 00 00 00 00 00 00 00 00 00 00 00 00 00 00 00 00 00 00 00 00 00 00 00 00 00 00 00 00 00 00  
Mifare auth - 80

2026/9/30 15:36:45.915 [TX] - 56 69 56 4F 74 65 63 68 32 00 2C 06 00 08 50 01 FF FF FF FF FF FF C7 7F 
2026/9/30 15:36:45.926 [RX] - 56 69 56 4F 74 65 63 68 32 00 2C 00 00 00 1C 9B  PT command (OK)

2026/9/30 15:36:45.926 [RX] - 00 00 00 00 00 00 00 00 00 00 00 00 00 00 00 00 00 00 00 00 00 00 00 00 00 00 00 00 00 00 00 00 00 00 00 00 00 00 00 00 00 00 00 00 00 00 00  
--- Read Block #080 ---

 i = 080

2026/9/30 15:36:45.973 [TX] - 56 69 56 4F 74 65 63 68 32 00 2C 07 00 02 31 50 11 29 
2026/9/30 15:36:45.986 [RX] - 56 69 56 4F 74 65 63 68 32 00 2C 00 00 10 51 00 00 00 00 00 00 00 00 00 00 00 00 00 00 00 75 A2  Read Block OK

2026/9/30 15:36:45.986 [RX] - 00 00 00 00 00 00 00 00 00 00 00 00 00 00 00 00 00 00 00 00 00 00 00 00 00 00 00 00 00 00 00  
--- Read Block #081 ---

 i = 081

2026/9/30 15:36:46.023 [TX] - 56 69 56 4F 74 65 63 68 32 00 2C 07 00 02 31 51 01 08 
2026/9/30 15:36:46.032 [RX] - 56 69 56 4F 74 65 63 68 32 00 2C 00 00 10 52 00 00 00 00 00 00 00 00 00 00 00 00 00 00 00 9D EF  Read Block OK

2026/9/30 15:36:46.032 [RX] - 00 00 00 00 00 00 00 00 00 00 00 00 00 00 00 00 00 00 00 00 00 00 00 00 00 00 00 00 00 00 00  
--- Read Block #082 ---

 i = 082

2026/9/30 15:36:46.068 [TX] - 56 69 56 4F 74 65 63 68 32 00 2C 07 00 02 31 52 31 6B 
2026/9/30 15:36:46.078 [RX] - 56 69 56 4F 74 65 63 68 32 00 2C 00 00 10 53 00 00 00 00 00 00 00 00 00 00 00 00 00 00 00 35 CB  Read Block OK

2026/9/30 15:36:46.078 [RX] - 00 00 00 00 00 00 00 00 00 00 00 00 00 00 00 00 00 00 00 00 00 00 00 00 00 00 00 00 00 00 00  
--- Read Block #083 ---

 i = 083

2026/9/30 15:36:46.104 [TX] - 56 69 56 4F 74 65 63 68 32 00 2C 07 00 02 31 53 21 4A 
2026/9/30 15:36:46.113 [RX] - 56 69 56 4F 74 65 63 68 32 00 2C 00 00 10 00 00 00 00 00 00 FF 07 80 69 FF FF FF FF FF FF 5C 83  Read Block OK

2026/9/30 15:36:46.113 [RX] - 00 00 00 00 00 00 00 00 00 00 00 00 00 00 00 00 00 00 00 00 00 00 00 00 00 00 00 00 00 00 00  
Mifare auth - 84

2026/9/30 15:36:46.243 [TX] - 56 69 56 4F 74 65 63 68 32 00 2C 06 00 08 54 01 FF FF FF FF FF FF C8 12 
2026/9/30 15:36:46.255 [RX] - 56 69 56 4F 74 65 63 68 32 00 2C 00 00 00 1C 9B  PT command (OK)

2026/9/30 15:36:46.255 [RX] - 00 00 00 00 00 00 00 00 00 00 00 00 00 00 00 00 00 00 00 00 00 00 00 00 00 00 00 00 00 00 00 00 00 00 00 00 00 00 00 00 00 00 00 00 00 00 00  
--- Read Block #084 ---

 i = 084

2026/9/30 15:36:46.292 [TX] - 56 69 56 4F 74 65 63 68 32 00 2C 07 00 02 31 54 51 AD 
2026/9/30 15:36:46.301 [RX] - 56 69 56 4F 74 65 63 68 32 00 2C 00 00 10 55 00 00 00 00 00 00 00 00 00 00 00 00 00 00 00 F5 70  Read Block OK

2026/9/30 15:36:46.301 [RX] - 00 00 00 00 00 00 00 00 00 00 00 00 00 00 00 00 00 00 00 00 00 00 00 00 00 00 00 00 00 00 00  
--- Read Block #085 ---

 i = 085

2026/9/30 15:36:46.335 [TX] - 56 69 56 4F 74 65 63 68 32 00 2C 07 00 02 31 55 41 8C 
2026/9/30 15:36:46.385 [RX] - 56 69 56 4F 74 65 63 68 32 00 2C 00 00 10 56 00 00 00 00 00 00 00 00 00 00 00 00 00 00 00 1D 3D  Read Block OK

2026/9/30 15:36:46.385 [RX] - 00 00 00 00 00 00 00 00 00 00 00 00 00 00 00 00 00 00 00 00 00 00 00 00 00 00 00 00 00 00 00  
--- Read Block #086 ---

 i = 086

2026/9/30 15:36:46.418 [TX] - 56 69 56 4F 74 65 63 68 32 00 2C 07 00 02 31 56 71 EF 
2026/9/30 15:36:46.427 [RX] - 56 69 56 4F 74 65 63 68 32 00 2C 00 00 10 57 00 00 00 00 00 00 00 00 00 00 00 00 00 00 00 B5 19  Read Block OK

2026/9/30 15:36:46.427 [RX] - 00 00 00 00 00 00 00 00 00 00 00 00 00 00 00 00 00 00 00 00 00 00 00 00 00 00 00 00 00 00 00  
--- Read Block #087 ---

 i = 087

2026/9/30 15:36:46.457 [TX] - 56 69 56 4F 74 65 63 68 32 00 2C 07 00 02 31 57 61 CE 
2026/9/30 15:36:46.470 [RX] - 56 69 56 4F 74 65 63 68 32 00 2C 00 00 10 00 00 00 00 00 00 FF 07 80 69 FF FF FF FF FF FF 5C 83  Read Block OK

2026/9/30 15:36:46.470 [RX] - 00 00 00 00 00 00 00 00 00 00 00 00 00 00 00 00 00 00 00 00 00 00 00 00 00 00 00 00 00 00 00  
Mifare auth - 88

2026/9/30 15:36:46.604 [TX] - 56 69 56 4F 74 65 63 68 32 00 2C 06 00 08 58 01 FF FF FF FF FF FF D9 A5 
2026/9/30 15:36:46.615 [RX] - 56 69 56 4F 74 65 63 68 32 00 2C 00 00 00 1C 9B  PT command (OK)

2026/9/30 15:36:46.615 [RX] - 00 00 00 00 00 00 00 00 00 00 00 00 00 00 00 00 00 00 00 00 00 00 00 00 00 00 00 00 00 00 00 00 00 00 00 00 00 00 00 00 00 00 00 00 00 00 00  
--- Read Block #088 ---

 i = 088

2026/9/30 15:36:46.653 [TX] - 56 69 56 4F 74 65 63 68 32 00 2C 07 00 02 31 58 90 21 
2026/9/30 15:36:46.662 [RX] - 56 69 56 4F 74 65 63 68 32 00 2C 00 00 10 59 00 00 00 00 00 00 00 00 00 00 00 00 00 00 00 64 27  Read Block OK

2026/9/30 15:36:46.662 [RX] - 00 00 00 00 00 00 00 00 00 00 00 00 00 00 00 00 00 00 00 00 00 00 00 00 00 00 00 00 00 00 00  
--- Read Block #089 ---

 i = 089

2026/9/30 15:36:46.687 [TX] - 56 69 56 4F 74 65 63 68 32 00 2C 07 00 02 31 59 80 00 
2026/9/30 15:36:46.696 [RX] - 56 69 56 4F 74 65 63 68 32 00 2C 00 00 10 5A 00 00 00 00 00 00 00 00 00 00 00 00 00 00 00 8C 6A  Read Block OK

2026/9/30 15:36:46.696 [RX] - 00 00 00 00 00 00 00 00 00 00 00 00 00 00 00 00 00 00 00 00 00 00 00 00 00 00 00 00 00 00 00  
--- Read Block #090 ---

 i = 090

2026/9/30 15:36:46.721 [TX] - 56 69 56 4F 74 65 63 68 32 00 2C 07 00 02 31 5A B0 63 
2026/9/30 15:36:46.737 [RX] - 56 69 56 4F 74 65 63 68 32 00 2C 00 00 10 5B 00 00 00 00 00 00 00 00 00 00 00 00 00 00 00 24 4E  Read Block OK

2026/9/30 15:36:46.737 [RX] - 00 00 00 00 00 00 00 00 00 00 00 00 00 00 00 00 00 00 00 00 00 00 00 00 00 00 00 00 00 00 00  
--- Read Block #091 ---

 i = 091

2026/9/30 15:36:46.768 [TX] - 56 69 56 4F 74 65 63 68 32 00 2C 07 00 02 31 5B A0 42 
2026/9/30 15:36:46.784 [RX] - 56 69 56 4F 74 65 63 68 32 00 2C 00 00 10 00 00 00 00 00 00 FF 07 80 69 FF FF FF FF FF FF 5C 83  Read Block OK

2026/9/30 15:36:46.784 [RX] - 00 00 00 00 00 00 00 00 00 00 00 00 00 00 00 00 00 00 00 00 00 00 00 00 00 00 00 00 00 00 00  
Mifare auth - 92

2026/9/30 15:36:46.916 [TX] - 56 69 56 4F 74 65 63 68 32 00 2C 06 00 08 5C 01 FF FF FF FF FF FF D6 C8 
2026/9/30 15:36:46.927 [RX] - 56 69 56 4F 74 65 63 68 32 00 2C 00 00 00 1C 9B  PT command (OK)

2026/9/30 15:36:46.927 [RX] - 00 00 00 00 00 00 00 00 00 00 00 00 00 00 00 00 00 00 00 00 00 00 00 00 00 00 00 00 00 00 00 00 00 00 00 00 00 00 00 00 00 00 00 00 00 00 00  
--- Read Block #092 ---

 i = 092

2026/9/30 15:36:46.954 [TX] - 56 69 56 4F 74 65 63 68 32 00 2C 07 00 02 31 5C D0 A5 
2026/9/30 15:36:46.970 [RX] - 56 69 56 4F 74 65 63 68 32 00 2C 00 00 10 5D 00 00 00 00 00 00 00 00 00 00 00 00 00 00 00 E4 F5  Read Block OK

2026/9/30 15:36:46.970 [RX] - 00 00 00 00 00 00 00 00 00 00 00 00 00 00 00 00 00 00 00 00 00 00 00 00 00 00 00 00 00 00 00  
--- Read Block #093 ---

 i = 093

2026/9/30 15:36:46.995 [TX] - 56 69 56 4F 74 65 63 68 32 00 2C 07 00 02 31 5D C0 84 
2026/9/30 15:36:47.003 [RX] - 56 69 56 4F 74 65 63 68 32 00 2C 00 00 10 5E 00 00 00 00 00 00 00 00 00 00 00 00 00 00 00 0C B8  Read Block OK

2026/9/30 15:36:47.003 [RX] - 00 00 00 00 00 00 00 00 00 00 00 00 00 00 00 00 00 00 00 00 00 00 00 00 00 00 00 00 00 00 00  
--- Read Block #094 ---

 i = 094

2026/9/30 15:36:47.029 [TX] - 56 69 56 4F 74 65 63 68 32 00 2C 07 00 02 31 5E F0 E7 
2026/9/30 15:36:47.037 [RX] - 56 69 56 4F 74 65 63 68 32 00 2C 00 00 10 5F 00 00 00 00 00 00 00 00 00 00 00 00 00 00 00 A4 9C  Read Block OK

2026/9/30 15:36:47.037 [RX] - 00 00 00 00 00 00 00 00 00 00 00 00 00 00 00 00 00 00 00 00 00 00 00 00 00 00 00 00 00 00 00  
--- Read Block #095 ---

 i = 095

2026/9/30 15:36:47.066 [TX] - 56 69 56 4F 74 65 63 68 32 00 2C 07 00 02 31 5F E0 C6 
2026/9/30 15:36:47.079 [RX] - 56 69 56 4F 74 65 63 68 32 00 2C 00 00 10 00 00 00 00 00 00 FF 07 80 69 FF FF FF FF FF FF 5C 83  Read Block OK

2026/9/30 15:36:47.079 [RX] - 00 00 00 00 00 00 00 00 00 00 00 00 00 00 00 00 00 00 00 00 00 00 00 00 00 00 00 00 00 00 00  
Mifare auth - 96

2026/9/30 15:36:47.213 [TX] - 56 69 56 4F 74 65 63 68 32 00 2C 06 00 08 60 01 FF FF FF FF FF FF 81 A3 
2026/9/30 15:36:47.225 [RX] - 56 69 56 4F 74 65 63 68 32 00 2C 00 00 00 1C 9B  PT command (OK)

2026/9/30 15:36:47.225 [RX] - 00 00 00 00 00 00 00 00 00 00 00 00 00 00 00 00 00 00 00 00 00 00 00 00 00 00 00 00 00 00 00 00 00 00 00 00 00 00 00 00 00 00 00 00 00 00 00  
--- Read Block #096 ---

 i = 096

2026/9/30 15:36:47.252 [TX] - 56 69 56 4F 74 65 63 68 32 00 2C 07 00 02 31 60 27 7A 
2026/9/30 15:36:47.268 [RX] - 56 69 56 4F 74 65 63 68 32 00 2C 00 00 10 61 00 00 00 00 00 00 00 00 00 00 00 00 00 00 00 10 BC  Read Block OK

2026/9/30 15:36:47.268 [RX] - 00 00 00 00 00 00 00 00 00 00 00 00 00 00 00 00 00 00 00 00 00 00 00 00 00 00 00 00 00 00 00  
--- Read Block #097 ---

 i = 097

2026/9/30 15:36:47.293 [TX] - 56 69 56 4F 74 65 63 68 32 00 2C 07 00 02 31 61 37 5B 
2026/9/30 15:36:47.302 [RX] - 56 69 56 4F 74 65 63 68 32 00 2C 00 00 10 62 00 00 00 00 00 00 00 00 00 00 00 00 00 00 00 F8 F1  Read Block OK

2026/9/30 15:36:47.302 [RX] - 00 00 00 00 00 00 00 00 00 00 00 00 00 00 00 00 00 00 00 00 00 00 00 00 00 00 00 00 00 00 00  
--- Read Block #098 ---

 i = 098

2026/9/30 15:36:47.329 [TX] - 56 69 56 4F 74 65 63 68 32 00 2C 07 00 02 31 62 07 38 
2026/9/30 15:36:47.337 [RX] - 56 69 56 4F 74 65 63 68 32 00 2C 00 00 10 63 00 00 00 00 00 00 00 00 00 00 00 00 00 00 00 50 D5  Read Block OK

2026/9/30 15:36:47.337 [RX] - 00 00 00 00 00 00 00 00 00 00 00 00 00 00 00 00 00 00 00 00 00 00 00 00 00 00 00 00 00 00 00  
--- Read Block #099 ---

 i = 099

2026/9/30 15:36:47.366 [TX] - 56 69 56 4F 74 65 63 68 32 00 2C 07 00 02 31 63 17 19 
2026/9/30 15:36:47.379 [RX] - 56 69 56 4F 74 65 63 68 32 00 2C 00 00 10 00 00 00 00 00 00 FF 07 80 69 FF FF FF FF FF FF 5C 83  Read Block OK

2026/9/30 15:36:47.379 [RX] - 00 00 00 00 00 00 00 00 00 00 00 00 00 00 00 00 00 00 00 00 00 00 00 00 00 00 00 00 00 00 00  
Mifare auth - 100

2026/9/30 15:36:47.510 [TX] - 56 69 56 4F 74 65 63 68 32 00 2C 06 00 08 64 01 FF FF FF FF FF FF 8E CE 
2026/9/30 15:36:47.522 [RX] - 56 69 56 4F 74 65 63 68 32 00 2C 00 00 00 1C 9B  PT command (OK)

2026/9/30 15:36:47.522 [RX] - 00 00 00 00 00 00 00 00 00 00 00 00 00 00 00 00 00 00 00 00 00 00 00 00 00 00 00 00 00 00 00 00 00 00 00 00 00 00 00 00 00 00 00 00 00 00 00  
--- Read Block #100 ---

 i = 100

2026/9/30 15:36:47.559 [TX] - 56 69 56 4F 74 65 63 68 32 00 2C 07 00 02 31 64 67 FE 
2026/9/30 15:36:47.567 [RX] - 56 69 56 4F 74 65 63 68 32 00 2C 00 00 10 65 00 00 00 00 00 00 00 00 00 00 00 00 00 00 00 90 6E  Read Block OK

2026/9/30 15:36:47.567 [RX] - 00 00 00 00 00 00 00 00 00 00 00 00 00 00 00 00 00 00 00 00 00 00 00 00 00 00 00 00 00 00 00  
--- Read Block #101 ---

 i = 101

2026/9/30 15:36:47.596 [TX] - 56 69 56 4F 74 65 63 68 32 00 2C 07 00 02 31 65 77 DF 
2026/9/30 15:36:47.611 [RX] - 56 69 56 4F 74 65 63 68 32 00 2C 00 00 10 66 00 00 00 00 00 00 00 00 00 00 00 00 00 00 00 78 23  Read Block OK

2026/9/30 15:36:47.611 [RX] - 00 00 00 00 00 00 00 00 00 00 00 00 00 00 00 00 00 00 00 00 00 00 00 00 00 00 00 00 00 00 00  
--- Read Block #102 ---

 i = 102

2026/9/30 15:36:47.636 [TX] - 56 69 56 4F 74 65 63 68 32 00 2C 07 00 02 31 66 47 BC 
2026/9/30 15:36:47.645 [RX] - 56 69 56 4F 74 65 63 68 32 00 2C 00 00 10 67 00 00 00 00 00 00 00 00 00 00 00 00 00 00 00 D0 07  Read Block OK

2026/9/30 15:36:47.645 [RX] - 00 00 00 00 00 00 00 00 00 00 00 00 00 00 00 00 00 00 00 00 00 00 00 00 00 00 00 00 00 00 00  
--- Read Block #103 ---

 i = 103

2026/9/30 15:36:47.675 [TX] - 56 69 56 4F 74 65 63 68 32 00 2C 07 00 02 31 67 57 9D 
2026/9/30 15:36:47.689 [RX] - 56 69 56 4F 74 65 63 68 32 00 2C 00 00 10 00 00 00 00 00 00 FF 07 80 69 FF FF FF FF FF FF 5C 83  Read Block OK

2026/9/30 15:36:47.689 [RX] - 00 00 00 00 00 00 00 00 00 00 00 00 00 00 00 00 00 00 00 00 00 00 00 00 00 00 00 00 00 00 00  
Mifare auth - 104

2026/9/30 15:36:47.823 [TX] - 56 69 56 4F 74 65 63 68 32 00 2C 06 00 08 68 01 FF FF FF FF FF FF 9F 79 
2026/9/30 15:36:47.834 [RX] - 56 69 56 4F 74 65 63 68 32 00 2C 00 00 00 1C 9B  PT command (OK)

2026/9/30 15:36:47.834 [RX] - 00 00 00 00 00 00 00 00 00 00 00 00 00 00 00 00 00 00 00 00 00 00 00 00 00 00 00 00 00 00 00 00 00 00 00 00 00 00 00 00 00 00 00 00 00 00 00  
--- Read Block #104 ---

 i = 104

2026/9/30 15:36:47.875 [TX] - 56 69 56 4F 74 65 63 68 32 00 2C 07 00 02 31 68 A6 72 
2026/9/30 15:36:47.884 [RX] - 56 69 56 4F 74 65 63 68 32 00 2C 00 00 10 69 00 00 00 00 00 00 00 00 00 00 00 00 00 00 00 01 39  Read Block OK

2026/9/30 15:36:47.884 [RX] - 00 00 00 00 00 00 00 00 00 00 00 00 00 00 00 00 00 00 00 00 00 00 00 00 00 00 00 00 00 00 00  
--- Read Block #105 ---

 i = 105

2026/9/30 15:36:47.920 [TX] - 56 69 56 4F 74 65 63 68 32 00 2C 07 00 02 31 69 B6 53 
2026/9/30 15:36:47.928 [RX] - 56 69 56 4F 74 65 63 68 32 00 2C 00 00 10 6A 00 00 00 00 00 00 00 00 00 00 00 00 00 00 00 E9 74  Read Block OK

2026/9/30 15:36:47.928 [RX] - 00 00 00 00 00 00 00 00 00 00 00 00 00 00 00 00 00 00 00 00 00 00 00 00 00 00 00 00 00 00 00  
--- Read Block #106 ---

 i = 106

2026/9/30 15:36:47.959 [TX] - 56 69 56 4F 74 65 63 68 32 00 2C 07 00 02 31 6A 86 30 
2026/9/30 15:36:47.971 [RX] - 56 69 56 4F 74 65 63 68 32 00 2C 00 00 10 6B 00 00 00 00 00 00 00 00 00 00 00 00 00 00 00 41 50  Read Block OK

2026/9/30 15:36:47.971 [RX] - 00 00 00 00 00 00 00 00 00 00 00 00 00 00 00 00 00 00 00 00 00 00 00 00 00 00 00 00 00 00 00  
--- Read Block #107 ---

 i = 107

2026/9/30 15:36:48.011 [TX] - 56 69 56 4F 74 65 63 68 32 00 2C 07 00 02 31 6B 96 11 
2026/9/30 15:36:48.019 [RX] - 56 69 56 4F 74 65 63 68 32 00 2C 00 00 10 00 00 00 00 00 00 FF 07 80 69 FF FF FF FF FF FF 5C 83  Read Block OK

2026/9/30 15:36:48.019 [RX] - 00 00 00 00 00 00 00 00 00 00 00 00 00 00 00 00 00 00 00 00 00 00 00 00 00 00 00 00 00 00 00  
Mifare auth - 108

2026/9/30 15:36:48.151 [TX] - 56 69 56 4F 74 65 63 68 32 00 2C 06 00 08 6C 01 FF FF FF FF FF FF 90 14 
2026/9/30 15:36:48.162 [RX] - 56 69 56 4F 74 65 63 68 32 00 2C 00 00 00 1C 9B  PT command (OK)

2026/9/30 15:36:48.162 [RX] - 00 00 00 00 00 00 00 00 00 00 00 00 00 00 00 00 00 00 00 00 00 00 00 00 00 00 00 00 00 00 00 00 00 00 00 00 00 00 00 00 00 00 00 00 00 00 00  
--- Read Block #108 ---

 i = 108

2026/9/30 15:36:48.200 [TX] - 56 69 56 4F 74 65 63 68 32 00 2C 07 00 02 31 6C E6 F6 
2026/9/30 15:36:48.209 [RX] - 56 69 56 4F 74 65 63 68 32 00 2C 00 00 10 6D 00 00 00 00 00 00 00 00 00 00 00 00 00 00 00 81 EB  Read Block OK

2026/9/30 15:36:48.209 [RX] - 00 00 00 00 00 00 00 00 00 00 00 00 00 00 00 00 00 00 00 00 00 00 00 00 00 00 00 00 00 00 00  
--- Read Block #109 ---

 i = 109

2026/9/30 15:36:48.237 [TX] - 56 69 56 4F 74 65 63 68 32 00 2C 07 00 02 31 6D F6 D7 
2026/9/30 15:36:48.252 [RX] - 56 69 56 4F 74 65 63 68 32 00 2C 00 00 10 6E 00 00 00 00 00 00 00 00 00 00 00 00 00 00 00 69 A6  Read Block OK

2026/9/30 15:36:48.252 [RX] - 00 00 00 00 00 00 00 00 00 00 00 00 00 00 00 00 00 00 00 00 00 00 00 00 00 00 00 00 00 00 00  
--- Read Block #110 ---

 i = 110

2026/9/30 15:36:48.277 [TX] - 56 69 56 4F 74 65 63 68 32 00 2C 07 00 02 31 6E C6 B4 
2026/9/30 15:36:48.286 [RX] - 56 69 56 4F 74 65 63 68 32 00 2C 00 00 10 6F 00 00 00 00 00 00 00 00 00 00 00 00 00 00 00 C1 82  Read Block OK

2026/9/30 15:36:48.286 [RX] - 00 00 00 00 00 00 00 00 00 00 00 00 00 00 00 00 00 00 00 00 00 00 00 00 00 00 00 00 00 00 00  
--- Read Block #111 ---

 i = 111

2026/9/30 15:36:48.312 [TX] - 56 69 56 4F 74 65 63 68 32 00 2C 07 00 02 31 6F D6 95 
2026/9/30 15:36:48.321 [RX] - 56 69 56 4F 74 65 63 68 32 00 2C 00 00 10 00 00 00 00 00 00 FF 07 80 69 FF FF FF FF FF FF 5C 83  Read Block OK

2026/9/30 15:36:48.321 [RX] - 00 00 00 00 00 00 00 00 00 00 00 00 00 00 00 00 00 00 00 00 00 00 00 00 00 00 00 00 00 00 00  
Mifare auth - 112

2026/9/30 15:36:48.447 [TX] - 56 69 56 4F 74 65 63 68 32 00 2C 06 00 08 70 01 FF FF FF FF FF FF BC 17 
2026/9/30 15:36:48.459 [RX] - 56 69 56 4F 74 65 63 68 32 00 2C 00 00 00 1C 9B  PT command (OK)

2026/9/30 15:36:48.459 [RX] - 00 00 00 00 00 00 00 00 00 00 00 00 00 00 00 00 00 00 00 00 00 00 00 00 00 00 00 00 00 00 00 00 00 00 00 00 00 00 00 00 00 00 00 00 00 00 00  
--- Read Block #112 ---

 i = 112

2026/9/30 15:36:48.497 [TX] - 56 69 56 4F 74 65 63 68 32 00 2C 07 00 02 31 70 35 4B 
2026/9/30 15:36:48.505 [RX] - 56 69 56 4F 74 65 63 68 32 00 2C 00 00 10 71 00 00 00 00 00 00 00 00 00 00 00 00 00 00 00 33 B6  Read Block OK

2026/9/30 15:36:48.505 [RX] - 00 00 00 00 00 00 00 00 00 00 00 00 00 00 00 00 00 00 00 00 00 00 00 00 00 00 00 00 00 00 00  
--- Read Block #113 ---

 i = 113

2026/9/30 15:36:48.533 [TX] - 56 69 56 4F 74 65 63 68 32 00 2C 07 00 02 31 71 25 6A 
2026/9/30 15:36:48.541 [RX] - 56 69 56 4F 74 65 63 68 32 00 2C 00 00 10 72 00 00 00 00 00 00 00 00 00 00 00 00 00 00 00 DB FB  Read Block OK

2026/9/30 15:36:48.541 [RX] - 00 00 00 00 00 00 00 00 00 00 00 00 00 00 00 00 00 00 00 00 00 00 00 00 00 00 00 00 00 00 00  
--- Read Block #114 ---

 i = 114

2026/9/30 15:36:48.569 [TX] - 56 69 56 4F 74 65 63 68 32 00 2C 07 00 02 31 72 15 09 
2026/9/30 15:36:48.582 [RX] - 56 69 56 4F 74 65 63 68 32 00 2C 00 00 10 73 00 00 00 00 00 00 00 00 00 00 00 00 00 00 00 73 DF  Read Block OK

2026/9/30 15:36:48.582 [RX] - 00 00 00 00 00 00 00 00 00 00 00 00 00 00 00 00 00 00 00 00 00 00 00 00 00 00 00 00 00 00 00  
--- Read Block #115 ---

 i = 115

2026/9/30 15:36:48.626 [TX] - 56 69 56 4F 74 65 63 68 32 00 2C 07 00 02 31 73 05 28 
2026/9/30 15:36:48.635 [RX] - 56 69 56 4F 74 65 63 68 32 00 2C 00 00 10 00 00 00 00 00 00 FF 07 80 69 FF FF FF FF FF FF 5C 83  Read Block OK

2026/9/30 15:36:48.635 [RX] - 00 00 00 00 00 00 00 00 00 00 00 00 00 00 00 00 00 00 00 00 00 00 00 00 00 00 00 00 00 00 00  
Mifare auth - 116

2026/9/30 15:36:48.774 [TX] - 56 69 56 4F 74 65 63 68 32 00 2C 06 00 08 74 01 FF FF FF FF FF FF B3 7A 
2026/9/30 15:36:48.786 [RX] - 56 69 56 4F 74 65 63 68 32 00 2C 00 00 00 1C 9B  PT command (OK)

2026/9/30 15:36:48.786 [RX] - 00 00 00 00 00 00 00 00 00 00 00 00 00 00 00 00 00 00 00 00 00 00 00 00 00 00 00 00 00 00 00 00 00 00 00 00 00 00 00 00 00 00 00 00 00 00 00  
--- Read Block #116 ---

 i = 116

2026/9/30 15:36:48.826 [TX] - 56 69 56 4F 74 65 63 68 32 00 2C 07 00 02 31 74 75 CF 
2026/9/30 15:36:48.835 [RX] - 56 69 56 4F 74 65 63 68 32 00 2C 00 00 10 75 00 00 00 00 00 00 00 00 00 00 00 00 00 00 00 B3 64  Read Block OK

2026/9/30 15:36:48.835 [RX] - 00 00 00 00 00 00 00 00 00 00 00 00 00 00 00 00 00 00 00 00 00 00 00 00 00 00 00 00 00 00 00  
--- Read Block #117 ---

 i = 117

2026/9/30 15:36:48.862 [TX] - 56 69 56 4F 74 65 63 68 32 00 2C 07 00 02 31 75 65 EE 
2026/9/30 15:36:48.876 [RX] - 56 69 56 4F 74 65 63 68 32 00 2C 00 00 10 76 00 00 00 00 00 00 00 00 00 00 00 00 00 00 00 5B 29  Read Block OK

2026/9/30 15:36:48.876 [RX] - 00 00 00 00 00 00 00 00 00 00 00 00 00 00 00 00 00 00 00 00 00 00 00 00 00 00 00 00 00 00 00  
--- Read Block #118 ---

 i = 118

2026/9/30 15:36:48.904 [TX] - 56 69 56 4F 74 65 63 68 32 00 2C 07 00 02 31 76 55 8D 
2026/9/30 15:36:48.912 [RX] - 56 69 56 4F 74 65 63 68 32 00 2C 00 00 10 77 00 00 00 00 00 00 00 00 00 00 00 00 00 00 00 F3 0D  Read Block OK

2026/9/30 15:36:48.912 [RX] - 00 00 00 00 00 00 00 00 00 00 00 00 00 00 00 00 00 00 00 00 00 00 00 00 00 00 00 00 00 00 00  
--- Read Block #119 ---

 i = 119

2026/9/30 15:36:48.943 [TX] - 56 69 56 4F 74 65 63 68 32 00 2C 07 00 02 31 77 45 AC 
2026/9/30 15:36:48.955 [RX] - 56 69 56 4F 74 65 63 68 32 00 2C 00 00 10 00 00 00 00 00 00 FF 07 80 69 FF FF FF FF FF FF 5C 83  Read Block OK

2026/9/30 15:36:48.955 [RX] - 00 00 00 00 00 00 00 00 00 00 00 00 00 00 00 00 00 00 00 00 00 00 00 00 00 00 00 00 00 00 00  
Mifare auth - 120

2026/9/30 15:36:49.087 [TX] - 56 69 56 4F 74 65 63 68 32 00 2C 06 00 08 78 01 FF FF FF FF FF FF A2 CD 
2026/9/30 15:36:49.099 [RX] - 56 69 56 4F 74 65 63 68 32 00 2C 00 00 00 1C 9B  PT command (OK)

2026/9/30 15:36:49.099 [RX] - 00 00 00 00 00 00 00 00 00 00 00 00 00 00 00 00 00 00 00 00 00 00 00 00 00 00 00 00 00 00 00 00 00 00 00 00 00 00 00 00 00 00 00 00 00 00 00  
--- Read Block #120 ---

 i = 120

2026/9/30 15:36:49.136 [TX] - 56 69 56 4F 74 65 63 68 32 00 2C 07 00 02 31 78 B4 43 
2026/9/30 15:36:49.145 [RX] - 56 69 56 4F 74 65 63 68 32 00 2C 00 00 10 79 00 00 00 00 00 00 00 00 00 00 00 00 00 00 00 22 33  Read Block OK

2026/9/30 15:36:49.145 [RX] - 00 00 00 00 00 00 00 00 00 00 00 00 00 00 00 00 00 00 00 00 00 00 00 00 00 00 00 00 00 00 00  
--- Read Block #121 ---

 i = 121

2026/9/30 15:36:49.189 [TX] - 56 69 56 4F 74 65 63 68 32 00 2C 07 00 02 31 79 A4 62 
2026/9/30 15:36:49.204 [RX] - 56 69 56 4F 74 65 63 68 32 00 2C 00 00 10 7A 00 00 00 00 00 00 00 00 00 00 00 00 00 00 00 CA 7E  Read Block OK

2026/9/30 15:36:49.204 [RX] - 00 00 00 00 00 00 00 00 00 00 00 00 00 00 00 00 00 00 00 00 00 00 00 00 00 00 00 00 00 00 00  
--- Read Block #122 ---

 i = 122

2026/9/30 15:36:49.267 [TX] - 56 69 56 4F 74 65 63 68 32 00 2C 07 00 02 31 7A 94 01 
2026/9/30 15:36:49.283 [RX] - 56 69 56 4F 74 65 63 68 32 00 2C 00 00 10 7B 00 00 00 00 00 00 00 00 00 00 00 00 00 00 00 62 5A  Read Block OK

2026/9/30 15:36:49.283 [RX] - 00 00 00 00 00 00 00 00 00 00 00 00 00 00 00 00 00 00 00 00 00 00 00 00 00 00 00 00 00 00 00  
--- Read Block #123 ---

 i = 123

2026/9/30 15:36:49.317 [TX] - 56 69 56 4F 74 65 63 68 32 00 2C 07 00 02 31 7B 84 20 
2026/9/30 15:36:49.330 [RX] - 56 69 56 4F 74 65 63 68 32 00 2C 00 00 10 00 00 00 00 00 00 FF 07 80 69 FF FF FF FF FF FF 5C 83  Read Block OK

2026/9/30 15:36:49.330 [RX] - 00 00 00 00 00 00 00 00 00 00 00 00 00 00 00 00 00 00 00 00 00 00 00 00 00 00 00 00 00 00 00  
Mifare auth - 124

2026/9/30 15:36:49.462 [TX] - 56 69 56 4F 74 65 63 68 32 00 2C 06 00 08 7C 01 FF FF FF FF FF FF AD A0 
2026/9/30 15:36:49.473 [RX] - 56 69 56 4F 74 65 63 68 32 00 2C 00 00 00 1C 9B  PT command (OK)

2026/9/30 15:36:49.473 [RX] - 00 00 00 00 00 00 00 00 00 00 00 00 00 00 00 00 00 00 00 00 00 00 00 00 00 00 00 00 00 00 00 00 00 00 00 00 00 00 00 00 00 00 00 00 00 00 00  
--- Read Block #124 ---

 i = 124

2026/9/30 15:36:49.511 [TX] - 56 69 56 4F 74 65 63 68 32 00 2C 07 00 02 31 7C F4 C7 
2026/9/30 15:36:49.520 [RX] - 56 69 56 4F 74 65 63 68 32 00 2C 00 00 10 7D 00 00 00 00 00 00 00 00 00 00 00 00 00 00 00 A2 E1  Read Block OK

2026/9/30 15:36:49.520 [RX] - 00 00 00 00 00 00 00 00 00 00 00 00 00 00 00 00 00 00 00 00 00 00 00 00 00 00 00 00 00 00 00  
--- Read Block #125 ---

 i = 125

2026/9/30 15:36:49.554 [TX] - 56 69 56 4F 74 65 63 68 32 00 2C 07 00 02 31 7D E4 E6 
2026/9/30 15:36:49.563 [RX] - 56 69 56 4F 74 65 63 68 32 00 2C 00 00 10 7E 00 00 00 00 00 00 00 00 00 00 00 00 00 00 00 4A AC  Read Block OK

2026/9/30 15:36:49.563 [RX] - 00 00 00 00 00 00 00 00 00 00 00 00 00 00 00 00 00 00 00 00 00 00 00 00 00 00 00 00 00 00 00  
--- Read Block #126 ---

 i = 126

2026/9/30 15:36:49.594 [TX] - 56 69 56 4F 74 65 63 68 32 00 2C 07 00 02 31 7E D4 85 
2026/9/30 15:36:49.609 [RX] - 56 69 56 4F 74 65 63 68 32 00 2C 00 00 10 7F 00 00 00 00 00 00 00 00 00 00 00 00 00 00 00 E2 88  Read Block OK

2026/9/30 15:36:49.609 [RX] - 00 00 00 00 00 00 00 00 00 00 00 00 00 00 00 00 00 00 00 00 00 00 00 00 00 00 00 00 00 00 00  
--- Read Block #127 ---

 i = 127

2026/9/30 15:36:49.633 [TX] - 56 69 56 4F 74 65 63 68 32 00 2C 07 00 02 31 7F C4 A4 
2026/9/30 15:36:49.642 [RX] - 56 69 56 4F 74 65 63 68 32 00 2C 00 00 10 00 00 00 00 00 00 FF 07 80 69 FF FF FF FF FF FF 5C 83  Read Block OK

2026/9/30 15:36:49.642 [RX] - 00 00 00 00 00 00 00 00 00 00 00 00 00 00 00 00 00 00 00 00 00 00 00 00 00 00 00 00 00 00 00  
Mifare auth - 128

2026/9/30 15:36:49.772 [TX] - 56 69 56 4F 74 65 63 68 32 00 2C 06 00 08 80 01 FF FF FF FF FF FF F1 9A 
2026/9/30 15:36:49.783 [RX] - 56 69 56 4F 74 65 63 68 32 00 2C 00 00 00 1C 9B  PT command (OK)

2026/9/30 15:36:49.783 [RX] - 00 00 00 00 00 00 00 00 00 00 00 00 00 00 00 00 00 00 00 00 00 00 00 00 00 00 00 00 00 00 00 00 00 00 00 00 00 00 00 00 00 00 00 00 00 00 00  
--- Read Block #128 ---

 i = 128

2026/9/30 15:36:49.822 [TX] - 56 69 56 4F 74 65 63 68 32 00 2C 07 00 02 31 80 DA 54 
2026/9/30 15:36:49.830 [RX] - 56 69 56 4F 74 65 63 68 32 00 2C 00 00 10 81 00 00 00 00 00 00 00 00 00 00 00 00 00 00 00 D2 F1  Read Block OK

2026/9/30 15:36:49.830 [RX] - 00 00 00 00 00 00 00 00 00 00 00 00 00 00 00 00 00 00 00 00 00 00 00 00 00 00 00 00 00 00 00  
--- Read Block #129 ---

 i = 129

2026/9/30 15:36:49.860 [TX] - 56 69 56 4F 74 65 63 68 32 00 2C 07 00 02 31 81 CA 75 
2026/9/30 15:36:49.873 [RX] - 56 69 56 4F 74 65 63 68 32 00 2C 00 00 10 82 00 00 00 00 00 00 00 00 00 00 00 00 00 00 00 3A BC  Read Block OK

2026/9/30 15:36:49.873 [RX] - 00 00 00 00 00 00 00 00 00 00 00 00 00 00 00 00 00 00 00 00 00 00 00 00 00 00 00 00 00 00 00  
--- Read Block #130 ---

 i = 130

2026/9/30 15:36:49.907 [TX] - 56 69 56 4F 74 65 63 68 32 00 2C 07 00 02 31 82 FA 16 
2026/9/30 15:36:49.920 [RX] - 56 69 56 4F 74 65 63 68 32 00 2C 00 00 10 83 00 00 00 00 00 00 00 00 00 00 00 00 00 00 00 92 98  Read Block OK

2026/9/30 15:36:49.920 [RX] - 00 00 00 00 00 00 00 00 00 00 00 00 00 00 00 00 00 00 00 00 00 00 00 00 00 00 00 00 00 00 00  
--- Read Block #131 ---

 i = 131

2026/9/30 15:36:49.948 [TX] - 56 69 56 4F 74 65 63 68 32 00 2C 07 00 02 31 83 EA 37 
2026/9/30 15:36:49.957 [RX] - 56 69 56 4F 74 65 63 68 32 00 2C 00 00 10 84 00 00 00 00 00 00 00 00 00 00 00 00 00 00 00 FA 07  Read Block OK

2026/9/30 15:36:49.957 [RX] - 00 00 00 00 00 00 00 00 00 00 00 00 00 00 00 00 00 00 00 00 00 00 00 00 00 00 00 00 00 00 00  
Mifare auth - 132

2026/9/30 15:36:50.086 [TX] - 56 69 56 4F 74 65 63 68 32 00 2C 06 00 08 84 01 FF FF FF FF FF FF FE F7 
2026/9/30 15:36:50.098 [RX] - 56 69 56 4F 74 65 63 68 32 00 2C 00 00 00 1C 9B  PT command (OK)

2026/9/30 15:36:50.098 [RX] - 00 00 00 00 00 00 00 00 00 00 00 00 00 00 00 00 00 00 00 00 00 00 00 00 00 00 00 00 00 00 00 00 00 00 00 00 00 00 00 00 00 00 00 00 00 00 00  
--- Read Block #132 ---

 i = 132

2026/9/30 15:36:50.127 [TX] - 56 69 56 4F 74 65 63 68 32 00 2C 07 00 02 31 84 9A D0 
2026/9/30 15:36:50.138 [RX] - 56 69 56 4F 74 65 63 68 32 00 2C 00 00 10 85 00 00 00 00 00 00 00 00 00 00 00 00 00 00 00 52 23  Read Block OK

2026/9/30 15:36:50.138 [RX] - 00 00 00 00 00 00 00 00 00 00 00 00 00 00 00 00 00 00 00 00 00 00 00 00 00 00 00 00 00 00 00  
--- Read Block #133 ---

 i = 133

2026/9/30 15:36:50.164 [TX] - 56 69 56 4F 74 65 63 68 32 00 2C 07 00 02 31 85 8A F1 
2026/9/30 15:36:50.173 [RX] - 56 69 56 4F 74 65 63 68 32 00 2C 00 00 10 86 00 00 00 00 00 00 00 00 00 00 00 00 00 00 00 BA 6E  Read Block OK

2026/9/30 15:36:50.173 [RX] - 00 00 00 00 00 00 00 00 00 00 00 00 00 00 00 00 00 00 00 00 00 00 00 00 00 00 00 00 00 00 00  
--- Read Block #134 ---

 i = 134

2026/9/30 15:36:50.205 [TX] - 56 69 56 4F 74 65 63 68 32 00 2C 07 00 02 31 86 BA 92 
2026/9/30 15:36:50.216 [RX] - 56 69 56 4F 74 65 63 68 32 00 2C 00 00 10 87 00 00 00 00 00 00 00 00 00 00 00 00 00 00 00 12 4A  Read Block OK

2026/9/30 15:36:50.216 [RX] - 00 00 00 00 00 00 00 00 00 00 00 00 00 00 00 00 00 00 00 00 00 00 00 00 00 00 00 00 00 00 00  
--- Read Block #135 ---

 i = 135

2026/9/30 15:36:50.244 [TX] - 56 69 56 4F 74 65 63 68 32 00 2C 07 00 02 31 87 AA B3 
2026/9/30 15:36:50.253 [RX] - 56 69 56 4F 74 65 63 68 32 00 2C 00 00 10 88 00 00 00 00 00 00 00 00 00 00 00 00 00 00 00 6B 50  Read Block OK

2026/9/30 15:36:50.253 [RX] - 00 00 00 00 00 00 00 00 00 00 00 00 00 00 00 00 00 00 00 00 00 00 00 00 00 00 00 00 00 00 00  
Mifare auth - 136

2026/9/30 15:36:50.382 [TX] - 56 69 56 4F 74 65 63 68 32 00 2C 06 00 08 88 01 FF FF FF FF FF FF EF 40 
2026/9/30 15:36:50.393 [RX] - 56 69 56 4F 74 65 63 68 32 00 2C 00 00 00 1C 9B  PT command (OK)

2026/9/30 15:36:50.393 [RX] - 00 00 00 00 00 00 00 00 00 00 00 00 00 00 00 00 00 00 00 00 00 00 00 00 00 00 00 00 00 00 00 00 00 00 00 00 00 00 00 00 00 00 00 00 00 00 00  
--- Read Block #136 ---

 i = 136

2026/9/30 15:36:50.432 [TX] - 56 69 56 4F 74 65 63 68 32 00 2C 07 00 02 31 88 5B 5C 
2026/9/30 15:36:50.441 [RX] - 56 69 56 4F 74 65 63 68 32 00 2C 00 00 10 89 00 00 00 00 00 00 00 00 00 00 00 00 00 00 00 C3 74  Read Block OK

2026/9/30 15:36:50.441 [RX] - 00 00 00 00 00 00 00 00 00 00 00 00 00 00 00 00 00 00 00 00 00 00 00 00 00 00 00 00 00 00 00  
--- Read Block #137 ---

 i = 137

2026/9/30 15:36:50.472 [TX] - 56 69 56 4F 74 65 63 68 32 00 2C 07 00 02 31 89 4B 7D 
2026/9/30 15:36:50.483 [RX] - 56 69 56 4F 74 65 63 68 32 00 2C 00 00 10 8A 00 00 00 00 00 00 00 00 00 00 00 00 00 00 00 2B 39  Read Block OK

2026/9/30 15:36:50.483 [RX] - 00 00 00 00 00 00 00 00 00 00 00 00 00 00 00 00 00 00 00 00 00 00 00 00 00 00 00 00 00 00 00  
--- Read Block #138 ---

 i = 138

2026/9/30 15:36:50.520 [TX] - 56 69 56 4F 74 65 63 68 32 00 2C 07 00 02 31 8A 7B 1E 
2026/9/30 15:36:50.530 [RX] - 56 69 56 4F 74 65 63 68 32 00 2C 00 00 10 8B 00 00 00 00 00 00 00 00 00 00 00 00 00 00 00 83 1D  Read Block OK

2026/9/30 15:36:50.530 [RX] - 00 00 00 00 00 00 00 00 00 00 00 00 00 00 00 00 00 00 00 00 00 00 00 00 00 00 00 00 00 00 00  
--- Read Block #139 ---

 i = 139

2026/9/30 15:36:50.572 [TX] - 56 69 56 4F 74 65 63 68 32 00 2C 07 00 02 31 8B 6B 3F 
2026/9/30 15:36:50.580 [RX] - 56 69 56 4F 74 65 63 68 32 00 2C 00 00 10 8C 00 00 00 00 00 00 00 00 00 00 00 00 00 00 00 EB 82  Read Block OK

2026/9/30 15:36:50.580 [RX] - 00 00 00 00 00 00 00 00 00 00 00 00 00 00 00 00 00 00 00 00 00 00 00 00 00 00 00 00 00 00 00  
Mifare auth - 140

2026/9/30 15:36:50.708 [TX] - 56 69 56 4F 74 65 63 68 32 00 2C 06 00 08 8C 01 FF FF FF FF FF FF E0 2D 
2026/9/30 15:36:50.720 [RX] - 56 69 56 4F 74 65 63 68 32 00 2C 00 00 00 1C 9B  PT command (OK)

2026/9/30 15:36:50.720 [RX] - 00 00 00 00 00 00 00 00 00 00 00 00 00 00 00 00 00 00 00 00 00 00 00 00 00 00 00 00 00 00 00 00 00 00 00 00 00 00 00 00 00 00 00 00 00 00 00  
--- Read Block #140 ---

 i = 140

2026/9/30 15:36:50.757 [TX] - 56 69 56 4F 74 65 63 68 32 00 2C 07 00 02 31 8C 1B D8 
2026/9/30 15:36:50.766 [RX] - 56 69 56 4F 74 65 63 68 32 00 2C 00 00 10 8D 00 00 00 00 00 00 00 00 00 00 00 00 00 00 00 43 A6  Read Block OK

2026/9/30 15:36:50.766 [RX] - 00 00 00 00 00 00 00 00 00 00 00 00 00 00 00 00 00 00 00 00 00 00 00 00 00 00 00 00 00 00 00  
--- Read Block #141 ---

 i = 141

2026/9/30 15:36:50.795 [TX] - 56 69 56 4F 74 65 63 68 32 00 2C 07 00 02 31 8D 0B F9 
2026/9/30 15:36:50.809 [RX] - 56 69 56 4F 74 65 63 68 32 00 2C 00 00 10 8E 00 00 00 00 00 00 00 00 00 00 00 00 00 00 00 AB EB  Read Block OK

2026/9/30 15:36:50.809 [RX] - 00 00 00 00 00 00 00 00 00 00 00 00 00 00 00 00 00 00 00 00 00 00 00 00 00 00 00 00 00 00 00  
--- Read Block #142 ---

 i = 142

2026/9/30 15:36:50.837 [TX] - 56 69 56 4F 74 65 63 68 32 00 2C 07 00 02 31 8E 3B 9A 
2026/9/30 15:36:50.846 [RX] - 56 69 56 4F 74 65 63 68 32 00 2C 00 00 10 8F 00 00 00 00 00 00 00 00 00 00 00 00 00 00 00 03 CF  Read Block OK

2026/9/30 15:36:50.846 [RX] - 00 00 00 00 00 00 00 00 00 00 00 00 00 00 00 00 00 00 00 00 00 00 00 00 00 00 00 00 00 00 00  
--- Read Block #143 ---

 i = 143

2026/9/30 15:36:50.878 [TX] - 56 69 56 4F 74 65 63 68 32 00 2C 07 00 02 31 8F 2B BB 
2026/9/30 15:36:50.886 [RX] - 56 69 56 4F 74 65 63 68 32 00 2C 00 00 10 00 00 00 00 00 00 FF 07 80 69 FF FF FF FF FF FF 5C 83  Read Block OK

2026/9/30 15:36:50.886 [RX] - 00 00 00 00 00 00 00 00 00 00 00 00 00 00 00 00 00 00 00 00 00 00 00 00 00 00 00 00 00 00 00  
Mifare auth - 144

2026/9/30 15:36:51.018 [TX] - 56 69 56 4F 74 65 63 68 32 00 2C 06 00 08 90 01 FF FF FF FF FF FF CC 2E 
2026/9/30 15:36:51.030 [RX] - 56 69 56 4F 74 65 63 68 32 00 2C 00 00 00 1C 9B  PT command (OK)

2026/9/30 15:36:51.030 [RX] - 00 00 00 00 00 00 00 00 00 00 00 00 00 00 00 00 00 00 00 00 00 00 00 00 00 00 00 00 00 00 00 00 00 00 00 00 00 00 00 00 00 00 00 00 00 00 00  
--- Read Block #144 ---

 i = 144

2026/9/30 15:36:51.071 [TX] - 56 69 56 4F 74 65 63 68 32 00 2C 07 00 02 31 90 C8 65 
2026/9/30 15:36:51.088 [RX] - 56 69 56 4F 74 65 63 68 32 00 2C 00 00 10 91 00 00 00 00 00 00 00 00 00 00 00 00 00 00 00 F1 FB  Read Block OK

2026/9/30 15:36:51.088 [RX] - 00 00 00 00 00 00 00 00 00 00 00 00 00 00 00 00 00 00 00 00 00 00 00 00 00 00 00 00 00 00 00  
--- Read Block #145 ---

 i = 145

2026/9/30 15:36:51.122 [TX] - 56 69 56 4F 74 65 63 68 32 00 2C 07 00 02 31 91 D8 44 
2026/9/30 15:36:51.135 [RX] - 56 69 56 4F 74 65 63 68 32 00 2C 00 00 10 92 00 00 00 00 00 00 00 00 00 00 00 00 00 00 00 19 B6  Read Block OK

2026/9/30 15:36:51.135 [RX] - 00 00 00 00 00 00 00 00 00 00 00 00 00 00 00 00 00 00 00 00 00 00 00 00 00 00 00 00 00 00 00  
--- Read Block #146 ---

 i = 146

2026/9/30 15:36:51.178 [TX] - 56 69 56 4F 74 65 63 68 32 00 2C 07 00 02 31 92 E8 27 
2026/9/30 15:36:51.187 [RX] - 56 69 56 4F 74 65 63 68 32 00 2C 00 00 10 93 00 00 00 00 00 00 00 00 00 00 00 00 00 00 00 B1 92  Read Block OK

2026/9/30 15:36:51.187 [RX] - 00 00 00 00 00 00 00 00 00 00 00 00 00 00 00 00 00 00 00 00 00 00 00 00 00 00 00 00 00 00 00  
--- Read Block #147 ---

 i = 147

2026/9/30 15:36:51.217 [TX] - 56 69 56 4F 74 65 63 68 32 00 2C 07 00 02 31 93 F8 06 
2026/9/30 15:36:51.228 [RX] - 56 69 56 4F 74 65 63 68 32 00 2C 00 00 10 94 00 00 00 00 00 00 00 00 00 00 00 00 00 00 00 D9 0D  Read Block OK

2026/9/30 15:36:51.228 [RX] - 00 00 00 00 00 00 00 00 00 00 00 00 00 00 00 00 00 00 00 00 00 00 00 00 00 00 00 00 00 00 00  
Mifare auth - 148

2026/9/30 15:36:51.361 [TX] - 56 69 56 4F 74 65 63 68 32 00 2C 06 00 08 94 01 FF FF FF FF FF FF C3 43 
2026/9/30 15:36:51.392 [RX] - 56 69 56 4F 74 65 63 68 32 00 2C 00 00 00 1C 9B  PT command (OK)

2026/9/30 15:36:51.392 [RX] - 00 00 00 00 00 00 00 00 00 00 00 00 00 00 00 00 00 00 00 00 00 00 00 00 00 00 00 00 00 00 00 00 00 00 00 00 00 00 00 00 00 00 00 00 00 00 00  
--- Read Block #148 ---

 i = 148

2026/9/30 15:36:51.423 [TX] - 56 69 56 4F 74 65 63 68 32 00 2C 07 00 02 31 94 88 E1 
2026/9/30 15:36:51.431 [RX] - 56 69 56 4F 74 65 63 68 32 00 2C 00 00 10 95 00 00 00 00 00 00 00 00 00 00 00 00 00 00 00 71 29  Read Block OK

2026/9/30 15:36:51.431 [RX] - 00 00 00 00 00 00 00 00 00 00 00 00 00 00 00 00 00 00 00 00 00 00 00 00 00 00 00 00 00 00 00  
--- Read Block #149 ---

 i = 149

2026/9/30 15:36:51.462 [TX] - 56 69 56 4F 74 65 63 68 32 00 2C 07 00 02 31 95 98 C0 
2026/9/30 15:36:51.478 [RX] - 56 69 56 4F 74 65 63 68 32 00 2C 00 00 10 96 00 00 00 00 00 00 00 00 00 00 00 00 00 00 00 99 64  Read Block OK

2026/9/30 15:36:51.478 [RX] - 00 00 00 00 00 00 00 00 00 00 00 00 00 00 00 00 00 00 00 00 00 00 00 00 00 00 00 00 00 00 00  
--- Read Block #150 ---

 i = 150

2026/9/30 15:36:51.506 [TX] - 56 69 56 4F 74 65 63 68 32 00 2C 07 00 02 31 96 A8 A3 
2026/9/30 15:36:51.514 [RX] - 56 69 56 4F 74 65 63 68 32 00 2C 00 00 10 97 00 00 00 00 00 00 00 00 00 00 00 00 00 00 00 31 40  Read Block OK

2026/9/30 15:36:51.514 [RX] - 00 00 00 00 00 00 00 00 00 00 00 00 00 00 00 00 00 00 00 00 00 00 00 00 00 00 00 00 00 00 00  
--- Read Block #151 ---

 i = 151

2026/9/30 15:36:51.545 [TX] - 56 69 56 4F 74 65 63 68 32 00 2C 07 00 02 31 97 B8 82 
2026/9/30 15:36:51.556 [RX] - 56 69 56 4F 74 65 63 68 32 00 2C 00 00 10 98 00 00 00 00 00 00 00 00 00 00 00 00 00 00 00 48 5A  Read Block OK

2026/9/30 15:36:51.556 [RX] - 00 00 00 00 00 00 00 00 00 00 00 00 00 00 00 00 00 00 00 00 00 00 00 00 00 00 00 00 00 00 00  
Mifare auth - 152

2026/9/30 15:36:51.688 [TX] - 56 69 56 4F 74 65 63 68 32 00 2C 06 00 08 98 01 FF FF FF FF FF FF D2 F4 
2026/9/30 15:36:51.700 [RX] - 56 69 56 4F 74 65 63 68 32 00 2C 00 00 00 1C 9B  PT command (OK)

2026/9/30 15:36:51.700 [RX] - 00 00 00 00 00 00 00 00 00 00 00 00 00 00 00 00 00 00 00 00 00 00 00 00 00 00 00 00 00 00 00 00 00 00 00 00 00 00 00 00 00 00 00 00 00 00 00  
--- Read Block #152 ---

 i = 152

2026/9/30 15:36:51.735 [TX] - 56 69 56 4F 74 65 63 68 32 00 2C 07 00 02 31 98 49 6D 
2026/9/30 15:36:51.744 [RX] - 56 69 56 4F 74 65 63 68 32 00 2C 00 00 10 99 00 00 00 00 00 00 00 00 00 00 00 00 00 00 00 E0 7E  Read Block OK

2026/9/30 15:36:51.744 [RX] - 00 00 00 00 00 00 00 00 00 00 00 00 00 00 00 00 00 00 00 00 00 00 00 00 00 00 00 00 00 00 00  
--- Read Block #153 ---

 i = 153

2026/9/30 15:36:51.773 [TX] - 56 69 56 4F 74 65 63 68 32 00 2C 07 00 02 31 99 59 4C 
2026/9/30 15:36:51.782 [RX] - 56 69 56 4F 74 65 63 68 32 00 2C 00 00 10 9A 00 00 00 00 00 00 00 00 00 00 00 00 00 00 00 08 33  Read Block OK

2026/9/30 15:36:51.782 [RX] - 00 00 00 00 00 00 00 00 00 00 00 00 00 00 00 00 00 00 00 00 00 00 00 00 00 00 00 00 00 00 00  
--- Read Block #154 ---

 i = 154

2026/9/30 15:36:51.813 [TX] - 56 69 56 4F 74 65 63 68 32 00 2C 07 00 02 31 9A 69 2F 
2026/9/30 15:36:51.821 [RX] - 56 69 56 4F 74 65 63 68 32 00 2C 00 00 10 9B 00 00 00 00 00 00 00 00 00 00 00 00 00 00 00 A0 17  Read Block OK

2026/9/30 15:36:51.821 [RX] - 00 00 00 00 00 00 00 00 00 00 00 00 00 00 00 00 00 00 00 00 00 00 00 00 00 00 00 00 00 00 00  
--- Read Block #155 ---

 i = 155

2026/9/30 15:36:51.855 [TX] - 56 69 56 4F 74 65 63 68 32 00 2C 07 00 02 31 9B 79 0E 
2026/9/30 15:36:51.868 [RX] - 56 69 56 4F 74 65 63 68 32 00 2C 00 00 10 9C 00 00 00 00 00 00 00 00 00 00 00 00 00 00 00 C8 88  Read Block OK

2026/9/30 15:36:51.868 [RX] - 00 00 00 00 00 00 00 00 00 00 00 00 00 00 00 00 00 00 00 00 00 00 00 00 00 00 00 00 00 00 00  
Mifare auth - 156

2026/9/30 15:36:52.018 [TX] - 56 69 56 4F 74 65 63 68 32 00 2C 06 00 08 9C 01 FF FF FF FF FF FF DD 99 
2026/9/30 15:36:52.029 [RX] - 56 69 56 4F 74 65 63 68 32 00 2C 00 00 00 1C 9B  PT command (OK)

2026/9/30 15:36:52.029 [RX] - 00 00 00 00 00 00 00 00 00 00 00 00 00 00 00 00 00 00 00 00 00 00 00 00 00 00 00 00 00 00 00 00 00 00 00 00 00 00 00 00 00 00 00 00 00 00 00  
--- Read Block #156 ---

 i = 156

2026/9/30 15:36:52.073 [TX] - 56 69 56 4F 74 65 63 68 32 00 2C 07 00 02 31 9C 09 E9 
2026/9/30 15:36:52.087 [RX] - 56 69 56 4F 74 65 63 68 32 00 2C 00 00 10 9D 00 00 00 00 00 00 00 00 00 00 00 00 00 00 00 60 AC  Read Block OK

2026/9/30 15:36:52.087 [RX] - 00 00 00 00 00 00 00 00 00 00 00 00 00 00 00 00 00 00 00 00 00 00 00 00 00 00 00 00 00 00 00  
--- Read Block #157 ---

 i = 157

2026/9/30 15:36:52.113 [TX] - 56 69 56 4F 74 65 63 68 32 00 2C 07 00 02 31 9D 19 C8 
2026/9/30 15:36:52.122 [RX] - 56 69 56 4F 74 65 63 68 32 00 2C 00 00 10 9E 00 00 00 00 00 00 00 00 00 00 00 00 00 00 00 88 E1  Read Block OK

2026/9/30 15:36:52.122 [RX] - 00 00 00 00 00 00 00 00 00 00 00 00 00 00 00 00 00 00 00 00 00 00 00 00 00 00 00 00 00 00 00  
--- Read Block #158 ---

 i = 158

2026/9/30 15:36:52.155 [TX] - 56 69 56 4F 74 65 63 68 32 00 2C 07 00 02 31 9E 29 AB 
2026/9/30 15:36:52.165 [RX] - 56 69 56 4F 74 65 63 68 32 00 2C 00 00 10 9F 00 00 00 00 00 00 00 00 00 00 00 00 00 00 00 20 C5  Read Block OK

2026/9/30 15:36:52.165 [RX] - 00 00 00 00 00 00 00 00 00 00 00 00 00 00 00 00 00 00 00 00 00 00 00 00 00 00 00 00 00 00 00  
--- Read Block #159 ---

 i = 159

2026/9/30 15:36:52.196 [TX] - 56 69 56 4F 74 65 63 68 32 00 2C 07 00 02 31 9F 39 8A 
2026/9/30 15:36:52.212 [RX] - 56 69 56 4F 74 65 63 68 32 00 2C 00 00 10 00 00 00 00 00 00 FF 07 80 69 FF FF FF FF FF FF 5C 83  Read Block OK

2026/9/30 15:36:52.212 [RX] - 00 00 00 00 00 00 00 00 00 00 00 00 00 00 00 00 00 00 00 00 00 00 00 00 00 00 00 00 00 00 00  
Mifare auth - 160

2026/9/30 15:36:52.331 [TX] - 56 69 56 4F 74 65 63 68 32 00 2C 06 00 08 A0 01 FF FF FF FF FF FF 8A F2 
2026/9/30 15:36:52.343 [RX] - 56 69 56 4F 74 65 63 68 32 00 2C 00 00 00 1C 9B  PT command (OK)

2026/9/30 15:36:52.343 [RX] - 00 00 00 00 00 00 00 00 00 00 00 00 00 00 00 00 00 00 00 00 00 00 00 00 00 00 00 00 00 00 00 00 00 00 00 00 00 00 00 00 00 00 00 00 00 00 00  
--- Read Block #160 ---

 i = 160

2026/9/30 15:36:52.380 [TX] - 56 69 56 4F 74 65 63 68 32 00 2C 07 00 02 31 A0 FE 36 
2026/9/30 15:36:52.389 [RX] - 56 69 56 4F 74 65 63 68 32 00 2C 00 00 10 A1 00 00 00 00 00 00 00 00 00 00 00 00 00 00 00 94 E5  Read Block OK

2026/9/30 15:36:52.389 [RX] - 00 00 00 00 00 00 00 00 00 00 00 00 00 00 00 00 00 00 00 00 00 00 00 00 00 00 00 00 00 00 00  
--- Read Block #161 ---

 i = 161

2026/9/30 15:36:52.423 [TX] - 56 69 56 4F 74 65 63 68 32 00 2C 07 00 02 31 A1 EE 17 
2026/9/30 15:36:52.433 [RX] - 56 69 56 4F 74 65 63 68 32 00 2C 00 00 10 A2 00 00 00 00 00 00 00 00 00 00 00 00 00 00 00 7C A8  Read Block OK

2026/9/30 15:36:52.433 [RX] - 00 00 00 00 00 00 00 00 00 00 00 00 00 00 00 00 00 00 00 00 00 00 00 00 00 00 00 00 00 00 00  
--- Read Block #162 ---

 i = 162

2026/9/30 15:36:52.462 [TX] - 56 69 56 4F 74 65 63 68 32 00 2C 07 00 02 31 A2 DE 74 
2026/9/30 15:36:52.471 [RX] - 56 69 56 4F 74 65 63 68 32 00 2C 00 00 10 A3 00 00 00 00 00 00 00 00 00 00 00 00 00 00 00 D4 8C  Read Block OK

2026/9/30 15:36:52.471 [RX] - 00 00 00 00 00 00 00 00 00 00 00 00 00 00 00 00 00 00 00 00 00 00 00 00 00 00 00 00 00 00 00  
--- Read Block #163 ---

 i = 163

2026/9/30 15:36:52.506 [TX] - 56 69 56 4F 74 65 63 68 32 00 2C 07 00 02 31 A3 CE 55 
2026/9/30 15:36:52.515 [RX] - 56 69 56 4F 74 65 63 68 32 00 2C 00 00 10 A4 00 00 00 00 00 00 00 00 00 00 00 00 00 00 00 BC 13  Read Block OK

2026/9/30 15:36:52.515 [RX] - 00 00 00 00 00 00 00 00 00 00 00 00 00 00 00 00 00 00 00 00 00 00 00 00 00 00 00 00 00 00 00  
Mifare auth - 164

2026/9/30 15:36:52.643 [TX] - 56 69 56 4F 74 65 63 68 32 00 2C 06 00 08 A4 01 FF FF FF FF FF FF 85 9F 
2026/9/30 15:36:52.655 [RX] - 56 69 56 4F 74 65 63 68 32 00 2C 00 00 00 1C 9B  PT command (OK)

2026/9/30 15:36:52.655 [RX] - 00 00 00 00 00 00 00 00 00 00 00 00 00 00 00 00 00 00 00 00 00 00 00 00 00 00 00 00 00 00 00 00 00 00 00 00 00 00 00 00 00 00 00 00 00 00 00  
--- Read Block #164 ---

 i = 164

2026/9/30 15:36:52.693 [TX] - 56 69 56 4F 74 65 63 68 32 00 2C 07 00 02 31 A4 BE B2 
2026/9/30 15:36:52.701 [RX] - 56 69 56 4F 74 65 63 68 32 00 2C 00 00 10 A5 00 00 00 00 00 00 00 00 00 00 00 00 00 00 00 14 37  Read Block OK

2026/9/30 15:36:52.701 [RX] - 00 00 00 00 00 00 00 00 00 00 00 00 00 00 00 00 00 00 00 00 00 00 00 00 00 00 00 00 00 00 00  
--- Read Block #165 ---

 i = 165

2026/9/30 15:36:52.730 [TX] - 56 69 56 4F 74 65 63 68 32 00 2C 07 00 02 31 A5 AE 93 
2026/9/30 15:36:52.743 [RX] - 56 69 56 4F 74 65 63 68 32 00 2C 00 00 10 A6 00 00 00 00 00 00 00 00 00 00 00 00 00 00 00 FC 7A  Read Block OK

2026/9/30 15:36:52.743 [RX] - 00 00 00 00 00 00 00 00 00 00 00 00 00 00 00 00 00 00 00 00 00 00 00 00 00 00 00 00 00 00 00  
--- Read Block #166 ---

 i = 166

2026/9/30 15:36:52.773 [TX] - 56 69 56 4F 74 65 63 68 32 00 2C 07 00 02 31 A6 9E F0 
2026/9/30 15:36:52.782 [RX] - 56 69 56 4F 74 65 63 68 32 00 2C 00 00 10 A7 00 00 00 00 00 00 00 00 00 00 00 00 00 00 00 54 5E  Read Block OK

2026/9/30 15:36:52.782 [RX] - 00 00 00 00 00 00 00 00 00 00 00 00 00 00 00 00 00 00 00 00 00 00 00 00 00 00 00 00 00 00 00  
--- Read Block #167 ---

 i = 167

2026/9/30 15:36:52.814 [TX] - 56 69 56 4F 74 65 63 68 32 00 2C 07 00 02 31 A7 8E D1 
2026/9/30 15:36:52.823 [RX] - 56 69 56 4F 74 65 63 68 32 00 2C 00 00 10 A8 00 00 00 00 00 00 00 00 00 00 00 00 00 00 00 2D 44  Read Block OK

2026/9/30 15:36:52.823 [RX] - 00 00 00 00 00 00 00 00 00 00 00 00 00 00 00 00 00 00 00 00 00 00 00 00 00 00 00 00 00 00 00  
Mifare auth - 168

2026/9/30 15:36:52.956 [TX] - 56 69 56 4F 74 65 63 68 32 00 2C 06 00 08 A8 01 FF FF FF FF FF FF 94 28 
2026/9/30 15:36:52.967 [RX] - 56 69 56 4F 74 65 63 68 32 00 2C 00 00 00 1C 9B  PT command (OK)

2026/9/30 15:36:52.967 [RX] - 00 00 00 00 00 00 00 00 00 00 00 00 00 00 00 00 00 00 00 00 00 00 00 00 00 00 00 00 00 00 00 00 00 00 00 00 00 00 00 00 00 00 00 00 00 00 00  
--- Read Block #168 ---

 i = 168

2026/9/30 15:36:52.996 [TX] - 56 69 56 4F 74 65 63 68 32 00 2C 07 00 02 31 A8 7F 3E 
2026/9/30 15:36:53.009 [RX] - 56 69 56 4F 74 65 63 68 32 00 2C 00 00 10 A9 00 00 00 00 00 00 00 00 00 00 00 00 00 00 00 85 60  Read Block OK

2026/9/30 15:36:53.009 [RX] - 00 00 00 00 00 00 00 00 00 00 00 00 00 00 00 00 00 00 00 00 00 00 00 00 00 00 00 00 00 00 00  
--- Read Block #169 ---

 i = 169

2026/9/30 15:36:53.052 [TX] - 56 69 56 4F 74 65 63 68 32 00 2C 07 00 02 31 A9 6F 1F 
2026/9/30 15:36:53.060 [RX] - 56 69 56 4F 74 65 63 68 32 00 2C 00 00 10 AA 00 00 00 00 00 00 00 00 00 00 00 00 00 00 00 6D 2D  Read Block OK

2026/9/30 15:36:53.060 [RX] - 00 00 00 00 00 00 00 00 00 00 00 00 00 00 00 00 00 00 00 00 00 00 00 00 00 00 00 00 00 00 00  
--- Read Block #170 ---

 i = 170

2026/9/30 15:36:53.090 [TX] - 56 69 56 4F 74 65 63 68 32 00 2C 07 00 02 31 AA 5F 7C 
2026/9/30 15:36:53.102 [RX] - 56 69 56 4F 74 65 63 68 32 00 2C 00 00 10 AB 00 00 00 00 00 00 00 00 00 00 00 00 00 00 00 C5 09  Read Block OK

2026/9/30 15:36:53.102 [RX] - 00 00 00 00 00 00 00 00 00 00 00 00 00 00 00 00 00 00 00 00 00 00 00 00 00 00 00 00 00 00 00  
--- Read Block #171 ---

 i = 171

2026/9/30 15:36:53.132 [TX] - 56 69 56 4F 74 65 63 68 32 00 2C 07 00 02 31 AB 4F 5D 
2026/9/30 15:36:53.140 [RX] - 56 69 56 4F 74 65 63 68 32 00 2C 00 00 10 AC 00 00 00 00 00 00 00 00 00 00 00 00 00 00 00 AD 96  Read Block OK

2026/9/30 15:36:53.140 [RX] - 00 00 00 00 00 00 00 00 00 00 00 00 00 00 00 00 00 00 00 00 00 00 00 00 00 00 00 00 00 00 00  
Mifare auth - 172

2026/9/30 15:36:53.268 [TX] - 56 69 56 4F 74 65 63 68 32 00 2C 06 00 08 AC 01 FF FF FF FF FF FF 9B 45 
2026/9/30 15:36:53.280 [RX] - 56 69 56 4F 74 65 63 68 32 00 2C 00 00 00 1C 9B  PT command (OK)

2026/9/30 15:36:53.280 [RX] - 00 00 00 00 00 00 00 00 00 00 00 00 00 00 00 00 00 00 00 00 00 00 00 00 00 00 00 00 00 00 00 00 00 00 00 00 00 00 00 00 00 00 00 00 00 00 00  
--- Read Block #172 ---

 i = 172

2026/9/30 15:36:53.319 [TX] - 56 69 56 4F 74 65 63 68 32 00 2C 07 00 02 31 AC 3F BA 
2026/9/30 15:36:53.327 [RX] - 56 69 56 4F 74 65 63 68 32 00 2C 00 00 10 AD 00 00 00 00 00 00 00 00 00 00 00 00 00 00 00 05 B2  Read Block OK

2026/9/30 15:36:53.327 [RX] - 00 00 00 00 00 00 00 00 00 00 00 00 00 00 00 00 00 00 00 00 00 00 00 00 00 00 00 00 00 00 00  
--- Read Block #173 ---

 i = 173

2026/9/30 15:36:53.357 [TX] - 56 69 56 4F 74 65 63 68 32 00 2C 07 00 02 31 AD 2F 9B 
2026/9/30 15:36:53.368 [RX] - 56 69 56 4F 74 65 63 68 32 00 2C 00 00 10 AE 00 00 00 00 00 00 00 00 00 00 00 00 00 00 00 ED FF  Read Block OK

2026/9/30 15:36:53.368 [RX] - 00 00 00 00 00 00 00 00 00 00 00 00 00 00 00 00 00 00 00 00 00 00 00 00 00 00 00 00 00 00 00  
--- Read Block #174 ---

 i = 174

2026/9/30 15:36:53.396 [TX] - 56 69 56 4F 74 65 63 68 32 00 2C 07 00 02 31 AE 1F F8 
2026/9/30 15:36:53.405 [RX] - 56 69 56 4F 74 65 63 68 32 00 2C 00 00 10 AF 00 00 00 00 00 00 00 00 00 00 00 00 00 00 00 45 DB  Read Block OK

2026/9/30 15:36:53.405 [RX] - 00 00 00 00 00 00 00 00 00 00 00 00 00 00 00 00 00 00 00 00 00 00 00 00 00 00 00 00 00 00 00  
--- Read Block #175 ---

 i = 175

2026/9/30 15:36:53.440 [TX] - 56 69 56 4F 74 65 63 68 32 00 2C 07 00 02 31 AF 0F D9 
2026/9/30 15:36:53.449 [RX] - 56 69 56 4F 74 65 63 68 32 00 2C 00 00 10 00 00 00 00 00 00 FF 07 80 69 FF FF FF FF FF FF 5C 83  Read Block OK

2026/9/30 15:36:53.449 [RX] - 00 00 00 00 00 00 00 00 00 00 00 00 00 00 00 00 00 00 00 00 00 00 00 00 00 00 00 00 00 00 00  
Mifare auth - 176

2026/9/30 15:36:53.581 [TX] - 56 69 56 4F 74 65 63 68 32 00 2C 06 00 08 B0 01 FF FF FF FF FF FF B7 46 
2026/9/30 15:36:53.592 [RX] - 56 69 56 4F 74 65 63 68 32 00 2C 00 00 00 1C 9B  PT command (OK)

2026/9/30 15:36:53.592 [RX] - 00 00 00 00 00 00 00 00 00 00 00 00 00 00 00 00 00 00 00 00 00 00 00 00 00 00 00 00 00 00 00 00 00 00 00 00 00 00 00 00 00 00 00 00 00 00 00  
--- Read Block #176 ---

 i = 176

2026/9/30 15:36:53.623 [TX] - 56 69 56 4F 74 65 63 68 32 00 2C 07 00 02 31 B0 EC 07 
2026/9/30 15:36:53.634 [RX] - 56 69 56 4F 74 65 63 68 32 00 2C 00 00 10 B1 00 00 00 00 00 00 00 00 00 00 00 00 00 00 00 B7 EF  Read Block OK

2026/9/30 15:36:53.634 [RX] - 00 00 00 00 00 00 00 00 00 00 00 00 00 00 00 00 00 00 00 00 00 00 00 00 00 00 00 00 00 00 00  
--- Read Block #177 ---

 i = 177

2026/9/30 15:36:53.664 [TX] - 56 69 56 4F 74 65 63 68 32 00 2C 07 00 02 31 B1 FC 26 
2026/9/30 15:36:53.681 [RX] - 56 69 56 4F 74 65 63 68 32 00 2C 00 00 10 B2 00 00 00 00 00 00 00 00 00 00 00 00 00 00 00 5F A2  Read Block OK

2026/9/30 15:36:53.681 [RX] - 00 00 00 00 00 00 00 00 00 00 00 00 00 00 00 00 00 00 00 00 00 00 00 00 00 00 00 00 00 00 00  
--- Read Block #178 ---

 i = 178

2026/9/30 15:36:53.710 [TX] - 56 69 56 4F 74 65 63 68 32 00 2C 07 00 02 31 B2 CC 45 
2026/9/30 15:36:53.719 [RX] - 56 69 56 4F 74 65 63 68 32 00 2C 00 00 10 B3 00 00 00 00 00 00 00 00 00 00 00 00 00 00 00 F7 86  Read Block OK

2026/9/30 15:36:53.719 [RX] - 00 00 00 00 00 00 00 00 00 00 00 00 00 00 00 00 00 00 00 00 00 00 00 00 00 00 00 00 00 00 00  
--- Read Block #179 ---

 i = 179

2026/9/30 15:36:53.748 [TX] - 56 69 56 4F 74 65 63 68 32 00 2C 07 00 02 31 B3 DC 64 
2026/9/30 15:36:53.759 [RX] - 56 69 56 4F 74 65 63 68 32 00 2C 00 00 10 B4 00 00 00 00 00 00 00 00 00 00 00 00 00 00 00 9F 19  Read Block OK

2026/9/30 15:36:53.759 [RX] - 00 00 00 00 00 00 00 00 00 00 00 00 00 00 00 00 00 00 00 00 00 00 00 00 00 00 00 00 00 00 00  
Mifare auth - 180

2026/9/30 15:36:53.893 [TX] - 56 69 56 4F 74 65 63 68 32 00 2C 06 00 08 B4 01 FF FF FF FF FF FF B8 2B 
2026/9/30 15:36:53.905 [RX] - 56 69 56 4F 74 65 63 68 32 00 2C 00 00 00 1C 9B  PT command (OK)

2026/9/30 15:36:53.905 [RX] - 00 00 00 00 00 00 00 00 00 00 00 00 00 00 00 00 00 00 00 00 00 00 00 00 00 00 00 00 00 00 00 00 00 00 00 00 00 00 00 00 00 00 00 00 00 00 00  
--- Read Block #180 ---

 i = 180

2026/9/30 15:36:53.944 [TX] - 56 69 56 4F 74 65 63 68 32 00 2C 07 00 02 31 B4 AC 83 
2026/9/30 15:36:53.953 [RX] - 56 69 56 4F 74 65 63 68 32 00 2C 00 00 10 B5 00 00 00 00 00 00 00 00 00 00 00 00 00 00 00 37 3D  Read Block OK

2026/9/30 15:36:53.953 [RX] - 00 00 00 00 00 00 00 00 00 00 00 00 00 00 00 00 00 00 00 00 00 00 00 00 00 00 00 00 00 00 00  
--- Read Block #181 ---

 i = 181

2026/9/30 15:36:53.983 [TX] - 56 69 56 4F 74 65 63 68 32 00 2C 07 00 02 31 B5 BC A2 
2026/9/30 15:36:53.993 [RX] - 56 69 56 4F 74 65 63 68 32 00 2C 00 00 10 B6 00 00 00 00 00 00 00 00 00 00 00 00 00 00 00 DF 70  Read Block OK

2026/9/30 15:36:53.993 [RX] - 00 00 00 00 00 00 00 00 00 00 00 00 00 00 00 00 00 00 00 00 00 00 00 00 00 00 00 00 00 00 00  
--- Read Block #182 ---

 i = 182

2026/9/30 15:36:54.023 [TX] - 56 69 56 4F 74 65 63 68 32 00 2C 07 00 02 31 B6 8C C1 
2026/9/30 15:36:54.040 [RX] - 56 69 56 4F 74 65 63 68 32 00 2C 00 00 10 B7 00 00 00 00 00 00 00 00 00 00 00 00 00 00 00 77 54  Read Block OK

2026/9/30 15:36:54.040 [RX] - 00 00 00 00 00 00 00 00 00 00 00 00 00 00 00 00 00 00 00 00 00 00 00 00 00 00 00 00 00 00 00  
--- Read Block #183 ---

 i = 183

2026/9/30 15:36:54.067 [TX] - 56 69 56 4F 74 65 63 68 32 00 2C 07 00 02 31 B7 9C E0 
2026/9/30 15:36:54.076 [RX] - 56 69 56 4F 74 65 63 68 32 00 2C 00 00 10 B8 00 00 00 00 00 00 00 00 00 00 00 00 00 00 00 0E 4E  Read Block OK

2026/9/30 15:36:54.076 [RX] - 00 00 00 00 00 00 00 00 00 00 00 00 00 00 00 00 00 00 00 00 00 00 00 00 00 00 00 00 00 00 00  
Mifare auth - 184

2026/9/30 15:36:54.207 [TX] - 56 69 56 4F 74 65 63 68 32 00 2C 06 00 08 B8 01 FF FF FF FF FF FF A9 9C 
2026/9/30 15:36:54.219 [RX] - 56 69 56 4F 74 65 63 68 32 00 2C 00 00 00 1C 9B  PT command (OK)

2026/9/30 15:36:54.219 [RX] - 00 00 00 00 00 00 00 00 00 00 00 00 00 00 00 00 00 00 00 00 00 00 00 00 00 00 00 00 00 00 00 00 00 00 00 00 00 00 00 00 00 00 00 00 00 00 00  
--- Read Block #184 ---

 i = 184

2026/9/30 15:36:54.247 [TX] - 56 69 56 4F 74 65 63 68 32 00 2C 07 00 02 31 B8 6D 0F 
2026/9/30 15:36:54.260 [RX] - 56 69 56 4F 74 65 63 68 32 00 2C 00 00 10 B9 00 00 00 00 00 00 00 00 00 00 00 00 00 00 00 A6 6A  Read Block OK

2026/9/30 15:36:54.260 [RX] - 00 00 00 00 00 00 00 00 00 00 00 00 00 00 00 00 00 00 00 00 00 00 00 00 00 00 00 00 00 00 00  
--- Read Block #185 ---

 i = 185

2026/9/30 15:36:54.307 [TX] - 56 69 56 4F 74 65 63 68 32 00 2C 07 00 02 31 B9 7D 2E 
2026/9/30 15:36:54.322 [RX] - 56 69 56 4F 74 65 63 68 32 00 2C 00 00 10 BA 00 00 00 00 00 00 00 00 00 00 00 00 00 00 00 4E 27  Read Block OK

2026/9/30 15:36:54.322 [RX] - 00 00 00 00 00 00 00 00 00 00 00 00 00 00 00 00 00 00 00 00 00 00 00 00 00 00 00 00 00 00 00  
--- Read Block #186 ---

 i = 186

2026/9/30 15:36:54.351 [TX] - 56 69 56 4F 74 65 63 68 32 00 2C 07 00 02 31 BA 4D 4D 
2026/9/30 15:36:54.359 [RX] - 56 69 56 4F 74 65 63 68 32 00 2C 00 00 10 BB 00 00 00 00 00 00 00 00 00 00 00 00 00 00 00 E6 03  Read Block OK

2026/9/30 15:36:54.359 [RX] - 00 00 00 00 00 00 00 00 00 00 00 00 00 00 00 00 00 00 00 00 00 00 00 00 00 00 00 00 00 00 00  
--- Read Block #187 ---

 i = 187

2026/9/30 15:36:54.391 [TX] - 56 69 56 4F 74 65 63 68 32 00 2C 07 00 02 31 BB 5D 6C 
2026/9/30 15:36:54.401 [RX] - 56 69 56 4F 74 65 63 68 32 00 2C 00 00 10 BC 00 00 00 00 00 00 00 00 00 00 00 00 00 00 00 8E 9C  Read Block OK

2026/9/30 15:36:54.401 [RX] - 00 00 00 00 00 00 00 00 00 00 00 00 00 00 00 00 00 00 00 00 00 00 00 00 00 00 00 00 00 00 00  
Mifare auth - 188

2026/9/30 15:36:54.536 [TX] - 56 69 56 4F 74 65 63 68 32 00 2C 06 00 08 BC 01 FF FF FF FF FF FF A6 F1 
2026/9/30 15:36:54.548 [RX] - 56 69 56 4F 74 65 63 68 32 00 2C 00 00 00 1C 9B  PT command (OK)

2026/9/30 15:36:54.548 [RX] - 00 00 00 00 00 00 00 00 00 00 00 00 00 00 00 00 00 00 00 00 00 00 00 00 00 00 00 00 00 00 00 00 00 00 00 00 00 00 00 00 00 00 00 00 00 00 00  
--- Read Block #188 ---

 i = 188

2026/9/30 15:36:54.585 [TX] - 56 69 56 4F 74 65 63 68 32 00 2C 07 00 02 31 BC 2D 8B 
2026/9/30 15:36:54.594 [RX] - 56 69 56 4F 74 65 63 68 32 00 2C 00 00 10 BD 00 00 00 00 00 00 00 00 00 00 00 00 00 00 00 26 B8  Read Block OK

2026/9/30 15:36:54.594 [RX] - 00 00 00 00 00 00 00 00 00 00 00 00 00 00 00 00 00 00 00 00 00 00 00 00 00 00 00 00 00 00 00  
--- Read Block #189 ---

 i = 189

2026/9/30 15:36:54.624 [TX] - 56 69 56 4F 74 65 63 68 32 00 2C 07 00 02 31 BD 3D AA 
2026/9/30 15:36:54.635 [RX] - 56 69 56 4F 74 65 63 68 32 00 2C 00 00 10 BE 00 00 00 00 00 00 00 00 00 00 00 00 00 00 00 CE F5  Read Block OK

2026/9/30 15:36:54.635 [RX] - 00 00 00 00 00 00 00 00 00 00 00 00 00 00 00 00 00 00 00 00 00 00 00 00 00 00 00 00 00 00 00  
--- Read Block #190 ---

 i = 190

2026/9/30 15:36:54.664 [TX] - 56 69 56 4F 74 65 63 68 32 00 2C 07 00 02 31 BE 0D C9 
2026/9/30 15:36:54.673 [RX] - 56 69 56 4F 74 65 63 68 32 00 2C 00 00 10 BF 00 00 00 00 00 00 00 00 00 00 00 00 00 00 00 66 D1  Read Block OK

2026/9/30 15:36:54.673 [RX] - 00 00 00 00 00 00 00 00 00 00 00 00 00 00 00 00 00 00 00 00 00 00 00 00 00 00 00 00 00 00 00  
--- Read Block #191 ---

 i = 191

2026/9/30 15:36:54.707 [TX] - 56 69 56 4F 74 65 63 68 32 00 2C 07 00 02 31 BF 1D E8 
2026/9/30 15:36:54.716 [RX] - 56 69 56 4F 74 65 63 68 32 00 2C 00 00 10 00 00 00 00 00 00 FF 07 80 69 FF FF FF FF FF FF 5C 83  Read Block OK

2026/9/30 15:36:54.716 [RX] - 00 00 00 00 00 00 00 00 00 00 00 00 00 00 00 00 00 00 00 00 00 00 00 00 00 00 00 00 00 00 00  
Mifare auth - 192

2026/9/30 15:36:54.844 [TX] - 56 69 56 4F 74 65 63 68 32 00 2C 06 00 08 C0 01 FF FF FF FF FF FF 07 4A 
2026/9/30 15:36:54.855 [RX] - 56 69 56 4F 74 65 63 68 32 00 2C 00 00 00 1C 9B  PT command (OK)

2026/9/30 15:36:54.855 [RX] - 00 00 00 00 00 00 00 00 00 00 00 00 00 00 00 00 00 00 00 00 00 00 00 00 00 00 00 00 00 00 00 00 00 00 00 00 00 00 00 00 00 00 00 00 00 00 00  
--- Read Block #192 ---

 i = 192

2026/9/30 15:36:54.882 [TX] - 56 69 56 4F 74 65 63 68 32 00 2C 07 00 02 31 C0 92 90 
2026/9/30 15:36:54.898 [RX] - 56 69 56 4F 74 65 63 68 32 00 2C 00 00 10 C1 00 00 00 00 00 00 00 00 00 00 00 00 00 00 00 5E D9  Read Block OK

2026/9/30 15:36:54.898 [RX] - 00 00 00 00 00 00 00 00 00 00 00 00 00 00 00 00 00 00 00 00 00 00 00 00 00 00 00 00 00 00 00  
--- Read Block #193 ---

 i = 193

2026/9/30 15:36:54.930 [TX] - 56 69 56 4F 74 65 63 68 32 00 2C 07 00 02 31 C1 82 B1 
2026/9/30 15:36:54.945 [RX] - 56 69 56 4F 74 65 63 68 32 00 2C 00 00 10 C2 00 00 00 00 00 00 00 00 00 00 00 00 00 00 00 B6 94  Read Block OK

2026/9/30 15:36:54.945 [RX] - 00 00 00 00 00 00 00 00 00 00 00 00 00 00 00 00 00 00 00 00 00 00 00 00 00 00 00 00 00 00 00  
--- Read Block #194 ---

 i = 194

2026/9/30 15:36:54.991 [TX] - 56 69 56 4F 74 65 63 68 32 00 2C 07 00 02 31 C2 B2 D2 
2026/9/30 15:36:54.999 [RX] - 56 69 56 4F 74 65 63 68 32 00 2C 00 00 10 C3 00 00 00 00 00 00 00 00 00 00 00 00 00 00 00 1E B0  Read Block OK

2026/9/30 15:36:54.999 [RX] - 00 00 00 00 00 00 00 00 00 00 00 00 00 00 00 00 00 00 00 00 00 00 00 00 00 00 00 00 00 00 00  
--- Read Block #195 ---

 i = 195

2026/9/30 15:36:55.031 [TX] - 56 69 56 4F 74 65 63 68 32 00 2C 07 00 02 31 C3 A2 F3 
2026/9/30 15:36:55.040 [RX] - 56 69 56 4F 74 65 63 68 32 00 2C 00 00 10 C4 00 00 00 00 00 00 00 00 00 00 00 00 00 00 00 76 2F  Read Block OK

2026/9/30 15:36:55.040 [RX] - 00 00 00 00 00 00 00 00 00 00 00 00 00 00 00 00 00 00 00 00 00 00 00 00 00 00 00 00 00 00 00  
Mifare auth - 196

2026/9/30 15:36:55.171 [TX] - 56 69 56 4F 74 65 63 68 32 00 2C 06 00 08 C4 01 FF FF FF FF FF FF 08 27 
2026/9/30 15:36:55.183 [RX] - 56 69 56 4F 74 65 63 68 32 00 2C 00 00 00 1C 9B  PT command (OK)

2026/9/30 15:36:55.183 [RX] - 00 00 00 00 00 00 00 00 00 00 00 00 00 00 00 00 00 00 00 00 00 00 00 00 00 00 00 00 00 00 00 00 00 00 00 00 00 00 00 00 00 00 00 00 00 00 00  
--- Read Block #196 ---

 i = 196

2026/9/30 15:36:55.225 [TX] - 56 69 56 4F 74 65 63 68 32 00 2C 07 00 02 31 C4 D2 14 
2026/9/30 15:36:55.239 [RX] - 56 69 56 4F 74 65 63 68 32 00 2C 00 00 10 C5 00 00 00 00 00 00 00 00 00 00 00 00 00 00 00 DE 0B  Read Block OK

2026/9/30 15:36:55.239 [RX] - 00 00 00 00 00 00 00 00 00 00 00 00 00 00 00 00 00 00 00 00 00 00 00 00 00 00 00 00 00 00 00  
--- Read Block #197 ---

 i = 197

2026/9/30 15:36:55.268 [TX] - 56 69 56 4F 74 65 63 68 32 00 2C 07 00 02 31 C5 C2 35 
2026/9/30 15:36:55.277 [RX] - 56 69 56 4F 74 65 63 68 32 00 2C 00 00 10 C6 00 00 00 00 00 00 00 00 00 00 00 00 00 00 00 36 46  Read Block OK

2026/9/30 15:36:55.277 [RX] - 00 00 00 00 00 00 00 00 00 00 00 00 00 00 00 00 00 00 00 00 00 00 00 00 00 00 00 00 00 00 00  
--- Read Block #198 ---

 i = 198

2026/9/30 15:36:55.307 [TX] - 56 69 56 4F 74 65 63 68 32 00 2C 07 00 02 31 C6 F2 56 
2026/9/30 15:36:55.317 [RX] - 56 69 56 4F 74 65 63 68 32 00 2C 00 00 10 C7 00 00 00 00 00 00 00 00 00 00 00 00 00 00 00 9E 62  Read Block OK

2026/9/30 15:36:55.317 [RX] - 00 00 00 00 00 00 00 00 00 00 00 00 00 00 00 00 00 00 00 00 00 00 00 00 00 00 00 00 00 00 00  
--- Read Block #199 ---

 i = 199

2026/9/30 15:36:55.349 [TX] - 56 69 56 4F 74 65 63 68 32 00 2C 07 00 02 31 C7 E2 77 
2026/9/30 15:36:55.364 [RX] - 56 69 56 4F 74 65 63 68 32 00 2C 00 00 10 C8 00 00 00 00 00 00 00 00 00 00 00 00 00 00 00 E7 78  Read Block OK

2026/9/30 15:36:55.364 [RX] - 00 00 00 00 00 00 00 00 00 00 00 00 00 00 00 00 00 00 00 00 00 00 00 00 00 00 00 00 00 00 00  
Mifare auth - 200

2026/9/30 15:36:55.498 [TX] - 56 69 56 4F 74 65 63 68 32 00 2C 06 00 08 C8 01 FF FF FF FF FF FF 19 90 
2026/9/30 15:36:55.510 [RX] - 56 69 56 4F 74 65 63 68 32 00 2C 00 00 00 1C 9B  PT command (OK)

2026/9/30 15:36:55.510 [RX] - 00 00 00 00 00 00 00 00 00 00 00 00 00 00 00 00 00 00 00 00 00 00 00 00 00 00 00 00 00 00 00 00 00 00 00 00 00 00 00 00 00 00 00 00 00 00 00  
--- Read Block #200 ---

 i = 200

2026/9/30 15:36:55.542 [TX] - 56 69 56 4F 74 65 63 68 32 00 2C 07 00 02 31 C8 13 98 
2026/9/30 15:36:55.552 [RX] - 56 69 56 4F 74 65 63 68 32 00 2C 00 00 10 C9 00 00 00 00 00 00 00 00 00 00 00 00 00 00 00 4F 5C  Read Block OK

2026/9/30 15:36:55.552 [RX] - 00 00 00 00 00 00 00 00 00 00 00 00 00 00 00 00 00 00 00 00 00 00 00 00 00 00 00 00 00 00 00  
--- Read Block #201 ---

 i = 201

2026/9/30 15:36:55.582 [TX] - 56 69 56 4F 74 65 63 68 32 00 2C 07 00 02 31 C9 03 B9 
2026/9/30 15:36:55.590 [RX] - 56 69 56 4F 74 65 63 68 32 00 2C 00 00 10 CA 00 00 00 00 00 00 00 00 00 00 00 00 00 00 00 A7 11  Read Block OK

2026/9/30 15:36:55.590 [RX] - 00 00 00 00 00 00 00 00 00 00 00 00 00 00 00 00 00 00 00 00 00 00 00 00 00 00 00 00 00 00 00  
--- Read Block #202 ---

 i = 202

2026/9/30 15:36:55.625 [TX] - 56 69 56 4F 74 65 63 68 32 00 2C 07 00 02 31 CA 33 DA 
2026/9/30 15:36:55.633 [RX] - 56 69 56 4F 74 65 63 68 32 00 2C 00 00 10 CB 00 00 00 00 00 00 00 00 00 00 00 00 00 00 00 0F 35  Read Block OK

2026/9/30 15:36:55.633 [RX] - 00 00 00 00 00 00 00 00 00 00 00 00 00 00 00 00 00 00 00 00 00 00 00 00 00 00 00 00 00 00 00  
--- Read Block #203 ---

 i = 203

2026/9/30 15:36:55.666 [TX] - 56 69 56 4F 74 65 63 68 32 00 2C 07 00 02 31 CB 23 FB 
2026/9/30 15:36:55.677 [RX] - 56 69 56 4F 74 65 63 68 32 00 2C 00 00 10 CC 00 00 00 00 00 00 00 00 00 00 00 00 00 00 00 67 AA  Read Block OK

2026/9/30 15:36:55.677 [RX] - 00 00 00 00 00 00 00 00 00 00 00 00 00 00 00 00 00 00 00 00 00 00 00 00 00 00 00 00 00 00 00  
Mifare auth - 204

2026/9/30 15:36:55.810 [TX] - 56 69 56 4F 74 65 63 68 32 00 2C 06 00 08 CC 01 FF FF FF FF FF FF 16 FD 
2026/9/30 15:36:55.822 [RX] - 56 69 56 4F 74 65 63 68 32 00 2C 00 00 00 1C 9B  PT command (OK)

2026/9/30 15:36:55.822 [RX] - 00 00 00 00 00 00 00 00 00 00 00 00 00 00 00 00 00 00 00 00 00 00 00 00 00 00 00 00 00 00 00 00 00 00 00 00 00 00 00 00 00 00 00 00 00 00 00  
--- Read Block #204 ---

 i = 204

2026/9/30 15:36:55.850 [TX] - 56 69 56 4F 74 65 63 68 32 00 2C 07 00 02 31 CC 53 1C 
2026/9/30 15:36:55.863 [RX] - 56 69 56 4F 74 65 63 68 32 00 2C 00 00 10 CD 00 00 00 00 00 00 00 00 00 00 00 00 00 00 00 CF 8E  Read Block OK

2026/9/30 15:36:55.863 [RX] - 00 00 00 00 00 00 00 00 00 00 00 00 00 00 00 00 00 00 00 00 00 00 00 00 00 00 00 00 00 00 00  
--- Read Block #205 ---

 i = 205

2026/9/30 15:36:55.908 [TX] - 56 69 56 4F 74 65 63 68 32 00 2C 07 00 02 31 CD 43 3D 
2026/9/30 15:36:55.924 [RX] - 56 69 56 4F 74 65 63 68 32 00 2C 00 00 10 CE 00 00 00 00 00 00 00 00 00 00 00 00 00 00 00 27 C3  Read Block OK

2026/9/30 15:36:55.924 [RX] - 00 00 00 00 00 00 00 00 00 00 00 00 00 00 00 00 00 00 00 00 00 00 00 00 00 00 00 00 00 00 00  
--- Read Block #206 ---

 i = 206

2026/9/30 15:36:55.953 [TX] - 56 69 56 4F 74 65 63 68 32 00 2C 07 00 02 31 CE 73 5E 
2026/9/30 15:36:55.961 [RX] - 56 69 56 4F 74 65 63 68 32 00 2C 00 00 10 CF 00 00 00 00 00 00 00 00 00 00 00 00 00 00 00 8F E7  Read Block OK

2026/9/30 15:36:55.961 [RX] - 00 00 00 00 00 00 00 00 00 00 00 00 00 00 00 00 00 00 00 00 00 00 00 00 00 00 00 00 00 00 00  
--- Read Block #207 ---

 i = 207

2026/9/30 15:36:55.992 [TX] - 56 69 56 4F 74 65 63 68 32 00 2C 07 00 02 31 CF 63 7F 
2026/9/30 15:36:56.001 [RX] - 56 69 56 4F 74 65 63 68 32 00 2C 00 00 10 00 00 00 00 00 00 FF 07 80 69 FF FF FF FF FF FF 5C 83  Read Block OK

2026/9/30 15:36:56.001 [RX] - 00 00 00 00 00 00 00 00 00 00 00 00 00 00 00 00 00 00 00 00 00 00 00 00 00 00 00 00 00 00 00  
Mifare auth - 208

2026/9/30 15:36:56.135 [TX] - 56 69 56 4F 74 65 63 68 32 00 2C 06 00 08 D0 01 FF FF FF FF FF FF 3A FE 
2026/9/30 15:36:56.147 [RX] - 56 69 56 4F 74 65 63 68 32 00 2C 00 00 00 1C 9B  PT command (OK)

2026/9/30 15:36:56.147 [RX] - 00 00 00 00 00 00 00 00 00 00 00 00 00 00 00 00 00 00 00 00 00 00 00 00 00 00 00 00 00 00 00 00 00 00 00 00 00 00 00 00 00 00 00 00 00 00 00  
--- Read Block #208 ---

 i = 208

2026/9/30 15:36:56.177 [TX] - 56 69 56 4F 74 65 63 68 32 00 2C 07 00 02 31 D0 80 A1 
2026/9/30 15:36:56.188 [RX] - 56 69 56 4F 74 65 63 68 32 00 2C 00 00 10 D1 00 00 00 00 00 00 00 00 00 00 00 00 00 00 00 7D D3  Read Block OK

2026/9/30 15:36:56.188 [RX] - 00 00 00 00 00 00 00 00 00 00 00 00 00 00 00 00 00 00 00 00 00 00 00 00 00 00 00 00 00 00 00  
--- Read Block #209 ---

 i = 209

2026/9/30 15:36:56.217 [TX] - 56 69 56 4F 74 65 63 68 32 00 2C 07 00 02 31 D1 90 80 
2026/9/30 15:36:56.225 [RX] - 56 69 56 4F 74 65 63 68 32 00 2C 00 00 10 D2 00 00 00 00 00 00 00 00 00 00 00 00 00 00 00 95 9E  Read Block OK

2026/9/30 15:36:56.225 [RX] - 00 00 00 00 00 00 00 00 00 00 00 00 00 00 00 00 00 00 00 00 00 00 00 00 00 00 00 00 00 00 00  
--- Read Block #210 ---

 i = 210

2026/9/30 15:36:56.258 [TX] - 56 69 56 4F 74 65 63 68 32 00 2C 07 00 02 31 D2 A0 E3 
2026/9/30 15:36:56.267 [RX] - 56 69 56 4F 74 65 63 68 32 00 2C 00 00 10 D3 00 00 00 00 00 00 00 00 00 00 00 00 00 00 00 3D BA  Read Block OK

2026/9/30 15:36:56.267 [RX] - 00 00 00 00 00 00 00 00 00 00 00 00 00 00 00 00 00 00 00 00 00 00 00 00 00 00 00 00 00 00 00  
--- Read Block #211 ---

 i = 211

2026/9/30 15:36:56.300 [TX] - 56 69 56 4F 74 65 63 68 32 00 2C 07 00 02 31 D3 B0 C2 
2026/9/30 15:36:56.313 [RX] - 56 69 56 4F 74 65 63 68 32 00 2C 00 00 10 D4 00 00 00 00 00 00 00 00 00 00 00 00 00 00 00 55 25  Read Block OK

2026/9/30 15:36:56.313 [RX] - 00 00 00 00 00 00 00 00 00 00 00 00 00 00 00 00 00 00 00 00 00 00 00 00 00 00 00 00 00 00 00  
Mifare auth - 212

2026/9/30 15:36:56.446 [TX] - 56 69 56 4F 74 65 63 68 32 00 2C 06 00 08 D4 01 FF FF FF FF FF FF 35 93 
2026/9/30 15:36:56.458 [RX] - 56 69 56 4F 74 65 63 68 32 00 2C 00 00 00 1C 9B  PT command (OK)

2026/9/30 15:36:56.458 [RX] - 00 00 00 00 00 00 00 00 00 00 00 00 00 00 00 00 00 00 00 00 00 00 00 00 00 00 00 00 00 00 00 00 00 00 00 00 00 00 00 00 00 00 00 00 00 00 00  
--- Read Block #212 ---

 i = 212

2026/9/30 15:36:56.488 [TX] - 56 69 56 4F 74 65 63 68 32 00 2C 07 00 02 31 D4 C0 25 
2026/9/30 15:36:56.500 [RX] - 56 69 56 4F 74 65 63 68 32 00 2C 00 00 10 D5 00 00 00 00 00 00 00 00 00 00 00 00 00 00 00 FD 01  Read Block OK

2026/9/30 15:36:56.500 [RX] - 00 00 00 00 00 00 00 00 00 00 00 00 00 00 00 00 00 00 00 00 00 00 00 00 00 00 00 00 00 00 00  
--- Read Block #213 ---

 i = 213

2026/9/30 15:36:56.530 [TX] - 56 69 56 4F 74 65 63 68 32 00 2C 07 00 02 31 D5 D0 04 
2026/9/30 15:36:56.547 [RX] - 56 69 56 4F 74 65 63 68 32 00 2C 00 00 10 D6 00 00 00 00 00 00 00 00 00 00 00 00 00 00 00 15 4C  Read Block OK

2026/9/30 15:36:56.547 [RX] - 00 00 00 00 00 00 00 00 00 00 00 00 00 00 00 00 00 00 00 00 00 00 00 00 00 00 00 00 00 00 00  
--- Read Block #214 ---

 i = 214

2026/9/30 15:36:56.576 [TX] - 56 69 56 4F 74 65 63 68 32 00 2C 07 00 02 31 D6 E0 67 
2026/9/30 15:36:56.584 [RX] - 56 69 56 4F 74 65 63 68 32 00 2C 00 00 10 D7 00 00 00 00 00 00 00 00 00 00 00 00 00 00 00 BD 68  Read Block OK

2026/9/30 15:36:56.584 [RX] - 00 00 00 00 00 00 00 00 00 00 00 00 00 00 00 00 00 00 00 00 00 00 00 00 00 00 00 00 00 00 00  
--- Read Block #215 ---

 i = 215

2026/9/30 15:36:56.617 [TX] - 56 69 56 4F 74 65 63 68 32 00 2C 07 00 02 31 D7 F0 46 
2026/9/30 15:36:56.625 [RX] - 56 69 56 4F 74 65 63 68 32 00 2C 00 00 10 D8 00 00 00 00 00 00 00 00 00 00 00 00 00 00 00 C4 72  Read Block OK

2026/9/30 15:36:56.625 [RX] - 00 00 00 00 00 00 00 00 00 00 00 00 00 00 00 00 00 00 00 00 00 00 00 00 00 00 00 00 00 00 00  
Mifare auth - 216

2026/9/30 15:36:56.759 [TX] - 56 69 56 4F 74 65 63 68 32 00 2C 06 00 08 D8 01 FF FF FF FF FF FF 24 24 
2026/9/30 15:36:56.771 [RX] - 56 69 56 4F 74 65 63 68 32 00 2C 00 00 00 1C 9B  PT command (OK)

2026/9/30 15:36:56.771 [RX] - 00 00 00 00 00 00 00 00 00 00 00 00 00 00 00 00 00 00 00 00 00 00 00 00 00 00 00 00 00 00 00 00 00 00 00 00 00 00 00 00 00 00 00 00 00 00 00  
--- Read Block #216 ---

 i = 216

2026/9/30 15:36:56.801 [TX] - 56 69 56 4F 74 65 63 68 32 00 2C 07 00 02 31 D8 01 A9 
2026/9/30 15:36:56.813 [RX] - 56 69 56 4F 74 65 63 68 32 00 2C 00 00 10 D9 00 00 00 00 00 00 00 00 00 00 00 00 00 00 00 6C 56  Read Block OK

2026/9/30 15:36:56.813 [RX] - 00 00 00 00 00 00 00 00 00 00 00 00 00 00 00 00 00 00 00 00 00 00 00 00 00 00 00 00 00 00 00  
--- Read Block #217 ---

 i = 217

2026/9/30 15:36:56.842 [TX] - 56 69 56 4F 74 65 63 68 32 00 2C 07 00 02 31 D9 11 88 
2026/9/30 15:36:56.851 [RX] - 56 69 56 4F 74 65 63 68 32 00 2C 00 00 10 DA 00 00 00 00 00 00 00 00 00 00 00 00 00 00 00 84 1B  Read Block OK

2026/9/30 15:36:56.851 [RX] - 00 00 00 00 00 00 00 00 00 00 00 00 00 00 00 00 00 00 00 00 00 00 00 00 00 00 00 00 00 00 00  
--- Read Block #218 ---

 i = 218

2026/9/30 15:36:56.884 [TX] - 56 69 56 4F 74 65 63 68 32 00 2C 07 00 02 31 DA 21 EB 
2026/9/30 15:36:56.893 [RX] - 56 69 56 4F 74 65 63 68 32 00 2C 00 00 10 DB 00 00 00 00 00 00 00 00 00 00 00 00 00 00 00 2C 3F  Read Block OK

2026/9/30 15:36:56.893 [RX] - 00 00 00 00 00 00 00 00 00 00 00 00 00 00 00 00 00 00 00 00 00 00 00 00 00 00 00 00 00 00 00  
--- Read Block #219 ---

 i = 219

2026/9/30 15:36:56.926 [TX] - 56 69 56 4F 74 65 63 68 32 00 2C 07 00 02 31 DB 31 CA 
2026/9/30 15:36:56.938 [RX] - 56 69 56 4F 74 65 63 68 32 00 2C 00 00 10 DC 00 00 00 00 00 00 00 00 00 00 00 00 00 00 00 44 A0  Read Block OK

2026/9/30 15:36:56.938 [RX] - 00 00 00 00 00 00 00 00 00 00 00 00 00 00 00 00 00 00 00 00 00 00 00 00 00 00 00 00 00 00 00  
Mifare auth - 220

2026/9/30 15:36:57.088 [TX] - 56 69 56 4F 74 65 63 68 32 00 2C 06 00 08 DC 01 FF FF FF FF FF FF 2B 49 
2026/9/30 15:36:57.100 [RX] - 56 69 56 4F 74 65 63 68 32 00 2C 00 00 00 1C 9B  PT command (OK)

2026/9/30 15:36:57.100 [RX] - 00 00 00 00 00 00 00 00 00 00 00 00 00 00 00 00 00 00 00 00 00 00 00 00 00 00 00 00 00 00 00 00 00 00 00 00 00 00 00 00 00 00 00 00 00 00 00  
--- Read Block #220 ---

 i = 220

2026/9/30 15:36:57.130 [TX] - 56 69 56 4F 74 65 63 68 32 00 2C 07 00 02 31 DC 41 2D 
2026/9/30 15:36:57.141 [RX] - 56 69 56 4F 74 65 63 68 32 00 2C 00 00 10 DD 00 00 00 00 00 00 00 00 00 00 00 00 00 00 00 EC 84  Read Block OK

2026/9/30 15:36:57.141 [RX] - 00 00 00 00 00 00 00 00 00 00 00 00 00 00 00 00 00 00 00 00 00 00 00 00 00 00 00 00 00 00 00  
--- Read Block #221 ---

 i = 221

2026/9/30 15:36:57.172 [TX] - 56 69 56 4F 74 65 63 68 32 00 2C 07 00 02 31 DD 51 0C 
2026/9/30 15:36:57.188 [RX] - 56 69 56 4F 74 65 63 68 32 00 2C 00 00 10 DE 00 00 00 00 00 00 00 00 00 00 00 00 00 00 00 04 C9  Read Block OK

2026/9/30 15:36:57.188 [RX] - 00 00 00 00 00 00 00 00 00 00 00 00 00 00 00 00 00 00 00 00 00 00 00 00 00 00 00 00 00 00 00  
--- Read Block #222 ---

 i = 222

2026/9/30 15:36:57.217 [TX] - 56 69 56 4F 74 65 63 68 32 00 2C 07 00 02 31 DE 61 6F 
2026/9/30 15:36:57.226 [RX] - 56 69 56 4F 74 65 63 68 32 00 2C 00 00 10 DF 00 00 00 00 00 00 00 00 00 00 00 00 00 00 00 AC ED  Read Block OK

2026/9/30 15:36:57.226 [RX] - 00 00 00 00 00 00 00 00 00 00 00 00 00 00 00 00 00 00 00 00 00 00 00 00 00 00 00 00 00 00 00  
--- Read Block #223 ---

 i = 223

2026/9/30 15:36:57.269 [TX] - 56 69 56 4F 74 65 63 68 32 00 2C 07 00 02 31 DF 71 4E 
2026/9/30 15:36:57.281 [RX] - 56 69 56 4F 74 65 63 68 32 00 2C 00 00 10 00 00 00 00 00 00 FF 07 80 69 FF FF FF FF FF FF 5C 83  Read Block OK

2026/9/30 15:36:57.281 [RX] - 00 00 00 00 00 00 00 00 00 00 00 00 00 00 00 00 00 00 00 00 00 00 00 00 00 00 00 00 00 00 00  
Mifare auth - 224

2026/9/30 15:36:57.414 [TX] - 56 69 56 4F 74 65 63 68 32 00 2C 06 00 08 E0 01 FF FF FF FF FF FF 7C 22 
2026/9/30 15:36:57.426 [RX] - 56 69 56 4F 74 65 63 68 32 00 2C 00 00 00 1C 9B  PT command (OK)

2026/9/30 15:36:57.426 [RX] - 00 00 00 00 00 00 00 00 00 00 00 00 00 00 00 00 00 00 00 00 00 00 00 00 00 00 00 00 00 00 00 00 00 00 00 00 00 00 00 00 00 00 00 00 00 00 00  
--- Read Block #224 ---

 i = 224

2026/9/30 15:36:57.460 [TX] - 56 69 56 4F 74 65 63 68 32 00 2C 07 00 02 31 E0 B6 F2 
2026/9/30 15:36:57.468 [RX] - 56 69 56 4F 74 65 63 68 32 00 2C 00 00 10 E1 00 00 00 00 00 00 00 00 00 00 00 00 00 00 00 18 CD  Read Block OK

2026/9/30 15:36:57.468 [RX] - 00 00 00 00 00 00 00 00 00 00 00 00 00 00 00 00 00 00 00 00 00 00 00 00 00 00 00 00 00 00 00  
--- Read Block #225 ---

 i = 225

2026/9/30 15:36:57.502 [TX] - 56 69 56 4F 74 65 63 68 32 00 2C 07 00 02 31 E1 A6 D3 
2026/9/30 15:36:57.514 [RX] - 56 69 56 4F 74 65 63 68 32 00 2C 00 00 10 E2 00 00 00 00 00 00 00 00 00 00 00 00 00 00 00 F0 80  Read Block OK

2026/9/30 15:36:57.514 [RX] - 00 00 00 00 00 00 00 00 00 00 00 00 00 00 00 00 00 00 00 00 00 00 00 00 00 00 00 00 00 00 00  
--- Read Block #226 ---

 i = 226

2026/9/30 15:36:57.559 [TX] - 56 69 56 4F 74 65 63 68 32 00 2C 07 00 02 31 E2 96 B0 
2026/9/30 15:36:57.568 [RX] - 56 69 56 4F 74 65 63 68 32 00 2C 00 00 10 E3 00 00 00 00 00 00 00 00 00 00 00 00 00 00 00 58 A4  Read Block OK

2026/9/30 15:36:57.568 [RX] - 00 00 00 00 00 00 00 00 00 00 00 00 00 00 00 00 00 00 00 00 00 00 00 00 00 00 00 00 00 00 00  
--- Read Block #227 ---

 i = 227

2026/9/30 15:36:57.602 [TX] - 56 69 56 4F 74 65 63 68 32 00 2C 07 00 02 31 E3 86 91 
2026/9/30 15:36:57.610 [RX] - 56 69 56 4F 74 65 63 68 32 00 2C 00 00 10 E4 00 00 00 00 00 00 00 00 00 00 00 00 00 00 00 30 3B  Read Block OK

2026/9/30 15:36:57.610 [RX] - 00 00 00 00 00 00 00 00 00 00 00 00 00 00 00 00 00 00 00 00 00 00 00 00 00 00 00 00 00 00 00  
Mifare auth - 228

2026/9/30 15:36:57.741 [TX] - 56 69 56 4F 74 65 63 68 32 00 2C 06 00 08 E4 01 FF FF FF FF FF FF 73 4F 
2026/9/30 15:36:57.753 [RX] - 56 69 56 4F 74 65 63 68 32 00 2C 00 00 00 1C 9B  PT command (OK)

2026/9/30 15:36:57.753 [RX] - 00 00 00 00 00 00 00 00 00 00 00 00 00 00 00 00 00 00 00 00 00 00 00 00 00 00 00 00 00 00 00 00 00 00 00 00 00 00 00 00 00 00 00 00 00 00 00  
--- Read Block #228 ---

 i = 228

2026/9/30 15:36:57.784 [TX] - 56 69 56 4F 74 65 63 68 32 00 2C 07 00 02 31 E4 F6 76 
2026/9/30 15:36:57.795 [RX] - 56 69 56 4F 74 65 63 68 32 00 2C 00 00 10 E5 00 00 00 00 00 00 00 00 00 00 00 00 00 00 00 98 1F  Read Block OK

2026/9/30 15:36:57.795 [RX] - 00 00 00 00 00 00 00 00 00 00 00 00 00 00 00 00 00 00 00 00 00 00 00 00 00 00 00 00 00 00 00  
--- Read Block #229 ---

 i = 229

2026/9/30 15:36:57.829 [TX] - 56 69 56 4F 74 65 63 68 32 00 2C 07 00 02 31 E5 E6 57 
2026/9/30 15:36:57.841 [RX] - 56 69 56 4F 74 65 63 68 32 00 2C 00 00 10 E6 00 00 00 00 00 00 00 00 00 00 00 00 00 00 00 70 52  Read Block OK

2026/9/30 15:36:57.841 [RX] - 00 00 00 00 00 00 00 00 00 00 00 00 00 00 00 00 00 00 00 00 00 00 00 00 00 00 00 00 00 00 00  
--- Read Block #230 ---

 i = 230

2026/9/30 15:36:57.878 [TX] - 56 69 56 4F 74 65 63 68 32 00 2C 07 00 02 31 E6 D6 34 
2026/9/30 15:36:57.889 [RX] - 56 69 56 4F 74 65 63 68 32 00 2C 00 00 10 E7 00 00 00 00 00 00 00 00 00 00 00 00 00 00 00 D8 76  Read Block OK

2026/9/30 15:36:57.889 [RX] - 00 00 00 00 00 00 00 00 00 00 00 00 00 00 00 00 00 00 00 00 00 00 00 00 00 00 00 00 00 00 00  
--- Read Block #231 ---

 i = 231

2026/9/30 15:36:57.918 [TX] - 56 69 56 4F 74 65 63 68 32 00 2C 07 00 02 31 E7 C6 15 
2026/9/30 15:36:57.927 [RX] - 56 69 56 4F 74 65 63 68 32 00 2C 00 00 10 E8 00 00 00 00 00 00 00 00 00 00 00 00 00 00 00 A1 6C  Read Block OK

2026/9/30 15:36:57.927 [RX] - 00 00 00 00 00 00 00 00 00 00 00 00 00 00 00 00 00 00 00 00 00 00 00 00 00 00 00 00 00 00 00  
Mifare auth - 232

2026/9/30 15:36:58.054 [TX] - 56 69 56 4F 74 65 63 68 32 00 2C 06 00 08 E8 01 FF FF FF FF FF FF 62 F8 
2026/9/30 15:36:58.066 [RX] - 56 69 56 4F 74 65 63 68 32 00 2C 00 00 00 1C 9B  PT command (OK)

2026/9/30 15:36:58.066 [RX] - 00 00 00 00 00 00 00 00 00 00 00 00 00 00 00 00 00 00 00 00 00 00 00 00 00 00 00 00 00 00 00 00 00 00 00 00 00 00 00 00 00 00 00 00 00 00 00  
--- Read Block #232 ---

 i = 232

2026/9/30 15:36:58.096 [TX] - 56 69 56 4F 74 65 63 68 32 00 2C 07 00 02 31 E8 37 FA 
2026/9/30 15:36:58.107 [RX] - 56 69 56 4F 74 65 63 68 32 00 2C 00 00 10 E9 00 00 00 00 00 00 00 00 00 00 00 00 00 00 00 09 48  Read Block OK

2026/9/30 15:36:58.107 [RX] - 00 00 00 00 00 00 00 00 00 00 00 00 00 00 00 00 00 00 00 00 00 00 00 00 00 00 00 00 00 00 00  
--- Read Block #233 ---

 i = 233

2026/9/30 15:36:58.139 [TX] - 56 69 56 4F 74 65 63 68 32 00 2C 07 00 02 31 E9 27 DB 
2026/9/30 15:36:58.154 [RX] - 56 69 56 4F 74 65 63 68 32 00 2C 00 00 10 EA 00 00 00 00 00 00 00 00 00 00 00 00 00 00 00 E1 05  Read Block OK

2026/9/30 15:36:58.154 [RX] - 00 00 00 00 00 00 00 00 00 00 00 00 00 00 00 00 00 00 00 00 00 00 00 00 00 00 00 00 00 00 00  
--- Read Block #234 ---

 i = 234

2026/9/30 15:36:58.185 [TX] - 56 69 56 4F 74 65 63 68 32 00 2C 07 00 02 31 EA 17 B8 
2026/9/30 15:36:58.201 [RX] - 56 69 56 4F 74 65 63 68 32 00 2C 00 00 10 EB 00 00 00 00 00 00 00 00 00 00 00 00 00 00 00 49 21  Read Block OK

2026/9/30 15:36:58.201 [RX] - 00 00 00 00 00 00 00 00 00 00 00 00 00 00 00 00 00 00 00 00 00 00 00 00 00 00 00 00 00 00 00  
--- Read Block #235 ---

 i = 235

2026/9/30 15:36:58.230 [TX] - 56 69 56 4F 74 65 63 68 32 00 2C 07 00 02 31 EB 07 99 
2026/9/30 15:36:58.239 [RX] - 56 69 56 4F 74 65 63 68 32 00 2C 00 00 10 EC 00 00 00 00 00 00 00 00 00 00 00 00 00 00 00 21 BE  Read Block OK

2026/9/30 15:36:58.239 [RX] - 00 00 00 00 00 00 00 00 00 00 00 00 00 00 00 00 00 00 00 00 00 00 00 00 00 00 00 00 00 00 00  
Mifare auth - 236

2026/9/30 15:36:58.366 [TX] - 56 69 56 4F 74 65 63 68 32 00 2C 06 00 08 EC 01 FF FF FF FF FF FF 6D 95 
2026/9/30 15:36:58.377 [RX] - 56 69 56 4F 74 65 63 68 32 00 2C 00 00 00 1C 9B  PT command (OK)

2026/9/30 15:36:58.377 [RX] - 00 00 00 00 00 00 00 00 00 00 00 00 00 00 00 00 00 00 00 00 00 00 00 00 00 00 00 00 00 00 00 00 00 00 00 00 00 00 00 00 00 00 00 00 00 00 00  
--- Read Block #236 ---

 i = 236

2026/9/30 15:36:58.411 [TX] - 56 69 56 4F 74 65 63 68 32 00 2C 07 00 02 31 EC 77 7E 
2026/9/30 15:36:58.419 [RX] - 56 69 56 4F 74 65 63 68 32 00 2C 00 00 10 ED 00 00 00 00 00 00 00 00 00 00 00 00 00 00 00 89 9A  Read Block OK

2026/9/30 15:36:58.419 [RX] - 00 00 00 00 00 00 00 00 00 00 00 00 00 00 00 00 00 00 00 00 00 00 00 00 00 00 00 00 00 00 00  
--- Read Block #237 ---

 i = 237

2026/9/30 15:36:58.454 [TX] - 56 69 56 4F 74 65 63 68 32 00 2C 07 00 02 31 ED 67 5F 
2026/9/30 15:36:58.465 [RX] - 56 69 56 4F 74 65 63 68 32 00 2C 00 00 10 EE 00 00 00 00 00 00 00 00 00 00 00 00 00 00 00 61 D7  Read Block OK

2026/9/30 15:36:58.465 [RX] - 00 00 00 00 00 00 00 00 00 00 00 00 00 00 00 00 00 00 00 00 00 00 00 00 00 00 00 00 00 00 00  
--- Read Block #238 ---

 i = 238

2026/9/30 15:36:58.502 [TX] - 56 69 56 4F 74 65 63 68 32 00 2C 07 00 02 31 EE 57 3C 
2026/9/30 15:36:58.512 [RX] - 56 69 56 4F 74 65 63 68 32 00 2C 00 00 10 EF 00 00 00 00 00 00 00 00 00 00 00 00 00 00 00 C9 F3  Read Block OK

2026/9/30 15:36:58.512 [RX] - 00 00 00 00 00 00 00 00 00 00 00 00 00 00 00 00 00 00 00 00 00 00 00 00 00 00 00 00 00 00 00  
--- Read Block #239 ---

 i = 239

2026/9/30 15:36:58.545 [TX] - 56 69 56 4F 74 65 63 68 32 00 2C 07 00 02 31 EF 47 1D 
2026/9/30 15:36:58.558 [RX] - 56 69 56 4F 74 65 63 68 32 00 2C 00 00 10 00 00 00 00 00 00 FF 07 80 69 FF FF FF FF FF FF 5C 83  Read Block OK

2026/9/30 15:36:58.558 [RX] - 00 00 00 00 00 00 00 00 00 00 00 00 00 00 00 00 00 00 00 00 00 00 00 00 00 00 00 00 00 00 00  
Mifare auth - 240

2026/9/30 15:36:58.693 [TX] - 56 69 56 4F 74 65 63 68 32 00 2C 06 00 08 F0 01 FF FF FF FF FF FF 41 96 
2026/9/30 15:36:58.705 [RX] - 56 69 56 4F 74 65 63 68 32 00 2C 00 00 00 1C 9B  PT command (OK)

2026/9/30 15:36:58.705 [RX] - 00 00 00 00 00 00 00 00 00 00 00 00 00 00 00 00 00 00 00 00 00 00 00 00 00 00 00 00 00 00 00 00 00 00 00 00 00 00 00 00 00 00 00 00 00 00 00  
--- Read Block #240 ---

 i = 240

2026/9/30 15:36:58.735 [TX] - 56 69 56 4F 74 65 63 68 32 00 2C 07 00 02 31 F0 A4 C3 
2026/9/30 15:36:58.745 [RX] - 56 69 56 4F 74 65 63 68 32 00 2C 00 00 10 F1 00 00 00 00 00 00 00 00 00 00 00 00 00 00 00 3B C7  Read Block OK

2026/9/30 15:36:58.745 [RX] - 00 00 00 00 00 00 00 00 00 00 00 00 00 00 00 00 00 00 00 00 00 00 00 00 00 00 00 00 00 00 00  
--- Read Block #241 ---

 i = 241

2026/9/30 15:36:58.778 [TX] - 56 69 56 4F 74 65 63 68 32 00 2C 07 00 02 31 F1 B4 E2 
2026/9/30 15:36:58.793 [RX] - 56 69 56 4F 74 65 63 68 32 00 2C 00 00 10 F2 00 00 00 00 00 00 00 00 00 00 00 00 00 00 00 D3 8A  Read Block OK

2026/9/30 15:36:58.793 [RX] - 00 00 00 00 00 00 00 00 00 00 00 00 00 00 00 00 00 00 00 00 00 00 00 00 00 00 00 00 00 00 00  
--- Read Block #242 ---

 i = 242

2026/9/30 15:36:58.824 [TX] - 56 69 56 4F 74 65 63 68 32 00 2C 07 00 02 31 F2 84 81 
2026/9/30 15:36:58.839 [RX] - 56 69 56 4F 74 65 63 68 32 00 2C 00 00 10 F3 00 00 00 00 00 00 00 00 00 00 00 00 00 00 00 7B AE  Read Block OK

2026/9/30 15:36:58.839 [RX] - 00 00 00 00 00 00 00 00 00 00 00 00 00 00 00 00 00 00 00 00 00 00 00 00 00 00 00 00 00 00 00  
--- Read Block #243 ---

 i = 243

2026/9/30 15:36:58.885 [TX] - 56 69 56 4F 74 65 63 68 32 00 2C 07 00 02 31 F3 94 A0 
2026/9/30 15:36:58.902 [RX] - 56 69 56 4F 74 65 63 68 32 00 2C 00 00 10 F4 00 00 00 00 00 00 00 00 00 00 00 00 00 00 00 13 31  Read Block OK

2026/9/30 15:36:58.902 [RX] - 00 00 00 00 00 00 00 00 00 00 00 00 00 00 00 00 00 00 00 00 00 00 00 00 00 00 00 00 00 00 00  
Mifare auth - 244

2026/9/30 15:36:59.036 [TX] - 56 69 56 4F 74 65 63 68 32 00 2C 06 00 08 F4 01 FF FF FF FF FF FF 4E FB 
2026/9/30 15:36:59.048 [RX] - 56 69 56 4F 74 65 63 68 32 00 2C 00 00 00 1C 9B  PT command (OK)

2026/9/30 15:36:59.048 [RX] - 00 00 00 00 00 00 00 00 00 00 00 00 00 00 00 00 00 00 00 00 00 00 00 00 00 00 00 00 00 00 00 00 00 00 00 00 00 00 00 00 00 00 00 00 00 00 00  
--- Read Block #244 ---

 i = 244

2026/9/30 15:36:59.085 [TX] - 56 69 56 4F 74 65 63 68 32 00 2C 07 00 02 31 F4 E4 47 
2026/9/30 15:36:59.093 [RX] - 56 69 56 4F 74 65 63 68 32 00 2C 00 00 10 F5 00 00 00 00 00 00 00 00 00 00 00 00 00 00 00 BB 15  Read Block OK

2026/9/30 15:36:59.093 [RX] - 00 00 00 00 00 00 00 00 00 00 00 00 00 00 00 00 00 00 00 00 00 00 00 00 00 00 00 00 00 00 00  
--- Read Block #245 ---

 i = 245

2026/9/30 15:36:59.128 [TX] - 56 69 56 4F 74 65 63 68 32 00 2C 07 00 02 31 F5 F4 66 
2026/9/30 15:36:59.137 [RX] - 56 69 56 4F 74 65 63 68 32 00 2C 00 00 10 F6 00 00 00 00 00 00 00 00 00 00 00 00 00 00 00 53 58  Read Block OK

2026/9/30 15:36:59.137 [RX] - 00 00 00 00 00 00 00 00 00 00 00 00 00 00 00 00 00 00 00 00 00 00 00 00 00 00 00 00 00 00 00  
--- Read Block #246 ---

 i = 246

2026/9/30 15:36:59.171 [TX] - 56 69 56 4F 74 65 63 68 32 00 2C 07 00 02 31 F6 C4 05 
2026/9/30 15:36:59.183 [RX] - 56 69 56 4F 74 65 63 68 32 00 2C 00 00 10 F7 00 00 00 00 00 00 00 00 00 00 00 00 00 00 00 FB 7C  Read Block OK

2026/9/30 15:36:59.183 [RX] - 00 00 00 00 00 00 00 00 00 00 00 00 00 00 00 00 00 00 00 00 00 00 00 00 00 00 00 00 00 00 00  
--- Read Block #247 ---

 i = 247

2026/9/30 15:36:59.213 [TX] - 56 69 56 4F 74 65 63 68 32 00 2C 07 00 02 31 F7 D4 24 
2026/9/30 15:36:59.222 [RX] - 56 69 56 4F 74 65 63 68 32 00 2C 00 00 10 F8 00 00 00 00 00 00 00 00 00 00 00 00 00 00 00 82 66  Read Block OK

2026/9/30 15:36:59.222 [RX] - 00 00 00 00 00 00 00 00 00 00 00 00 00 00 00 00 00 00 00 00 00 00 00 00 00 00 00 00 00 00 00  
Mifare auth - 248

2026/9/30 15:36:59.348 [TX] - 56 69 56 4F 74 65 63 68 32 00 2C 06 00 08 F8 01 FF FF FF FF FF FF 5F 4C 
2026/9/30 15:36:59.360 [RX] - 56 69 56 4F 74 65 63 68 32 00 2C 00 00 00 1C 9B  PT command (OK)

2026/9/30 15:36:59.360 [RX] - 00 00 00 00 00 00 00 00 00 00 00 00 00 00 00 00 00 00 00 00 00 00 00 00 00 00 00 00 00 00 00 00 00 00 00 00 00 00 00 00 00 00 00 00 00 00 00  
--- Read Block #248 ---

 i = 248

2026/9/30 15:36:59.395 [TX] - 56 69 56 4F 74 65 63 68 32 00 2C 07 00 02 31 F8 25 CB 
2026/9/30 15:36:59.404 [RX] - 56 69 56 4F 74 65 63 68 32 00 2C 00 00 10 F9 00 00 00 00 00 00 00 00 00 00 00 00 00 00 00 2A 42  Read Block OK

2026/9/30 15:36:59.404 [RX] - 00 00 00 00 00 00 00 00 00 00 00 00 00 00 00 00 00 00 00 00 00 00 00 00 00 00 00 00 00 00 00  
--- Read Block #249 ---

 i = 249

2026/9/30 15:36:59.437 [TX] - 56 69 56 4F 74 65 63 68 32 00 2C 07 00 02 31 F9 35 EA 
2026/9/30 15:36:59.449 [RX] - 56 69 56 4F 74 65 63 68 32 00 2C 00 00 10 FA 00 00 00 00 00 00 00 00 00 00 00 00 00 00 00 C2 0F  Read Block OK

2026/9/30 15:36:59.449 [RX] - 00 00 00 00 00 00 00 00 00 00 00 00 00 00 00 00 00 00 00 00 00 00 00 00 00 00 00 00 00 00 00  
--- Read Block #250 ---

 i = 250

2026/9/30 15:36:59.478 [TX] - 56 69 56 4F 74 65 63 68 32 00 2C 07 00 02 31 FA 05 89 
2026/9/30 15:36:59.487 [RX] - 56 69 56 4F 74 65 63 68 32 00 2C 00 00 10 FB 00 00 00 00 00 00 00 00 00 00 00 00 00 00 00 6A 2B  Read Block OK

2026/9/30 15:36:59.487 [RX] - 00 00 00 00 00 00 00 00 00 00 00 00 00 00 00 00 00 00 00 00 00 00 00 00 00 00 00 00 00 00 00  
--- Read Block #251 ---

 i = 251

2026/9/30 15:36:59.521 [TX] - 56 69 56 4F 74 65 63 68 32 00 2C 07 00 02 31 FB 15 A8 
2026/9/30 15:36:59.530 [RX] - 56 69 56 4F 74 65 63 68 32 00 2C 00 00 10 FC 00 00 00 00 00 00 00 00 00 00 00 00 00 00 00 02 B4  Read Block OK

2026/9/30 15:36:59.530 [RX] - 00 00 00 00 00 00 00 00 00 00 00 00 00 00 00 00 00 00 00 00 00 00 00 00 00 00 00 00 00 00 00  
Mifare auth - 252

2026/9/30 15:36:59.661 [TX] - 56 69 56 4F 74 65 63 68 32 00 2C 06 00 08 FC 01 FF FF FF FF FF FF 50 21 
2026/9/30 15:36:59.673 [RX] - 56 69 56 4F 74 65 63 68 32 00 2C 00 00 00 1C 9B  PT command (OK)

2026/9/30 15:36:59.673 [RX] - 00 00 00 00 00 00 00 00 00 00 00 00 00 00 00 00 00 00 00 00 00 00 00 00 00 00 00 00 00 00 00 00 00 00 00 00 00 00 00 00 00 00 00 00 00 00 00  
--- Read Block #252 ---

 i = 252

2026/9/30 15:36:59.711 [TX] - 56 69 56 4F 74 65 63 68 32 00 2C 07 00 02 31 FC 65 4F 
2026/9/30 15:36:59.720 [RX] - 56 69 56 4F 74 65 63 68 32 00 2C 00 00 10 FD 00 00 00 00 00 00 00 00 00 00 00 00 00 00 00 AA 90  Read Block OK

2026/9/30 15:36:59.720 [RX] - 00 00 00 00 00 00 00 00 00 00 00 00 00 00 00 00 00 00 00 00 00 00 00 00 00 00 00 00 00 00 00  
--- Read Block #253 ---

 i = 253

2026/9/30 15:36:59.755 [TX] - 56 69 56 4F 74 65 63 68 32 00 2C 07 00 02 31 FD 75 6E 
2026/9/30 15:36:59.763 [RX] - 56 69 56 4F 74 65 63 68 32 00 2C 00 00 10 FE 00 00 00 00 00 00 00 00 00 00 00 00 00 00 00 42 DD  Read Block OK

2026/9/30 15:36:59.763 [RX] - 00 00 00 00 00 00 00 00 00 00 00 00 00 00 00 00 00 00 00 00 00 00 00 00 00 00 00 00 00 00 00  
--- Read Block #254 ---

 i = 254

2026/9/30 15:36:59.798 [TX] - 56 69 56 4F 74 65 63 68 32 00 2C 07 00 02 31 FE 45 0D 
2026/9/30 15:36:59.807 [RX] - 56 69 56 4F 74 65 63 68 32 00 2C 00 00 10 FF 00 00 00 00 00 00 00 00 00 00 00 00 00 00 00 EA F9  Read Block OK

2026/9/30 15:36:59.807 [RX] - 00 00 00 00 00 00 00 00 00 00 00 00 00 00 00 00 00 00 00 00 00 00 00 00 00 00 00 00 00 00 00  
--- Read Block #255 ---

 i = 255

2026/9/30 15:36:59.846 [TX] - 56 69 56 4F 74 65 63 68 32 00 2C 07 00 02 31 FF 55 2C 
2026/9/30 15:36:59.855 [RX] - 56 69 56 4F 74 65 63 68 32 00 2C 00 00 10 00 00 00 00 00 00 FF 07 80 BC FF FF FF FF FF FF 64 4A  Read Block OK

2026/9/30 15:36:59.855 [RX] - 00 00 00 00 00 00 00 00 00 00 00 00 00 00 00 00 00 00 00 00 00 00 00 00 00 00 00 00 00 00 00  
PASSED = 256
FAILED = 0

2026/9/30 15:36:59.879 [TX] - 56 69 56 4F 74 65 63 68 32 00 2C 01 00 01 00 0D 38 
2026/9/30 15:36:59.892 [RX] - 56 69 56 4F 74 65 63 68 32 00 2C 00 00 00 1C 9B  PT command (OK)

2026/9/30 15:36:59.892 [RX] - 00 00 00 00 00 00 00 00 00 00 00 00 00 00 00 00 00 00 00 00 00 00 00 00 00 00 00 00 00 00 00 00 00 00 00 00 00 00 00 00 00 00 00 00 00 00 00  Result = PASSED
 ---------- END OF TEST ----------

 

 MASTER RESULT = PASSED


Docklight Log File (HEX) - Stopped 2026/9/30 15:37:05.020 

